record_id,crop_name,layer_number,depth_start_cm,depth_end_cm,ph,ec_ds_m,organic_carbon_pct,available_n_kg_ha,available_p_kg_ha,available_k_kg_ha,sulphur_ppm,zinc_ppm,iron_ppm,soil_texture,n_status,p_status,k_status,n_requirement_kg_acre,p_requirement_kg_acre,k_requirement_kg_acre,rec_urea_kg_acre,rec_dap_kg_acre,rec_mop_kg_acre,rec_ssp_kg_acre,rec_zinc_sulphate_kg_acre,rec_gypsum_kg_acre,priority_nutrient,caution_flag,provenance_source,provenance_citation
SOIL_REC_00001,Wheat,1,0,15,5.87,2.13,0.38,189.8,10.3,356.6,19.3,1.14,2.8,Red soil,Low,Medium,High,62.5,25.0,0.0,135.9,0.0,0.0,156.2,0.0,0.0,Nitrogen,ACIDIC_PH;ELEVATED_SALINITY,"ICAR-IISS / Soil Health Card Portal (DAC&FW, GoI)",ICAR Soil Test Crop Response (STCR) Database & National Fertilizer Guidelines 2024-25
SOIL_REC_00002,Wheat,2,15,30,5.81,0.8,0.54,300.5,27.1,256.9,15.7,0.92,5.14,Red soil,Medium,High,Medium,50.0,0.0,16.0,108.7,0.0,26.7,0.0,0.0,0.0,Nitrogen,ACIDIC_PH,"ICAR-IISS / Soil Health Card Portal (DAC&FW, GoI)",ICAR Soil Test Crop Response (STCR) Database & National Fertilizer Guidelines 2024-25
SOIL_REC_00003,Wheat,3,30,60,8.37,2.17,0.15,165.7,8.8,83.8,25.4,0.36,6.11,Red soil,Low,Low,Low,62.5,32.5,20.0,108.3,70.7,40.0,0.0,10.0,0.0,Zinc,HIGH_EC_SALINITY;ALKALINE_PH;ELEVATED_SALINITY,"ICAR-IISS / Soil Health Card Portal (DAC&FW, GoI)",ICAR Soil Test Crop Response (STCR) Database & National Fertilizer Guidelines 2024-25
SOIL_REC_00004,Wheat,1,0,15,8.3,1.77,0.92,484.9,28.5,440.3,14.6,1.08,10.38,Clay loam,Medium,High,High,45.0,0.0,0.0,97.8,0.0,0.0,0.0,0.0,0.0,Nitrogen,ALKALINE_PH,"ICAR-IISS / Soil Health Card Portal (DAC&FW, GoI)",ICAR Soil Test Crop Response (STCR) Database & National Fertilizer Guidelines 2024-25
SOIL_REC_00005,Wheat,2,15,30,7.54,2.44,0.52,354.2,5.9,129.0,12.1,0.33,4.71,Clay loam,Medium,Low,Low,50.0,32.5,20.0,81.1,70.7,40.0,0.0,10.0,0.0,Phosphorus,HIGH_EC_SALINITY;ELEVATED_SALINITY,"ICAR-IISS / Soil Health Card Portal (DAC&FW, GoI)",ICAR Soil Test Crop Response (STCR) Database & National Fertilizer Guidelines 2024-25
SOIL_REC_00006,Wheat,3,30,60,5.83,0.92,0.38,151.2,10.8,82.7,11.5,1.7,8.66,Clay loam,Low,Medium,Low,62.5,25.0,20.0,135.9,0.0,33.3,156.2,0.0,0.0,Nitrogen,ACIDIC_PH,"ICAR-IISS / Soil Health Card Portal (DAC&FW, GoI)",ICAR Soil Test Crop Response (STCR) Database & National Fertilizer Guidelines 2024-25
SOIL_REC_00007,Wheat,1,0,15,7.6,1.59,0.38,351.1,17.3,423.1,23.3,0.55,5.58,Alluvial,Medium,Medium,High,50.0,25.0,0.0,87.4,54.3,0.0,0.0,10.0,0.0,Zinc,NONE,"ICAR-IISS / Soil Health Card Portal (DAC&FW, GoI)",ICAR Soil Test Crop Response (STCR) Database & National Fertilizer Guidelines 2024-25
SOIL_REC_00008,Wheat,2,15,30,8.04,0.35,0.7,391.9,17.1,85.4,29.6,1.11,9.32,Alluvial,Medium,Medium,Low,50.0,25.0,20.0,87.4,54.3,33.3,0.0,0.0,0.0,Potassium,ALKALINE_PH,"ICAR-IISS / Soil Health Card Portal (DAC&FW, GoI)",ICAR Soil Test Crop Response (STCR) Database & National Fertilizer Guidelines 2024-25
SOIL_REC_00009,Wheat,3,30,60,6.2,1.5,0.5,220.7,6.0,70.1,24.9,1.06,9.6,Alluvial,Low,Low,Low,62.5,32.5,20.0,108.3,70.7,33.3,0.0,0.0,0.0,Nitrogen,NONE,"ICAR-IISS / Soil Health Card Portal (DAC&FW, GoI)",ICAR Soil Test Crop Response (STCR) Database & National Fertilizer Guidelines 2024-25
SOIL_REC_00010,Wheat,1,0,15,8.46,1.24,0.36,618.8,27.4,122.7,5.3,0.38,8.46,Black soil,High,High,Low,20.0,0.0,20.0,43.5,0.0,33.3,0.0,10.0,0.0,Potassium,ALKALINE_PH,"ICAR-IISS / Soil Health Card Portal (DAC&FW, GoI)",ICAR Soil Test Crop Response (STCR) Database & National Fertilizer Guidelines 2024-25
SOIL_REC_00011,Wheat,2,15,30,8.11,1.3,0.16,233.1,35.9,210.4,31.2,1.58,2.61,Black soil,Low,High,Medium,62.5,0.0,16.0,135.9,0.0,26.7,0.0,0.0,0.0,Nitrogen,ALKALINE_PH,"ICAR-IISS / Soil Health Card Portal (DAC&FW, GoI)",ICAR Soil Test Crop Response (STCR) Database & National Fertilizer Guidelines 2024-25
SOIL_REC_00012,Wheat,3,30,60,7.88,1.97,0.33,126.7,16.5,65.1,16.2,0.93,11.56,Black soil,Low,Medium,Low,62.5,25.0,20.0,114.6,54.3,33.3,0.0,0.0,0.0,Nitrogen,ELEVATED_SALINITY,"ICAR-IISS / Soil Health Card Portal (DAC&FW, GoI)",ICAR Soil Test Crop Response (STCR) Database & National Fertilizer Guidelines 2024-25
SOIL_REC_00013,Wheat,1,0,15,6.37,1.5,0.32,576.3,42.6,197.4,21.9,1.17,3.95,Red soil,High,High,Medium,20.0,0.0,16.0,43.5,0.0,26.7,0.0,0.0,0.0,Nitrogen,NONE,"ICAR-IISS / Soil Health Card Portal (DAC&FW, GoI)",ICAR Soil Test Crop Response (STCR) Database & National Fertilizer Guidelines 2024-25
SOIL_REC_00014,Wheat,2,15,30,8.02,1.6,0.67,288.9,4.5,155.0,4.5,1.69,10.85,Red soil,Medium,Low,Medium,50.0,32.5,16.0,81.1,70.7,26.7,0.0,0.0,0.0,Phosphorus,ALKALINE_PH,"ICAR-IISS / Soil Health Card Portal (DAC&FW, GoI)",ICAR Soil Test Crop Response (STCR) Database & National Fertilizer Guidelines 2024-25
SOIL_REC_00015,Wheat,3,30,60,8.24,1.0,0.1,279.5,22.9,60.4,17.6,0.31,9.73,Red soil,Low,Medium,Low,62.5,25.0,20.0,114.6,54.3,33.3,0.0,10.0,0.0,Zinc,ALKALINE_PH,"ICAR-IISS / Soil Health Card Portal (DAC&FW, GoI)",ICAR Soil Test Crop Response (STCR) Database & National Fertilizer Guidelines 2024-25
SOIL_REC_00016,Wheat,1,0,15,5.92,1.44,0.67,252.5,42.6,242.3,9.9,1.06,9.43,Loam,Low,High,Medium,62.5,0.0,16.0,135.9,0.0,26.7,0.0,0.0,0.0,Nitrogen,ACIDIC_PH,"ICAR-IISS / Soil Health Card Portal (DAC&FW, GoI)",ICAR Soil Test Crop Response (STCR) Database & National Fertilizer Guidelines 2024-25
SOIL_REC_00017,Wheat,2,15,30,6.16,1.01,0.82,333.7,18.3,207.2,7.4,0.56,5.71,Loam,Medium,Medium,Medium,45.0,25.0,16.0,97.8,0.0,26.7,156.2,10.0,0.0,Zinc,NONE,"ICAR-IISS / Soil Health Card Portal (DAC&FW, GoI)",ICAR Soil Test Crop Response (STCR) Database & National Fertilizer Guidelines 2024-25
SOIL_REC_00018,Wheat,3,30,60,7.44,0.8,0.18,77.7,16.3,86.2,29.4,1.58,3.17,Loam,Low,Medium,Low,62.5,25.0,20.0,114.6,54.3,33.3,0.0,0.0,0.0,Nitrogen,NONE,"ICAR-IISS / Soil Health Card Portal (DAC&FW, GoI)",ICAR Soil Test Crop Response (STCR) Database & National Fertilizer Guidelines 2024-25
SOIL_REC_00019,Wheat,1,0,15,6.42,1.46,0.66,481.7,43.1,297.4,10.8,0.96,6.37,Loam,Medium,High,Medium,50.0,0.0,16.0,108.7,0.0,26.7,0.0,0.0,0.0,Nitrogen,NONE,"ICAR-IISS / Soil Health Card Portal (DAC&FW, GoI)",ICAR Soil Test Crop Response (STCR) Database & National Fertilizer Guidelines 2024-25
SOIL_REC_00020,Wheat,2,15,30,5.81,1.91,0.36,244.2,31.7,82.1,22.3,1.23,3.08,Loam,Low,High,Low,62.5,0.0,20.0,135.9,0.0,33.3,0.0,0.0,0.0,Nitrogen,ACIDIC_PH;ELEVATED_SALINITY,"ICAR-IISS / Soil Health Card Portal (DAC&FW, GoI)",ICAR Soil Test Crop Response (STCR) Database & National Fertilizer Guidelines 2024-25
SOIL_REC_00021,Wheat,3,30,60,7.9,2.28,0.13,107.9,14.3,70.2,9.1,0.94,10.81,Loam,Low,Medium,Low,62.5,25.0,20.0,114.6,54.3,40.0,0.0,0.0,0.0,Nitrogen,HIGH_EC_SALINITY;ELEVATED_SALINITY,"ICAR-IISS / Soil Health Card Portal (DAC&FW, GoI)",ICAR Soil Test Crop Response (STCR) Database & National Fertilizer Guidelines 2024-25
SOIL_REC_00022,Wheat,1,0,15,6.96,2.44,0.67,145.3,48.0,391.0,31.1,1.68,10.56,Sandy loam,Low,High,High,62.5,0.0,0.0,135.9,0.0,0.0,0.0,0.0,0.0,Nitrogen,ELEVATED_SALINITY;HIGH_LEACHING_TEXTURE,"ICAR-IISS / Soil Health Card Portal (DAC&FW, GoI)",ICAR Soil Test Crop Response (STCR) Database & National Fertilizer Guidelines 2024-25
SOIL_REC_00023,Wheat,2,15,30,6.05,1.46,0.26,240.4,6.3,169.8,31.6,0.62,9.95,Sandy loam,Low,Low,Medium,62.5,32.5,16.0,135.9,0.0,26.7,203.1,0.0,0.0,Nitrogen,HIGH_LEACHING_TEXTURE,"ICAR-IISS / Soil Health Card Portal (DAC&FW, GoI)",ICAR Soil Test Crop Response (STCR) Database & National Fertilizer Guidelines 2024-25
SOIL_REC_00024,Wheat,3,30,60,7.0,1.3,0.53,308.9,14.7,174.3,8.3,0.67,11.7,Sandy loam,Medium,Medium,Medium,50.0,25.0,16.0,87.4,54.3,26.7,0.0,0.0,0.0,Nitrogen,HIGH_LEACHING_TEXTURE,"ICAR-IISS / Soil Health Card Portal (DAC&FW, GoI)",ICAR Soil Test Crop Response (STCR) Database & National Fertilizer Guidelines 2024-25
SOIL_REC_00025,Wheat,1,0,15,7.93,0.36,0.45,145.1,26.0,421.0,18.9,0.29,7.32,Alluvial,Low,High,High,62.5,0.0,0.0,135.9,0.0,0.0,0.0,10.0,0.0,Zinc,NONE,"ICAR-IISS / Soil Health Card Portal (DAC&FW, GoI)",ICAR Soil Test Crop Response (STCR) Database & National Fertilizer Guidelines 2024-25
SOIL_REC_00026,Wheat,2,15,30,8.31,0.38,0.16,413.2,17.2,321.7,20.0,1.13,2.88,Alluvial,Medium,Medium,Medium,50.0,25.0,16.0,87.4,54.3,26.7,0.0,0.0,0.0,Nitrogen,ALKALINE_PH,"ICAR-IISS / Soil Health Card Portal (DAC&FW, GoI)",ICAR Soil Test Crop Response (STCR) Database & National Fertilizer Guidelines 2024-25
SOIL_REC_00027,Wheat,3,30,60,5.77,1.91,0.34,139.1,8.5,165.6,12.8,0.62,3.74,Alluvial,Low,Low,Medium,62.5,32.5,16.0,135.9,0.0,26.7,203.1,0.0,0.0,Nitrogen,ACIDIC_PH;ELEVATED_SALINITY,"ICAR-IISS / Soil Health Card Portal (DAC&FW, GoI)",ICAR Soil Test Crop Response (STCR) Database & National Fertilizer Guidelines 2024-25
SOIL_REC_00028,Wheat,1,0,15,6.49,1.02,0.86,156.3,25.2,449.4,31.9,0.32,4.52,Red soil,Low,High,High,57.5,0.0,0.0,125.0,0.0,0.0,0.0,10.0,0.0,Zinc,NONE,"ICAR-IISS / Soil Health Card Portal (DAC&FW, GoI)",ICAR Soil Test Crop Response (STCR) Database & National Fertilizer Guidelines 2024-25
SOIL_REC_00029,Wheat,2,15,30,6.38,2.63,0.74,419.7,16.1,110.1,27.3,1.33,8.31,Red soil,Medium,Medium,Low,50.0,25.0,20.0,87.4,54.3,40.0,0.0,0.0,0.0,Potassium,HIGH_EC_SALINITY;ELEVATED_SALINITY,"ICAR-IISS / Soil Health Card Portal (DAC&FW, GoI)",ICAR Soil Test Crop Response (STCR) Database & National Fertilizer Guidelines 2024-25
SOIL_REC_00030,Wheat,3,30,60,8.76,1.9,0.08,264.3,9.3,164.4,30.3,0.41,3.6,Red soil,Low,Low,Medium,62.5,32.5,16.0,108.3,70.7,26.7,0.0,10.0,0.0,Zinc,ALKALINE_PH;ELEVATED_SALINITY,"ICAR-IISS / Soil Health Card Portal (DAC&FW, GoI)",ICAR Soil Test Crop Response (STCR) Database & National Fertilizer Guidelines 2024-25
SOIL_REC_00031,Wheat,1,0,15,7.95,0.6,0.42,225.3,20.4,337.5,27.9,1.01,4.89,Sandy loam,Low,Medium,High,62.5,25.0,0.0,114.6,54.3,0.0,0.0,0.0,0.0,Nitrogen,HIGH_LEACHING_TEXTURE,"ICAR-IISS / Soil Health Card Portal (DAC&FW, GoI)",ICAR Soil Test Crop Response (STCR) Database & National Fertilizer Guidelines 2024-25
SOIL_REC_00032,Wheat,2,15,30,8.5,0.33,0.56,401.0,5.9,157.6,7.7,1.77,4.04,Sandy loam,Medium,Low,Medium,50.0,32.5,16.0,81.1,70.7,26.7,0.0,0.0,0.0,Phosphorus,ALKALINE_PH;HIGH_LEACHING_TEXTURE,"ICAR-IISS / Soil Health Card Portal (DAC&FW, GoI)",ICAR Soil Test Crop Response (STCR) Database & National Fertilizer Guidelines 2024-25
SOIL_REC_00033,Wheat,3,30,60,6.96,2.03,0.34,88.0,22.8,169.4,8.2,0.26,6.01,Sandy loam,Low,Medium,Medium,62.5,25.0,16.0,114.6,54.3,32.0,0.0,10.0,0.0,Zinc,HIGH_EC_SALINITY;ELEVATED_SALINITY;HIGH_LEACHING_TEXTURE,"ICAR-IISS / Soil Health Card Portal (DAC&FW, GoI)",ICAR Soil Test Crop Response (STCR) Database & National Fertilizer Guidelines 2024-25
SOIL_REC_00034,Wheat,1,0,15,5.99,0.53,0.44,569.5,39.4,399.9,29.2,0.54,4.87,Alluvial,High,High,High,20.0,0.0,0.0,43.5,0.0,0.0,0.0,10.0,0.0,Zinc,ACIDIC_PH,"ICAR-IISS / Soil Health Card Portal (DAC&FW, GoI)",ICAR Soil Test Crop Response (STCR) Database & National Fertilizer Guidelines 2024-25
SOIL_REC_00035,Wheat,2,15,30,5.84,2.23,0.74,242.4,24.1,109.2,30.0,1.58,11.77,Alluvial,Low,Medium,Low,62.5,25.0,20.0,135.9,0.0,40.0,156.2,0.0,0.0,Nitrogen,HIGH_EC_SALINITY;ACIDIC_PH;ELEVATED_SALINITY,"ICAR-IISS / Soil Health Card Portal (DAC&FW, GoI)",ICAR Soil Test Crop Response (STCR) Database & National Fertilizer Guidelines 2024-25
SOIL_REC_00036,Wheat,3,30,60,8.18,2.49,0.09,244.1,10.0,212.5,26.5,1.58,10.2,Alluvial,Low,Medium,Medium,62.5,25.0,16.0,114.6,54.3,32.0,0.0,0.0,0.0,Nitrogen,HIGH_EC_SALINITY;ALKALINE_PH;ELEVATED_SALINITY,"ICAR-IISS / Soil Health Card Portal (DAC&FW, GoI)",ICAR Soil Test Crop Response (STCR) Database & National Fertilizer Guidelines 2024-25
SOIL_REC_00037,Wheat,1,0,15,6.03,2.02,0.51,139.4,25.8,161.8,29.7,0.76,10.3,Clay loam,Low,High,Medium,62.5,0.0,16.0,135.9,0.0,32.0,0.0,0.0,0.0,Nitrogen,HIGH_EC_SALINITY;ELEVATED_SALINITY,"ICAR-IISS / Soil Health Card Portal (DAC&FW, GoI)",ICAR Soil Test Crop Response (STCR) Database & National Fertilizer Guidelines 2024-25
SOIL_REC_00038,Wheat,2,15,30,8.38,0.78,0.58,239.4,13.3,86.2,25.7,0.76,7.34,Clay loam,Low,Medium,Low,62.5,25.0,20.0,114.6,54.3,33.3,0.0,0.0,0.0,Nitrogen,ALKALINE_PH,"ICAR-IISS / Soil Health Card Portal (DAC&FW, GoI)",ICAR Soil Test Crop Response (STCR) Database & National Fertilizer Guidelines 2024-25
SOIL_REC_00039,Wheat,3,30,60,7.74,2.39,0.23,66.9,21.4,92.0,20.3,1.77,2.86,Clay loam,Low,Medium,Low,62.5,25.0,20.0,114.6,54.3,40.0,0.0,0.0,0.0,Nitrogen,HIGH_EC_SALINITY;ELEVATED_SALINITY,"ICAR-IISS / Soil Health Card Portal (DAC&FW, GoI)",ICAR Soil Test Crop Response (STCR) Database & National Fertilizer Guidelines 2024-25
SOIL_REC_00040,Wheat,1,0,15,6.93,2.09,0.45,423.1,27.5,228.7,20.1,0.61,9.23,Alluvial,Medium,High,Medium,50.0,0.0,16.0,108.7,0.0,32.0,0.0,0.0,0.0,Nitrogen,HIGH_EC_SALINITY;ELEVATED_SALINITY,"ICAR-IISS / Soil Health Card Portal (DAC&FW, GoI)",ICAR Soil Test Crop Response (STCR) Database & National Fertilizer Guidelines 2024-25
SOIL_REC_00041,Wheat,2,15,30,5.51,2.61,0.5,359.8,27.9,248.6,14.2,0.31,8.81,Alluvial,Medium,High,Medium,50.0,0.0,16.0,108.7,0.0,32.0,0.0,10.0,0.0,Zinc,HIGH_EC_SALINITY;ACIDIC_PH;ELEVATED_SALINITY,"ICAR-IISS / Soil Health Card Portal (DAC&FW, GoI)",ICAR Soil Test Crop Response (STCR) Database & National Fertilizer Guidelines 2024-25
SOIL_REC_00042,Wheat,3,30,60,6.59,1.02,0.48,239.9,9.3,100.7,15.4,0.84,5.31,Alluvial,Low,Low,Low,62.5,32.5,20.0,108.3,70.7,33.3,0.0,0.0,0.0,Nitrogen,NONE,"ICAR-IISS / Soil Health Card Portal (DAC&FW, GoI)",ICAR Soil Test Crop Response (STCR) Database & National Fertilizer Guidelines 2024-25
SOIL_REC_00043,Wheat,1,0,15,6.13,1.93,0.51,494.1,13.3,294.9,15.4,1.53,5.39,Loam,Medium,Medium,Medium,50.0,25.0,16.0,108.7,0.0,26.7,156.2,0.0,0.0,Nitrogen,ELEVATED_SALINITY,"ICAR-IISS / Soil Health Card Portal (DAC&FW, GoI)",ICAR Soil Test Crop Response (STCR) Database & National Fertilizer Guidelines 2024-25
SOIL_REC_00044,Wheat,2,15,30,6.19,2.24,0.54,210.8,18.4,249.9,18.3,1.47,11.62,Loam,Low,Medium,Medium,62.5,25.0,16.0,135.9,0.0,32.0,156.2,0.0,0.0,Nitrogen,HIGH_EC_SALINITY;ELEVATED_SALINITY,"ICAR-IISS / Soil Health Card Portal (DAC&FW, GoI)",ICAR Soil Test Crop Response (STCR) Database & National Fertilizer Guidelines 2024-25
SOIL_REC_00045,Wheat,3,30,60,7.93,1.91,0.21,226.0,16.0,61.8,30.7,0.58,5.45,Loam,Low,Medium,Low,62.5,25.0,20.0,114.6,54.3,33.3,0.0,10.0,0.0,Zinc,ELEVATED_SALINITY,"ICAR-IISS / Soil Health Card Portal (DAC&FW, GoI)",ICAR Soil Test Crop Response (STCR) Database & National Fertilizer Guidelines 2024-25
SOIL_REC_00046,Wheat,1,0,15,5.99,0.32,1.08,425.6,38.3,253.9,28.8,1.12,9.32,Loam,Medium,High,Medium,45.0,0.0,16.0,97.8,0.0,26.7,0.0,0.0,0.0,Nitrogen,ACIDIC_PH,"ICAR-IISS / Soil Health Card Portal (DAC&FW, GoI)",ICAR Soil Test Crop Response (STCR) Database & National Fertilizer Guidelines 2024-25
SOIL_REC_00047,Wheat,2,15,30,6.77,1.24,0.22,347.9,32.6,299.8,28.8,1.45,4.58,Loam,Medium,High,Medium,50.0,0.0,16.0,108.7,0.0,26.7,0.0,0.0,0.0,Nitrogen,NONE,"ICAR-IISS / Soil Health Card Portal (DAC&FW, GoI)",ICAR Soil Test Crop Response (STCR) Database & National Fertilizer Guidelines 2024-25
SOIL_REC_00048,Wheat,3,30,60,8.15,2.01,0.3,199.4,22.3,66.8,7.7,0.94,7.55,Loam,Low,Medium,Low,62.5,25.0,20.0,114.6,54.3,40.0,0.0,0.0,0.0,Nitrogen,HIGH_EC_SALINITY;ALKALINE_PH;ELEVATED_SALINITY,"ICAR-IISS / Soil Health Card Portal (DAC&FW, GoI)",ICAR Soil Test Crop Response (STCR) Database & National Fertilizer Guidelines 2024-25
SOIL_REC_00049,Wheat,1,0,15,7.46,2.67,1.0,426.3,36.2,271.7,27.3,1.08,11.02,Alluvial,Medium,High,Medium,45.0,0.0,16.0,97.8,0.0,32.0,0.0,0.0,0.0,Nitrogen,HIGH_EC_SALINITY;ELEVATED_SALINITY,"ICAR-IISS / Soil Health Card Portal (DAC&FW, GoI)",ICAR Soil Test Crop Response (STCR) Database & National Fertilizer Guidelines 2024-25
SOIL_REC_00050,Wheat,2,15,30,7.95,1.43,0.3,182.7,24.6,274.3,18.6,1.2,5.11,Alluvial,Low,Medium,Medium,62.5,25.0,16.0,114.6,54.3,26.7,0.0,0.0,0.0,Nitrogen,NONE,"ICAR-IISS / Soil Health Card Portal (DAC&FW, GoI)",ICAR Soil Test Crop Response (STCR) Database & National Fertilizer Guidelines 2024-25
SOIL_REC_00051,Wheat,3,30,60,5.76,0.94,0.2,139.9,14.3,69.9,10.5,1.31,9.21,Alluvial,Low,Medium,Low,62.5,25.0,20.0,135.9,0.0,33.3,156.2,0.0,0.0,Nitrogen,ACIDIC_PH,"ICAR-IISS / Soil Health Card Portal (DAC&FW, GoI)",ICAR Soil Test Crop Response (STCR) Database & National Fertilizer Guidelines 2024-25
SOIL_REC_00052,Wheat,1,0,15,6.87,1.06,0.59,151.1,41.0,230.2,25.6,1.71,2.69,Sandy loam,Low,High,Medium,62.5,0.0,16.0,135.9,0.0,26.7,0.0,0.0,0.0,Nitrogen,HIGH_LEACHING_TEXTURE,"ICAR-IISS / Soil Health Card Portal (DAC&FW, GoI)",ICAR Soil Test Crop Response (STCR) Database & National Fertilizer Guidelines 2024-25
SOIL_REC_00053,Wheat,2,15,30,8.41,1.7,0.45,443.5,13.9,172.8,29.0,1.54,7.61,Sandy loam,Medium,Medium,Medium,50.0,25.0,16.0,87.4,54.3,26.7,0.0,0.0,0.0,Nitrogen,ALKALINE_PH;HIGH_LEACHING_TEXTURE,"ICAR-IISS / Soil Health Card Portal (DAC&FW, GoI)",ICAR Soil Test Crop Response (STCR) Database & National Fertilizer Guidelines 2024-25
SOIL_REC_00054,Wheat,3,30,60,7.92,2.28,0.5,182.1,8.7,132.4,14.9,1.27,10.08,Sandy loam,Low,Low,Low,62.5,32.5,20.0,108.3,70.7,40.0,0.0,0.0,0.0,Nitrogen,HIGH_EC_SALINITY;ELEVATED_SALINITY;HIGH_LEACHING_TEXTURE,"ICAR-IISS / Soil Health Card Portal (DAC&FW, GoI)",ICAR Soil Test Crop Response (STCR) Database & National Fertilizer Guidelines 2024-25
SOIL_REC_00055,Wheat,1,0,15,6.04,1.42,0.27,431.1,7.1,231.8,19.8,0.24,8.61,Red soil,Medium,Low,Medium,50.0,32.5,16.0,108.7,0.0,26.7,203.1,10.0,0.0,Phosphorus,NONE,"ICAR-IISS / Soil Health Card Portal (DAC&FW, GoI)",ICAR Soil Test Crop Response (STCR) Database & National Fertilizer Guidelines 2024-25
SOIL_REC_00056,Wheat,2,15,30,5.95,1.4,0.15,232.2,11.2,155.7,25.3,0.81,9.64,Red soil,Low,Medium,Medium,62.5,25.0,16.0,135.9,0.0,26.7,156.2,0.0,0.0,Nitrogen,ACIDIC_PH,"ICAR-IISS / Soil Health Card Portal (DAC&FW, GoI)",ICAR Soil Test Crop Response (STCR) Database & National Fertilizer Guidelines 2024-25
SOIL_REC_00057,Wheat,3,30,60,8.25,0.86,0.11,64.8,14.3,225.0,13.8,1.24,9.92,Red soil,Low,Medium,Medium,62.5,25.0,16.0,114.6,54.3,26.7,0.0,0.0,0.0,Nitrogen,ALKALINE_PH,"ICAR-IISS / Soil Health Card Portal (DAC&FW, GoI)",ICAR Soil Test Crop Response (STCR) Database & National Fertilizer Guidelines 2024-25
SOIL_REC_00058,Wheat,1,0,15,5.63,0.28,0.38,539.6,32.1,175.9,17.3,0.38,11.5,Red soil,Medium,High,Medium,50.0,0.0,16.0,108.7,0.0,26.7,0.0,10.0,0.0,Zinc,ACIDIC_PH,"ICAR-IISS / Soil Health Card Portal (DAC&FW, GoI)",ICAR Soil Test Crop Response (STCR) Database & National Fertilizer Guidelines 2024-25
SOIL_REC_00059,Wheat,2,15,30,7.03,0.87,0.38,317.2,34.9,261.5,25.8,0.46,5.45,Red soil,Medium,High,Medium,50.0,0.0,16.0,108.7,0.0,26.7,0.0,10.0,0.0,Zinc,NONE,"ICAR-IISS / Soil Health Card Portal (DAC&FW, GoI)",ICAR Soil Test Crop Response (STCR) Database & National Fertilizer Guidelines 2024-25
SOIL_REC_00060,Wheat,3,30,60,7.41,2.62,0.35,287.0,10.9,214.5,9.6,1.15,10.39,Red soil,Medium,Medium,Medium,50.0,25.0,16.0,87.4,54.3,32.0,0.0,0.0,0.0,Nitrogen,HIGH_EC_SALINITY;ELEVATED_SALINITY,"ICAR-IISS / Soil Health Card Portal (DAC&FW, GoI)",ICAR Soil Test Crop Response (STCR) Database & National Fertilizer Guidelines 2024-25
SOIL_REC_00061,Wheat,1,0,15,5.84,2.21,0.96,420.2,11.1,444.2,25.9,0.76,6.57,Loam,Medium,Medium,High,45.0,25.0,0.0,97.8,0.0,0.0,156.2,0.0,0.0,Nitrogen,ACIDIC_PH;ELEVATED_SALINITY,"ICAR-IISS / Soil Health Card Portal (DAC&FW, GoI)",ICAR Soil Test Crop Response (STCR) Database & National Fertilizer Guidelines 2024-25
SOIL_REC_00062,Wheat,2,15,30,6.72,1.52,0.36,408.6,30.4,96.0,30.9,1.22,10.37,Loam,Medium,High,Low,50.0,0.0,20.0,108.7,0.0,33.3,0.0,0.0,0.0,Potassium,NONE,"ICAR-IISS / Soil Health Card Portal (DAC&FW, GoI)",ICAR Soil Test Crop Response (STCR) Database & National Fertilizer Guidelines 2024-25
SOIL_REC_00063,Wheat,3,30,60,7.83,1.33,0.42,301.4,8.7,190.5,19.1,0.97,6.64,Loam,Medium,Low,Medium,50.0,32.5,16.0,81.1,70.7,26.7,0.0,0.0,0.0,Phosphorus,NONE,"ICAR-IISS / Soil Health Card Portal (DAC&FW, GoI)",ICAR Soil Test Crop Response (STCR) Database & National Fertilizer Guidelines 2024-25
SOIL_REC_00064,Wheat,1,0,15,7.46,1.04,0.38,587.3,17.7,252.3,25.0,1.11,8.85,Red soil,High,Medium,Medium,20.0,25.0,16.0,22.2,54.3,26.7,0.0,0.0,0.0,Nitrogen,NONE,"ICAR-IISS / Soil Health Card Portal (DAC&FW, GoI)",ICAR Soil Test Crop Response (STCR) Database & National Fertilizer Guidelines 2024-25
SOIL_REC_00065,Wheat,2,15,30,6.61,1.49,0.34,272.8,15.7,137.3,11.8,1.15,10.86,Red soil,Low,Medium,Low,62.5,25.0,20.0,114.6,54.3,33.3,0.0,0.0,0.0,Nitrogen,NONE,"ICAR-IISS / Soil Health Card Portal (DAC&FW, GoI)",ICAR Soil Test Crop Response (STCR) Database & National Fertilizer Guidelines 2024-25
SOIL_REC_00066,Wheat,3,30,60,7.33,1.54,0.17,120.3,11.5,144.9,10.7,0.96,9.26,Red soil,Low,Medium,Low,62.5,25.0,20.0,114.6,54.3,33.3,0.0,0.0,0.0,Nitrogen,NONE,"ICAR-IISS / Soil Health Card Portal (DAC&FW, GoI)",ICAR Soil Test Crop Response (STCR) Database & National Fertilizer Guidelines 2024-25
SOIL_REC_00067,Wheat,1,0,15,8.12,0.44,0.36,465.9,18.9,299.4,17.3,1.05,6.54,Black soil,Medium,Medium,Medium,50.0,25.0,16.0,87.4,54.3,26.7,0.0,0.0,0.0,Nitrogen,ALKALINE_PH,"ICAR-IISS / Soil Health Card Portal (DAC&FW, GoI)",ICAR Soil Test Crop Response (STCR) Database & National Fertilizer Guidelines 2024-25
SOIL_REC_00068,Wheat,2,15,30,7.96,1.06,0.61,191.6,12.4,100.1,9.4,0.39,7.59,Black soil,Low,Medium,Low,62.5,25.0,20.0,114.6,54.3,33.3,0.0,10.0,0.0,Zinc,NONE,"ICAR-IISS / Soil Health Card Portal (DAC&FW, GoI)",ICAR Soil Test Crop Response (STCR) Database & National Fertilizer Guidelines 2024-25
SOIL_REC_00069,Wheat,3,30,60,8.02,0.68,0.18,181.0,18.2,220.8,18.7,0.65,3.45,Black soil,Low,Medium,Medium,62.5,25.0,16.0,114.6,54.3,26.7,0.0,0.0,0.0,Nitrogen,ALKALINE_PH,"ICAR-IISS / Soil Health Card Portal (DAC&FW, GoI)",ICAR Soil Test Crop Response (STCR) Database & National Fertilizer Guidelines 2024-25
SOIL_REC_00070,Wheat,1,0,15,6.48,1.14,0.44,474.0,11.3,106.4,5.5,0.67,11.47,Loam,Medium,Medium,Low,50.0,25.0,20.0,87.4,54.3,33.3,0.0,0.0,0.0,Potassium,NONE,"ICAR-IISS / Soil Health Card Portal (DAC&FW, GoI)",ICAR Soil Test Crop Response (STCR) Database & National Fertilizer Guidelines 2024-25
SOIL_REC_00071,Wheat,2,15,30,7.6,2.16,0.19,94.6,13.5,196.8,13.5,1.74,4.9,Loam,Low,Medium,Medium,62.5,25.0,16.0,114.6,54.3,32.0,0.0,0.0,0.0,Nitrogen,HIGH_EC_SALINITY;ELEVATED_SALINITY,"ICAR-IISS / Soil Health Card Portal (DAC&FW, GoI)",ICAR Soil Test Crop Response (STCR) Database & National Fertilizer Guidelines 2024-25
SOIL_REC_00072,Wheat,3,30,60,8.34,0.5,0.11,182.9,15.1,168.6,8.2,1.5,11.52,Loam,Low,Medium,Medium,62.5,25.0,16.0,114.6,54.3,26.7,0.0,0.0,0.0,Nitrogen,ALKALINE_PH,"ICAR-IISS / Soil Health Card Portal (DAC&FW, GoI)",ICAR Soil Test Crop Response (STCR) Database & National Fertilizer Guidelines 2024-25
SOIL_REC_00073,Wheat,1,0,15,8.78,0.51,0.88,423.2,39.2,171.2,18.6,0.92,6.71,Sandy loam,Medium,High,Medium,45.0,0.0,16.0,97.8,0.0,26.7,0.0,0.0,0.0,Nitrogen,ALKALINE_PH;HIGH_LEACHING_TEXTURE,"ICAR-IISS / Soil Health Card Portal (DAC&FW, GoI)",ICAR Soil Test Crop Response (STCR) Database & National Fertilizer Guidelines 2024-25
SOIL_REC_00074,Wheat,2,15,30,8.34,2.77,0.33,322.9,23.7,267.3,30.5,0.53,4.5,Sandy loam,Medium,Medium,Medium,50.0,25.0,16.0,87.4,54.3,32.0,0.0,10.0,0.0,Zinc,HIGH_EC_SALINITY;ALKALINE_PH;ELEVATED_SALINITY;HIGH_LEACHING_TEXTURE,"ICAR-IISS / Soil Health Card Portal (DAC&FW, GoI)",ICAR Soil Test Crop Response (STCR) Database & National Fertilizer Guidelines 2024-25
SOIL_REC_00075,Wheat,3,30,60,7.68,0.61,0.16,78.8,3.1,126.1,20.6,0.67,4.7,Sandy loam,Low,Low,Low,62.5,32.5,20.0,108.3,70.7,33.3,0.0,0.0,0.0,Nitrogen,HIGH_LEACHING_TEXTURE,"ICAR-IISS / Soil Health Card Portal (DAC&FW, GoI)",ICAR Soil Test Crop Response (STCR) Database & National Fertilizer Guidelines 2024-25
SOIL_REC_00076,Wheat,1,0,15,6.43,2.43,0.22,236.7,17.1,374.8,20.5,1.49,4.38,Red soil,Low,Medium,High,62.5,25.0,0.0,114.6,54.3,0.0,0.0,0.0,0.0,Nitrogen,ELEVATED_SALINITY,"ICAR-IISS / Soil Health Card Portal (DAC&FW, GoI)",ICAR Soil Test Crop Response (STCR) Database & National Fertilizer Guidelines 2024-25
SOIL_REC_00077,Wheat,2,15,30,5.88,0.78,0.22,189.6,9.0,83.6,26.2,1.15,10.33,Red soil,Low,Low,Low,62.5,32.5,20.0,135.9,0.0,33.3,203.1,0.0,0.0,Nitrogen,ACIDIC_PH,"ICAR-IISS / Soil Health Card Portal (DAC&FW, GoI)",ICAR Soil Test Crop Response (STCR) Database & National Fertilizer Guidelines 2024-25
SOIL_REC_00078,Wheat,3,30,60,8.54,1.34,0.3,136.0,11.5,94.0,19.1,0.9,8.18,Red soil,Low,Medium,Low,62.5,25.0,20.0,114.6,54.3,33.3,0.0,0.0,0.0,Nitrogen,ALKALINE_PH,"ICAR-IISS / Soil Health Card Portal (DAC&FW, GoI)",ICAR Soil Test Crop Response (STCR) Database & National Fertilizer Guidelines 2024-25
SOIL_REC_00079,Wheat,1,0,15,7.92,1.77,0.17,234.5,34.3,399.8,20.4,0.23,9.77,Black soil,Low,High,High,62.5,0.0,0.0,135.9,0.0,0.0,0.0,10.0,0.0,Zinc,NONE,"ICAR-IISS / Soil Health Card Portal (DAC&FW, GoI)",ICAR Soil Test Crop Response (STCR) Database & National Fertilizer Guidelines 2024-25
SOIL_REC_00080,Wheat,2,15,30,8.21,1.7,0.66,155.7,20.8,186.9,11.8,1.8,6.64,Black soil,Low,Medium,Medium,62.5,25.0,16.0,114.6,54.3,26.7,0.0,0.0,0.0,Nitrogen,ALKALINE_PH,"ICAR-IISS / Soil Health Card Portal (DAC&FW, GoI)",ICAR Soil Test Crop Response (STCR) Database & National Fertilizer Guidelines 2024-25
SOIL_REC_00081,Wheat,3,30,60,8.19,2.72,0.3,162.1,9.7,63.8,8.5,0.86,7.21,Black soil,Low,Low,Low,62.5,32.5,20.0,108.3,70.7,40.0,0.0,0.0,0.0,Nitrogen,HIGH_EC_SALINITY;ALKALINE_PH;ELEVATED_SALINITY,"ICAR-IISS / Soil Health Card Portal (DAC&FW, GoI)",ICAR Soil Test Crop Response (STCR) Database & National Fertilizer Guidelines 2024-25
SOIL_REC_00082,Wheat,1,0,15,8.62,2.32,0.67,347.4,19.2,206.4,31.2,0.85,7.39,Red soil,Medium,Medium,Medium,50.0,25.0,16.0,87.4,54.3,32.0,0.0,0.0,0.0,Nitrogen,HIGH_EC_SALINITY;ALKALINE_PH;ELEVATED_SALINITY,"ICAR-IISS / Soil Health Card Portal (DAC&FW, GoI)",ICAR Soil Test Crop Response (STCR) Database & National Fertilizer Guidelines 2024-25
SOIL_REC_00083,Wheat,2,15,30,8.76,1.91,0.5,245.0,10.4,165.2,25.2,1.2,9.72,Red soil,Low,Medium,Medium,62.5,25.0,16.0,114.6,54.3,26.7,0.0,0.0,0.0,Nitrogen,ALKALINE_PH;ELEVATED_SALINITY,"ICAR-IISS / Soil Health Card Portal (DAC&FW, GoI)",ICAR Soil Test Crop Response (STCR) Database & National Fertilizer Guidelines 2024-25
SOIL_REC_00084,Wheat,3,30,60,6.17,1.63,0.52,169.5,17.7,66.9,31.2,1.17,4.77,Red soil,Low,Medium,Low,62.5,25.0,20.0,135.9,0.0,33.3,156.2,0.0,0.0,Nitrogen,NONE,"ICAR-IISS / Soil Health Card Portal (DAC&FW, GoI)",ICAR Soil Test Crop Response (STCR) Database & National Fertilizer Guidelines 2024-25
SOIL_REC_00085,Wheat,1,0,15,6.53,0.24,0.54,232.4,41.3,130.8,30.5,1.24,3.96,Loam,Low,High,Low,62.5,0.0,20.0,135.9,0.0,33.3,0.0,0.0,0.0,Nitrogen,NONE,"ICAR-IISS / Soil Health Card Portal (DAC&FW, GoI)",ICAR Soil Test Crop Response (STCR) Database & National Fertilizer Guidelines 2024-25
SOIL_REC_00086,Wheat,2,15,30,8.58,0.96,0.62,245.8,19.7,195.0,16.8,0.43,4.31,Loam,Low,Medium,Medium,62.5,25.0,16.0,114.6,54.3,26.7,0.0,10.0,0.0,Zinc,ALKALINE_PH,"ICAR-IISS / Soil Health Card Portal (DAC&FW, GoI)",ICAR Soil Test Crop Response (STCR) Database & National Fertilizer Guidelines 2024-25
SOIL_REC_00087,Wheat,3,30,60,7.48,2.14,0.14,77.5,19.2,198.8,13.5,1.46,5.04,Loam,Low,Medium,Medium,62.5,25.0,16.0,114.6,54.3,32.0,0.0,0.0,0.0,Nitrogen,HIGH_EC_SALINITY;ELEVATED_SALINITY,"ICAR-IISS / Soil Health Card Portal (DAC&FW, GoI)",ICAR Soil Test Crop Response (STCR) Database & National Fertilizer Guidelines 2024-25
SOIL_REC_00088,Wheat,1,0,15,6.43,0.98,0.71,619.5,26.6,143.5,19.1,0.75,7.74,Sandy loam,High,High,Low,20.0,0.0,20.0,43.5,0.0,33.3,0.0,0.0,0.0,Potassium,HIGH_LEACHING_TEXTURE,"ICAR-IISS / Soil Health Card Portal (DAC&FW, GoI)",ICAR Soil Test Crop Response (STCR) Database & National Fertilizer Guidelines 2024-25
SOIL_REC_00089,Wheat,2,15,30,7.29,1.38,0.34,160.7,26.5,221.9,10.5,1.44,2.91,Sandy loam,Low,High,Medium,62.5,0.0,16.0,135.9,0.0,26.7,0.0,0.0,0.0,Nitrogen,HIGH_LEACHING_TEXTURE,"ICAR-IISS / Soil Health Card Portal (DAC&FW, GoI)",ICAR Soil Test Crop Response (STCR) Database & National Fertilizer Guidelines 2024-25
SOIL_REC_00090,Wheat,3,30,60,7.96,2.03,0.46,156.5,16.9,192.7,31.5,0.99,2.85,Sandy loam,Low,Medium,Medium,62.5,25.0,16.0,114.6,54.3,32.0,0.0,0.0,0.0,Nitrogen,HIGH_EC_SALINITY;ELEVATED_SALINITY;HIGH_LEACHING_TEXTURE,"ICAR-IISS / Soil Health Card Portal (DAC&FW, GoI)",ICAR Soil Test Crop Response (STCR) Database & National Fertilizer Guidelines 2024-25
SOIL_REC_00091,Rice (Paddy),1,0,15,8.69,1.06,0.25,542.5,10.2,417.8,4.4,0.43,10.77,Alluvial,Medium,Medium,High,48.0,24.0,0.0,83.9,52.2,0.0,0.0,10.0,0.0,Zinc,ALKALINE_PH,"ICAR-IISS / Soil Health Card Portal (DAC&FW, GoI)",ICAR Soil Test Crop Response (STCR) Database & National Fertilizer Guidelines 2024-25
SOIL_REC_00092,Rice (Paddy),2,15,30,8.7,0.39,0.67,189.4,24.1,174.8,6.2,0.73,8.91,Alluvial,Low,Medium,Medium,60.0,24.0,20.0,110.0,52.2,33.3,0.0,0.0,0.0,Nitrogen,ALKALINE_PH,"ICAR-IISS / Soil Health Card Portal (DAC&FW, GoI)",ICAR Soil Test Crop Response (STCR) Database & National Fertilizer Guidelines 2024-25
SOIL_REC_00093,Rice (Paddy),3,30,60,7.26,2.68,0.37,281.9,13.2,142.4,21.3,0.58,9.0,Alluvial,Medium,Medium,Low,48.0,24.0,25.0,83.9,52.2,50.0,0.0,10.0,0.0,Potassium,HIGH_EC_SALINITY;ELEVATED_SALINITY,"ICAR-IISS / Soil Health Card Portal (DAC&FW, GoI)",ICAR Soil Test Crop Response (STCR) Database & National Fertilizer Guidelines 2024-25
SOIL_REC_00094,Rice (Paddy),1,0,15,8.79,2.14,0.56,169.2,32.6,404.1,16.4,1.31,11.08,Clay loam,Low,High,High,60.0,0.0,0.0,130.4,0.0,0.0,0.0,0.0,0.0,Nitrogen,ALKALINE_PH;ELEVATED_SALINITY,"ICAR-IISS / Soil Health Card Portal (DAC&FW, GoI)",ICAR Soil Test Crop Response (STCR) Database & National Fertilizer Guidelines 2024-25
SOIL_REC_00095,Rice (Paddy),2,15,30,5.65,2.27,0.32,230.6,9.1,210.9,19.8,1.47,4.11,Clay loam,Low,Low,Medium,60.0,31.2,20.0,130.4,0.0,40.0,195.0,0.0,0.0,Nitrogen,HIGH_EC_SALINITY;ACIDIC_PH;ELEVATED_SALINITY,"ICAR-IISS / Soil Health Card Portal (DAC&FW, GoI)",ICAR Soil Test Crop Response (STCR) Database & National Fertilizer Guidelines 2024-25
SOIL_REC_00096,Rice (Paddy),3,30,60,5.76,2.46,0.37,120.2,22.2,70.8,16.9,0.61,4.93,Clay loam,Low,Medium,Low,60.0,24.0,25.0,130.4,0.0,50.0,150.0,0.0,0.0,Nitrogen,HIGH_EC_SALINITY;ACIDIC_PH;ELEVATED_SALINITY,"ICAR-IISS / Soil Health Card Portal (DAC&FW, GoI)",ICAR Soil Test Crop Response (STCR) Database & National Fertilizer Guidelines 2024-25
SOIL_REC_00097,Rice (Paddy),1,0,15,8.47,1.41,0.42,393.3,9.1,430.3,31.7,0.68,11.64,Sandy loam,Medium,Low,High,48.0,31.2,0.0,77.8,67.8,0.0,0.0,0.0,0.0,Phosphorus,ALKALINE_PH;HIGH_LEACHING_TEXTURE,"ICAR-IISS / Soil Health Card Portal (DAC&FW, GoI)",ICAR Soil Test Crop Response (STCR) Database & National Fertilizer Guidelines 2024-25
SOIL_REC_00098,Rice (Paddy),2,15,30,7.78,1.39,0.33,464.8,31.4,96.3,14.7,0.77,5.31,Sandy loam,Medium,High,Low,48.0,0.0,25.0,104.3,0.0,41.7,0.0,0.0,0.0,Potassium,HIGH_LEACHING_TEXTURE,"ICAR-IISS / Soil Health Card Portal (DAC&FW, GoI)",ICAR Soil Test Crop Response (STCR) Database & National Fertilizer Guidelines 2024-25
SOIL_REC_00099,Rice (Paddy),3,30,60,7.81,0.26,0.47,159.0,3.2,200.7,25.8,1.76,11.15,Sandy loam,Low,Low,Medium,60.0,31.2,20.0,103.9,67.8,33.3,0.0,0.0,0.0,Nitrogen,HIGH_LEACHING_TEXTURE,"ICAR-IISS / Soil Health Card Portal (DAC&FW, GoI)",ICAR Soil Test Crop Response (STCR) Database & National Fertilizer Guidelines 2024-25
SOIL_REC_00100,Rice (Paddy),1,0,15,7.14,2.55,0.42,519.4,31.5,216.8,21.8,1.19,8.94,Red soil,Medium,High,Medium,48.0,0.0,20.0,104.3,0.0,40.0,0.0,0.0,0.0,Nitrogen,HIGH_EC_SALINITY;ELEVATED_SALINITY,"ICAR-IISS / Soil Health Card Portal (DAC&FW, GoI)",ICAR Soil Test Crop Response (STCR) Database & National Fertilizer Guidelines 2024-25
SOIL_REC_00101,Rice (Paddy),2,15,30,7.88,1.91,0.71,325.6,33.0,242.0,12.7,0.91,8.01,Red soil,Medium,High,Medium,48.0,0.0,20.0,104.3,0.0,33.3,0.0,0.0,0.0,Nitrogen,ELEVATED_SALINITY,"ICAR-IISS / Soil Health Card Portal (DAC&FW, GoI)",ICAR Soil Test Crop Response (STCR) Database & National Fertilizer Guidelines 2024-25
SOIL_REC_00102,Rice (Paddy),3,30,60,7.92,0.43,0.22,246.9,6.7,68.8,19.1,1.75,7.54,Red soil,Low,Low,Low,60.0,31.2,25.0,103.9,67.8,41.7,0.0,0.0,0.0,Nitrogen,NONE,"ICAR-IISS / Soil Health Card Portal (DAC&FW, GoI)",ICAR Soil Test Crop Response (STCR) Database & National Fertilizer Guidelines 2024-25
SOIL_REC_00103,Rice (Paddy),1,0,15,8.24,0.87,0.93,360.9,39.9,358.8,13.5,0.38,11.65,Clay loam,Medium,High,High,43.2,0.0,0.0,93.9,0.0,0.0,0.0,10.0,0.0,Zinc,ALKALINE_PH,"ICAR-IISS / Soil Health Card Portal (DAC&FW, GoI)",ICAR Soil Test Crop Response (STCR) Database & National Fertilizer Guidelines 2024-25
SOIL_REC_00104,Rice (Paddy),2,15,30,5.96,2.71,0.73,361.6,35.4,328.7,26.5,0.79,10.01,Clay loam,Medium,High,Medium,48.0,0.0,20.0,104.3,0.0,40.0,0.0,0.0,0.0,Nitrogen,HIGH_EC_SALINITY;ACIDIC_PH;ELEVATED_SALINITY,"ICAR-IISS / Soil Health Card Portal (DAC&FW, GoI)",ICAR Soil Test Crop Response (STCR) Database & National Fertilizer Guidelines 2024-25
SOIL_REC_00105,Rice (Paddy),3,30,60,5.55,1.6,0.29,228.2,17.1,150.2,27.0,1.7,3.53,Clay loam,Low,Medium,Medium,60.0,24.0,20.0,130.4,0.0,33.3,150.0,0.0,0.0,Nitrogen,ACIDIC_PH,"ICAR-IISS / Soil Health Card Portal (DAC&FW, GoI)",ICAR Soil Test Crop Response (STCR) Database & National Fertilizer Guidelines 2024-25
SOIL_REC_00106,Rice (Paddy),1,0,15,7.06,1.81,1.05,284.0,31.6,323.2,21.8,0.94,9.16,Loam,Medium,High,Medium,43.2,0.0,20.0,93.9,0.0,33.3,0.0,0.0,0.0,Nitrogen,ELEVATED_SALINITY,"ICAR-IISS / Soil Health Card Portal (DAC&FW, GoI)",ICAR Soil Test Crop Response (STCR) Database & National Fertilizer Guidelines 2024-25
SOIL_REC_00107,Rice (Paddy),2,15,30,7.64,0.5,0.14,104.0,35.9,98.9,10.6,1.06,6.19,Loam,Low,High,Low,60.0,0.0,25.0,130.4,0.0,41.7,0.0,0.0,0.0,Nitrogen,NONE,"ICAR-IISS / Soil Health Card Portal (DAC&FW, GoI)",ICAR Soil Test Crop Response (STCR) Database & National Fertilizer Guidelines 2024-25
SOIL_REC_00108,Rice (Paddy),3,30,60,6.72,2.67,0.41,195.0,15.3,175.8,28.8,1.25,10.42,Loam,Low,Medium,Medium,60.0,24.0,20.0,110.0,52.2,40.0,0.0,0.0,0.0,Nitrogen,HIGH_EC_SALINITY;ELEVATED_SALINITY,"ICAR-IISS / Soil Health Card Portal (DAC&FW, GoI)",ICAR Soil Test Crop Response (STCR) Database & National Fertilizer Guidelines 2024-25
SOIL_REC_00109,Rice (Paddy),1,0,15,6.85,2.67,0.18,305.3,24.6,432.2,28.0,0.36,9.01,Alluvial,Medium,Medium,High,48.0,24.0,0.0,83.9,52.2,0.0,0.0,10.0,0.0,Zinc,ELEVATED_SALINITY,"ICAR-IISS / Soil Health Card Portal (DAC&FW, GoI)",ICAR Soil Test Crop Response (STCR) Database & National Fertilizer Guidelines 2024-25
SOIL_REC_00110,Rice (Paddy),2,15,30,7.3,2.74,0.37,239.3,10.5,100.5,27.7,0.93,8.8,Alluvial,Low,Medium,Low,60.0,24.0,25.0,110.0,52.2,50.0,0.0,0.0,0.0,Nitrogen,HIGH_EC_SALINITY;ELEVATED_SALINITY,"ICAR-IISS / Soil Health Card Portal (DAC&FW, GoI)",ICAR Soil Test Crop Response (STCR) Database & National Fertilizer Guidelines 2024-25
SOIL_REC_00111,Rice (Paddy),3,30,60,7.62,1.75,0.09,256.7,8.1,67.7,19.8,0.31,9.77,Alluvial,Low,Low,Low,60.0,31.2,25.0,103.9,67.8,41.7,0.0,10.0,0.0,Zinc,NONE,"ICAR-IISS / Soil Health Card Portal (DAC&FW, GoI)",ICAR Soil Test Crop Response (STCR) Database & National Fertilizer Guidelines 2024-25
SOIL_REC_00112,Rice (Paddy),1,0,15,7.44,2.31,0.37,507.2,39.1,304.6,11.8,1.77,11.88,Loam,Medium,High,Medium,48.0,0.0,20.0,104.3,0.0,40.0,0.0,0.0,0.0,Nitrogen,HIGH_EC_SALINITY;ELEVATED_SALINITY,"ICAR-IISS / Soil Health Card Portal (DAC&FW, GoI)",ICAR Soil Test Crop Response (STCR) Database & National Fertilizer Guidelines 2024-25
SOIL_REC_00113,Rice (Paddy),2,15,30,7.28,2.28,0.19,414.9,8.7,164.2,26.1,1.14,2.65,Loam,Medium,Low,Medium,48.0,31.2,20.0,77.8,67.8,40.0,0.0,0.0,0.0,Phosphorus,HIGH_EC_SALINITY;ELEVATED_SALINITY,"ICAR-IISS / Soil Health Card Portal (DAC&FW, GoI)",ICAR Soil Test Crop Response (STCR) Database & National Fertilizer Guidelines 2024-25
SOIL_REC_00114,Rice (Paddy),3,30,60,6.38,0.53,0.27,88.4,4.3,125.7,14.1,1.15,6.79,Loam,Low,Low,Low,60.0,31.2,25.0,103.9,67.8,41.7,0.0,0.0,0.0,Nitrogen,NONE,"ICAR-IISS / Soil Health Card Portal (DAC&FW, GoI)",ICAR Soil Test Crop Response (STCR) Database & National Fertilizer Guidelines 2024-25
SOIL_REC_00115,Rice (Paddy),1,0,15,8.62,0.31,0.89,553.5,27.9,254.9,31.0,0.3,7.05,Loam,Medium,High,Medium,43.2,0.0,20.0,93.9,0.0,33.3,0.0,10.0,0.0,Zinc,ALKALINE_PH,"ICAR-IISS / Soil Health Card Portal (DAC&FW, GoI)",ICAR Soil Test Crop Response (STCR) Database & National Fertilizer Guidelines 2024-25
SOIL_REC_00116,Rice (Paddy),2,15,30,6.83,1.98,0.46,431.1,6.8,89.3,21.0,0.31,5.11,Loam,Medium,Low,Low,48.0,31.2,25.0,77.8,67.8,41.7,0.0,10.0,0.0,Phosphorus,ELEVATED_SALINITY,"ICAR-IISS / Soil Health Card Portal (DAC&FW, GoI)",ICAR Soil Test Crop Response (STCR) Database & National Fertilizer Guidelines 2024-25
SOIL_REC_00117,Rice (Paddy),3,30,60,7.59,1.63,0.23,308.7,14.1,126.7,21.0,0.36,9.17,Loam,Medium,Medium,Low,48.0,24.0,25.0,83.9,52.2,41.7,0.0,10.0,0.0,Potassium,NONE,"ICAR-IISS / Soil Health Card Portal (DAC&FW, GoI)",ICAR Soil Test Crop Response (STCR) Database & National Fertilizer Guidelines 2024-25
SOIL_REC_00118,Rice (Paddy),1,0,15,7.65,2.2,0.83,227.5,25.0,172.3,13.5,0.93,6.45,Red soil,Low,Medium,Medium,55.2,24.0,20.0,99.6,52.2,40.0,0.0,0.0,0.0,Nitrogen,HIGH_EC_SALINITY;ELEVATED_SALINITY,"ICAR-IISS / Soil Health Card Portal (DAC&FW, GoI)",ICAR Soil Test Crop Response (STCR) Database & National Fertilizer Guidelines 2024-25
SOIL_REC_00119,Rice (Paddy),2,15,30,5.81,1.31,0.59,230.4,9.3,316.7,5.9,1.53,3.39,Red soil,Low,Low,Medium,60.0,31.2,20.0,130.4,0.0,33.3,195.0,0.0,0.0,Nitrogen,ACIDIC_PH,"ICAR-IISS / Soil Health Card Portal (DAC&FW, GoI)",ICAR Soil Test Crop Response (STCR) Database & National Fertilizer Guidelines 2024-25
SOIL_REC_00120,Rice (Paddy),3,30,60,5.82,2.12,0.46,199.1,15.3,146.1,13.2,0.4,5.86,Red soil,Low,Medium,Medium,60.0,24.0,20.0,130.4,0.0,40.0,150.0,10.0,0.0,Zinc,HIGH_EC_SALINITY;ACIDIC_PH;ELEVATED_SALINITY,"ICAR-IISS / Soil Health Card Portal (DAC&FW, GoI)",ICAR Soil Test Crop Response (STCR) Database & National Fertilizer Guidelines 2024-25
SOIL_REC_00121,Rice (Paddy),1,0,15,8.61,1.3,1.02,145.7,18.1,202.5,6.9,1.01,3.97,Red soil,Low,Medium,Medium,55.2,24.0,20.0,99.6,52.2,33.3,0.0,0.0,0.0,Nitrogen,ALKALINE_PH,"ICAR-IISS / Soil Health Card Portal (DAC&FW, GoI)",ICAR Soil Test Crop Response (STCR) Database & National Fertilizer Guidelines 2024-25
SOIL_REC_00122,Rice (Paddy),2,15,30,7.09,2.4,0.36,298.6,8.1,142.7,10.3,0.89,7.83,Red soil,Medium,Low,Low,48.0,31.2,25.0,77.8,67.8,50.0,0.0,0.0,0.0,Phosphorus,HIGH_EC_SALINITY;ELEVATED_SALINITY,"ICAR-IISS / Soil Health Card Portal (DAC&FW, GoI)",ICAR Soil Test Crop Response (STCR) Database & National Fertilizer Guidelines 2024-25
SOIL_REC_00123,Rice (Paddy),3,30,60,8.03,1.82,0.4,199.2,15.8,163.4,23.4,0.25,5.1,Red soil,Low,Medium,Medium,60.0,24.0,20.0,110.0,52.2,33.3,0.0,10.0,0.0,Zinc,ALKALINE_PH;ELEVATED_SALINITY,"ICAR-IISS / Soil Health Card Portal (DAC&FW, GoI)",ICAR Soil Test Crop Response (STCR) Database & National Fertilizer Guidelines 2024-25
SOIL_REC_00124,Rice (Paddy),1,0,15,8.54,1.11,0.32,191.6,33.6,115.1,24.7,1.75,3.37,Clay loam,Low,High,Low,60.0,0.0,25.0,130.4,0.0,41.7,0.0,0.0,0.0,Nitrogen,ALKALINE_PH,"ICAR-IISS / Soil Health Card Portal (DAC&FW, GoI)",ICAR Soil Test Crop Response (STCR) Database & National Fertilizer Guidelines 2024-25
SOIL_REC_00125,Rice (Paddy),2,15,30,7.25,1.18,0.44,149.0,14.3,155.1,30.4,1.15,10.89,Clay loam,Low,Medium,Medium,60.0,24.0,20.0,110.0,52.2,33.3,0.0,0.0,0.0,Nitrogen,NONE,"ICAR-IISS / Soil Health Card Portal (DAC&FW, GoI)",ICAR Soil Test Crop Response (STCR) Database & National Fertilizer Guidelines 2024-25
SOIL_REC_00126,Rice (Paddy),3,30,60,6.01,2.16,0.1,80.4,12.3,121.3,21.0,0.86,4.55,Clay loam,Low,Medium,Low,60.0,24.0,25.0,130.4,0.0,50.0,150.0,0.0,0.0,Nitrogen,HIGH_EC_SALINITY;ELEVATED_SALINITY,"ICAR-IISS / Soil Health Card Portal (DAC&FW, GoI)",ICAR Soil Test Crop Response (STCR) Database & National Fertilizer Guidelines 2024-25
SOIL_REC_00127,Rice (Paddy),1,0,15,5.88,1.32,0.42,459.2,26.4,330.2,5.3,0.83,8.19,Alluvial,Medium,High,Medium,48.0,0.0,20.0,104.3,0.0,33.3,0.0,0.0,0.0,Nitrogen,ACIDIC_PH,"ICAR-IISS / Soil Health Card Portal (DAC&FW, GoI)",ICAR Soil Test Crop Response (STCR) Database & National Fertilizer Guidelines 2024-25
SOIL_REC_00128,Rice (Paddy),2,15,30,5.53,0.98,0.26,141.5,12.5,156.1,4.2,1.4,4.17,Alluvial,Low,Medium,Medium,60.0,24.0,20.0,130.4,0.0,33.3,150.0,0.0,0.0,Nitrogen,ACIDIC_PH,"ICAR-IISS / Soil Health Card Portal (DAC&FW, GoI)",ICAR Soil Test Crop Response (STCR) Database & National Fertilizer Guidelines 2024-25
SOIL_REC_00129,Rice (Paddy),3,30,60,6.75,2.03,0.31,268.3,19.9,58.0,28.1,0.27,2.68,Alluvial,Low,Medium,Low,60.0,24.0,25.0,110.0,52.2,50.0,0.0,10.0,0.0,Zinc,HIGH_EC_SALINITY;ELEVATED_SALINITY,"ICAR-IISS / Soil Health Card Portal (DAC&FW, GoI)",ICAR Soil Test Crop Response (STCR) Database & National Fertilizer Guidelines 2024-25
SOIL_REC_00130,Rice (Paddy),1,0,15,8.34,1.7,0.69,474.7,23.5,131.5,4.6,0.72,10.11,Sandy loam,Medium,Medium,Low,48.0,24.0,25.0,83.9,52.2,41.7,0.0,0.0,0.0,Potassium,ALKALINE_PH;HIGH_LEACHING_TEXTURE,"ICAR-IISS / Soil Health Card Portal (DAC&FW, GoI)",ICAR Soil Test Crop Response (STCR) Database & National Fertilizer Guidelines 2024-25
SOIL_REC_00131,Rice (Paddy),2,15,30,7.54,2.36,0.77,123.0,31.1,133.2,20.5,1.04,6.26,Sandy loam,Low,High,Low,60.0,0.0,25.0,130.4,0.0,50.0,0.0,0.0,0.0,Nitrogen,HIGH_EC_SALINITY;ELEVATED_SALINITY;HIGH_LEACHING_TEXTURE,"ICAR-IISS / Soil Health Card Portal (DAC&FW, GoI)",ICAR Soil Test Crop Response (STCR) Database & National Fertilizer Guidelines 2024-25
SOIL_REC_00132,Rice (Paddy),3,30,60,6.52,1.08,0.23,102.0,13.7,65.5,18.3,1.65,5.82,Sandy loam,Low,Medium,Low,60.0,24.0,25.0,110.0,52.2,41.7,0.0,0.0,0.0,Nitrogen,HIGH_LEACHING_TEXTURE,"ICAR-IISS / Soil Health Card Portal (DAC&FW, GoI)",ICAR Soil Test Crop Response (STCR) Database & National Fertilizer Guidelines 2024-25
SOIL_REC_00133,Rice (Paddy),1,0,15,8.66,1.88,0.29,171.4,16.8,152.5,8.3,1.41,3.22,Red soil,Low,Medium,Medium,60.0,24.0,20.0,110.0,52.2,33.3,0.0,0.0,0.0,Nitrogen,ALKALINE_PH;ELEVATED_SALINITY,"ICAR-IISS / Soil Health Card Portal (DAC&FW, GoI)",ICAR Soil Test Crop Response (STCR) Database & National Fertilizer Guidelines 2024-25
SOIL_REC_00134,Rice (Paddy),2,15,30,8.64,1.83,0.44,301.4,22.8,251.4,28.7,1.23,11.87,Red soil,Medium,Medium,Medium,48.0,24.0,20.0,83.9,52.2,33.3,0.0,0.0,0.0,Nitrogen,ALKALINE_PH;ELEVATED_SALINITY,"ICAR-IISS / Soil Health Card Portal (DAC&FW, GoI)",ICAR Soil Test Crop Response (STCR) Database & National Fertilizer Guidelines 2024-25
SOIL_REC_00135,Rice (Paddy),3,30,60,6.57,2.72,0.23,169.9,12.8,158.6,26.3,1.15,5.84,Red soil,Low,Medium,Medium,60.0,24.0,20.0,110.0,52.2,40.0,0.0,0.0,0.0,Nitrogen,HIGH_EC_SALINITY;ELEVATED_SALINITY,"ICAR-IISS / Soil Health Card Portal (DAC&FW, GoI)",ICAR Soil Test Crop Response (STCR) Database & National Fertilizer Guidelines 2024-25
SOIL_REC_00136,Rice (Paddy),1,0,15,6.52,1.37,0.2,535.8,9.2,401.1,27.9,1.18,7.32,Sandy loam,Medium,Low,High,48.0,31.2,0.0,77.8,67.8,0.0,0.0,0.0,0.0,Phosphorus,HIGH_LEACHING_TEXTURE,"ICAR-IISS / Soil Health Card Portal (DAC&FW, GoI)",ICAR Soil Test Crop Response (STCR) Database & National Fertilizer Guidelines 2024-25
SOIL_REC_00137,Rice (Paddy),2,15,30,7.03,1.64,0.68,426.0,18.7,286.2,22.3,0.71,7.02,Sandy loam,Medium,Medium,Medium,48.0,24.0,20.0,83.9,52.2,33.3,0.0,0.0,0.0,Nitrogen,HIGH_LEACHING_TEXTURE,"ICAR-IISS / Soil Health Card Portal (DAC&FW, GoI)",ICAR Soil Test Crop Response (STCR) Database & National Fertilizer Guidelines 2024-25
SOIL_REC_00138,Rice (Paddy),3,30,60,6.0,0.36,0.12,284.8,10.2,173.6,18.1,0.48,4.85,Sandy loam,Medium,Medium,Medium,48.0,24.0,20.0,104.3,0.0,33.3,150.0,10.0,0.0,Zinc,HIGH_LEACHING_TEXTURE,"ICAR-IISS / Soil Health Card Portal (DAC&FW, GoI)",ICAR Soil Test Crop Response (STCR) Database & National Fertilizer Guidelines 2024-25
SOIL_REC_00139,Rice (Paddy),1,0,15,8.77,1.56,0.73,301.9,44.6,229.5,25.7,1.29,3.0,Black soil,Medium,High,Medium,48.0,0.0,20.0,104.3,0.0,33.3,0.0,0.0,0.0,Nitrogen,ALKALINE_PH,"ICAR-IISS / Soil Health Card Portal (DAC&FW, GoI)",ICAR Soil Test Crop Response (STCR) Database & National Fertilizer Guidelines 2024-25
SOIL_REC_00140,Rice (Paddy),2,15,30,7.58,1.07,0.35,299.2,16.7,135.5,27.8,1.74,8.23,Black soil,Medium,Medium,Low,48.0,24.0,25.0,83.9,52.2,41.7,0.0,0.0,0.0,Potassium,NONE,"ICAR-IISS / Soil Health Card Portal (DAC&FW, GoI)",ICAR Soil Test Crop Response (STCR) Database & National Fertilizer Guidelines 2024-25
SOIL_REC_00141,Rice (Paddy),3,30,60,6.0,0.41,0.39,289.2,9.5,163.1,22.5,0.41,9.23,Black soil,Medium,Low,Medium,48.0,31.2,20.0,104.3,0.0,33.3,195.0,10.0,0.0,Phosphorus,NONE,"ICAR-IISS / Soil Health Card Portal (DAC&FW, GoI)",ICAR Soil Test Crop Response (STCR) Database & National Fertilizer Guidelines 2024-25
SOIL_REC_00142,Rice (Paddy),1,0,15,6.52,1.18,0.9,526.6,34.1,388.4,24.7,1.3,7.5,Sandy loam,Medium,High,High,43.2,0.0,0.0,93.9,0.0,0.0,0.0,0.0,0.0,Nitrogen,HIGH_LEACHING_TEXTURE,"ICAR-IISS / Soil Health Card Portal (DAC&FW, GoI)",ICAR Soil Test Crop Response (STCR) Database & National Fertilizer Guidelines 2024-25
SOIL_REC_00143,Rice (Paddy),2,15,30,7.63,1.3,0.37,226.0,10.2,125.3,30.5,0.98,4.65,Sandy loam,Low,Medium,Low,60.0,24.0,25.0,110.0,52.2,41.7,0.0,0.0,0.0,Nitrogen,HIGH_LEACHING_TEXTURE,"ICAR-IISS / Soil Health Card Portal (DAC&FW, GoI)",ICAR Soil Test Crop Response (STCR) Database & National Fertilizer Guidelines 2024-25
SOIL_REC_00144,Rice (Paddy),3,30,60,5.95,0.4,0.48,85.3,19.2,195.3,28.7,0.26,5.7,Sandy loam,Low,Medium,Medium,60.0,24.0,20.0,130.4,0.0,33.3,150.0,10.0,0.0,Zinc,ACIDIC_PH;HIGH_LEACHING_TEXTURE,"ICAR-IISS / Soil Health Card Portal (DAC&FW, GoI)",ICAR Soil Test Crop Response (STCR) Database & National Fertilizer Guidelines 2024-25
SOIL_REC_00145,Rice (Paddy),1,0,15,5.93,1.18,0.3,535.7,38.4,381.3,8.6,0.9,6.4,Alluvial,Medium,High,High,48.0,0.0,0.0,104.3,0.0,0.0,0.0,0.0,0.0,Nitrogen,ACIDIC_PH,"ICAR-IISS / Soil Health Card Portal (DAC&FW, GoI)",ICAR Soil Test Crop Response (STCR) Database & National Fertilizer Guidelines 2024-25
SOIL_REC_00146,Rice (Paddy),2,15,30,7.73,0.82,0.43,196.8,28.1,188.7,19.0,0.7,10.18,Alluvial,Low,High,Medium,60.0,0.0,20.0,130.4,0.0,33.3,0.0,0.0,0.0,Nitrogen,NONE,"ICAR-IISS / Soil Health Card Portal (DAC&FW, GoI)",ICAR Soil Test Crop Response (STCR) Database & National Fertilizer Guidelines 2024-25
SOIL_REC_00147,Rice (Paddy),3,30,60,7.05,2.37,0.25,296.8,23.7,128.1,11.9,0.81,7.51,Alluvial,Medium,Medium,Low,48.0,24.0,25.0,83.9,52.2,50.0,0.0,0.0,0.0,Potassium,HIGH_EC_SALINITY;ELEVATED_SALINITY,"ICAR-IISS / Soil Health Card Portal (DAC&FW, GoI)",ICAR Soil Test Crop Response (STCR) Database & National Fertilizer Guidelines 2024-25
SOIL_REC_00148,Rice (Paddy),1,0,15,8.2,2.28,0.28,245.0,32.9,404.7,19.5,0.36,10.54,Loam,Low,High,High,60.0,0.0,0.0,130.4,0.0,0.0,0.0,10.0,0.0,Zinc,ALKALINE_PH;ELEVATED_SALINITY,"ICAR-IISS / Soil Health Card Portal (DAC&FW, GoI)",ICAR Soil Test Crop Response (STCR) Database & National Fertilizer Guidelines 2024-25
SOIL_REC_00149,Rice (Paddy),2,15,30,8.31,0.94,0.66,192.3,33.0,107.3,16.2,1.71,4.61,Loam,Low,High,Low,60.0,0.0,25.0,130.4,0.0,41.7,0.0,0.0,0.0,Nitrogen,ALKALINE_PH,"ICAR-IISS / Soil Health Card Portal (DAC&FW, GoI)",ICAR Soil Test Crop Response (STCR) Database & National Fertilizer Guidelines 2024-25
SOIL_REC_00150,Rice (Paddy),3,30,60,6.99,1.11,0.09,73.3,13.5,87.4,31.8,0.8,2.77,Loam,Low,Medium,Low,60.0,24.0,25.0,110.0,52.2,41.7,0.0,0.0,0.0,Nitrogen,NONE,"ICAR-IISS / Soil Health Card Portal (DAC&FW, GoI)",ICAR Soil Test Crop Response (STCR) Database & National Fertilizer Guidelines 2024-25
SOIL_REC_00151,Rice (Paddy),1,0,15,8.27,1.89,0.9,188.8,18.0,388.7,23.5,0.42,9.2,Sandy loam,Low,Medium,High,55.2,24.0,0.0,99.6,52.2,0.0,0.0,10.0,0.0,Zinc,ALKALINE_PH;ELEVATED_SALINITY;HIGH_LEACHING_TEXTURE,"ICAR-IISS / Soil Health Card Portal (DAC&FW, GoI)",ICAR Soil Test Crop Response (STCR) Database & National Fertilizer Guidelines 2024-25
SOIL_REC_00152,Rice (Paddy),2,15,30,6.98,0.21,0.17,186.0,30.8,215.7,24.4,1.04,3.56,Sandy loam,Low,High,Medium,60.0,0.0,20.0,130.4,0.0,33.3,0.0,0.0,0.0,Nitrogen,HIGH_LEACHING_TEXTURE,"ICAR-IISS / Soil Health Card Portal (DAC&FW, GoI)",ICAR Soil Test Crop Response (STCR) Database & National Fertilizer Guidelines 2024-25
SOIL_REC_00153,Rice (Paddy),3,30,60,6.45,0.98,0.1,165.0,19.7,127.3,7.1,1.65,8.17,Sandy loam,Low,Medium,Low,60.0,24.0,25.0,110.0,52.2,41.7,0.0,0.0,0.0,Nitrogen,HIGH_LEACHING_TEXTURE,"ICAR-IISS / Soil Health Card Portal (DAC&FW, GoI)",ICAR Soil Test Crop Response (STCR) Database & National Fertilizer Guidelines 2024-25
SOIL_REC_00154,Rice (Paddy),1,0,15,7.59,1.7,0.83,265.6,6.1,217.0,20.0,0.5,8.85,Sandy loam,Low,Low,Medium,55.2,31.2,20.0,93.5,67.8,33.3,0.0,10.0,0.0,Zinc,HIGH_LEACHING_TEXTURE,"ICAR-IISS / Soil Health Card Portal (DAC&FW, GoI)",ICAR Soil Test Crop Response (STCR) Database & National Fertilizer Guidelines 2024-25
SOIL_REC_00155,Rice (Paddy),2,15,30,7.23,1.14,0.79,294.0,29.3,204.6,4.6,1.6,2.91,Sandy loam,Medium,High,Medium,48.0,0.0,20.0,104.3,0.0,33.3,0.0,0.0,0.0,Nitrogen,HIGH_LEACHING_TEXTURE,"ICAR-IISS / Soil Health Card Portal (DAC&FW, GoI)",ICAR Soil Test Crop Response (STCR) Database & National Fertilizer Guidelines 2024-25
SOIL_REC_00156,Rice (Paddy),3,30,60,6.78,1.17,0.43,149.3,4.4,88.4,22.4,0.37,8.03,Sandy loam,Low,Low,Low,60.0,31.2,25.0,103.9,67.8,41.7,0.0,10.0,0.0,Zinc,HIGH_LEACHING_TEXTURE,"ICAR-IISS / Soil Health Card Portal (DAC&FW, GoI)",ICAR Soil Test Crop Response (STCR) Database & National Fertilizer Guidelines 2024-25
SOIL_REC_00157,Rice (Paddy),1,0,15,5.94,1.12,0.47,441.4,40.9,336.5,31.5,0.97,4.23,Clay loam,Medium,High,High,48.0,0.0,0.0,104.3,0.0,0.0,0.0,0.0,0.0,Nitrogen,ACIDIC_PH,"ICAR-IISS / Soil Health Card Portal (DAC&FW, GoI)",ICAR Soil Test Crop Response (STCR) Database & National Fertilizer Guidelines 2024-25
SOIL_REC_00158,Rice (Paddy),2,15,30,5.95,2.06,0.78,103.9,10.9,281.1,28.8,0.7,5.45,Clay loam,Low,Medium,Medium,60.0,24.0,20.0,130.4,0.0,40.0,150.0,0.0,0.0,Nitrogen,HIGH_EC_SALINITY;ACIDIC_PH;ELEVATED_SALINITY,"ICAR-IISS / Soil Health Card Portal (DAC&FW, GoI)",ICAR Soil Test Crop Response (STCR) Database & National Fertilizer Guidelines 2024-25
SOIL_REC_00159,Rice (Paddy),3,30,60,6.81,2.32,0.3,69.2,16.6,96.5,28.1,0.28,8.73,Clay loam,Low,Medium,Low,60.0,24.0,25.0,110.0,52.2,50.0,0.0,10.0,0.0,Zinc,HIGH_EC_SALINITY;ELEVATED_SALINITY,"ICAR-IISS / Soil Health Card Portal (DAC&FW, GoI)",ICAR Soil Test Crop Response (STCR) Database & National Fertilizer Guidelines 2024-25
SOIL_REC_00160,Rice (Paddy),1,0,15,5.91,1.16,1.0,491.7,43.6,229.2,31.3,0.99,7.23,Clay loam,Medium,High,Medium,43.2,0.0,20.0,93.9,0.0,33.3,0.0,0.0,0.0,Nitrogen,ACIDIC_PH,"ICAR-IISS / Soil Health Card Portal (DAC&FW, GoI)",ICAR Soil Test Crop Response (STCR) Database & National Fertilizer Guidelines 2024-25
SOIL_REC_00161,Rice (Paddy),2,15,30,8.55,1.55,0.68,362.7,7.0,230.2,27.0,1.07,5.55,Clay loam,Medium,Low,Medium,48.0,31.2,20.0,77.8,67.8,33.3,0.0,0.0,0.0,Phosphorus,ALKALINE_PH,"ICAR-IISS / Soil Health Card Portal (DAC&FW, GoI)",ICAR Soil Test Crop Response (STCR) Database & National Fertilizer Guidelines 2024-25
SOIL_REC_00162,Rice (Paddy),3,30,60,5.76,1.92,0.22,210.7,11.9,169.2,13.8,0.27,10.77,Clay loam,Low,Medium,Medium,60.0,24.0,20.0,130.4,0.0,33.3,150.0,10.0,0.0,Zinc,ACIDIC_PH;ELEVATED_SALINITY,"ICAR-IISS / Soil Health Card Portal (DAC&FW, GoI)",ICAR Soil Test Crop Response (STCR) Database & National Fertilizer Guidelines 2024-25
SOIL_REC_00163,Rice (Paddy),1,0,15,7.53,1.33,0.76,515.7,8.4,331.6,15.4,1.02,9.62,Clay loam,Medium,Low,Medium,48.0,31.2,20.0,77.8,67.8,33.3,0.0,0.0,0.0,Phosphorus,NONE,"ICAR-IISS / Soil Health Card Portal (DAC&FW, GoI)",ICAR Soil Test Crop Response (STCR) Database & National Fertilizer Guidelines 2024-25
SOIL_REC_00164,Rice (Paddy),2,15,30,6.03,0.28,0.72,344.3,18.3,101.6,10.6,1.23,5.94,Clay loam,Medium,Medium,Low,48.0,24.0,25.0,104.3,0.0,41.7,150.0,0.0,0.0,Potassium,NONE,"ICAR-IISS / Soil Health Card Portal (DAC&FW, GoI)",ICAR Soil Test Crop Response (STCR) Database & National Fertilizer Guidelines 2024-25
SOIL_REC_00165,Rice (Paddy),3,30,60,8.63,0.28,0.15,172.5,10.8,124.9,6.2,0.42,5.99,Clay loam,Low,Medium,Low,60.0,24.0,25.0,110.0,52.2,41.7,0.0,10.0,0.0,Zinc,ALKALINE_PH,"ICAR-IISS / Soil Health Card Portal (DAC&FW, GoI)",ICAR Soil Test Crop Response (STCR) Database & National Fertilizer Guidelines 2024-25
SOIL_REC_00166,Rice (Paddy),1,0,15,7.64,0.85,0.26,487.8,27.0,229.3,19.7,0.62,4.97,Clay loam,Medium,High,Medium,48.0,0.0,20.0,104.3,0.0,33.3,0.0,0.0,0.0,Nitrogen,NONE,"ICAR-IISS / Soil Health Card Portal (DAC&FW, GoI)",ICAR Soil Test Crop Response (STCR) Database & National Fertilizer Guidelines 2024-25
SOIL_REC_00167,Rice (Paddy),2,15,30,6.97,2.79,0.32,433.7,20.0,100.6,27.9,0.92,11.04,Clay loam,Medium,Medium,Low,48.0,24.0,25.0,83.9,52.2,50.0,0.0,0.0,0.0,Potassium,HIGH_EC_SALINITY;ELEVATED_SALINITY,"ICAR-IISS / Soil Health Card Portal (DAC&FW, GoI)",ICAR Soil Test Crop Response (STCR) Database & National Fertilizer Guidelines 2024-25
SOIL_REC_00168,Rice (Paddy),3,30,60,6.97,0.43,0.4,271.4,9.7,107.5,5.8,1.07,10.97,Clay loam,Low,Low,Low,60.0,31.2,25.0,103.9,67.8,41.7,0.0,0.0,0.0,Nitrogen,NONE,"ICAR-IISS / Soil Health Card Portal (DAC&FW, GoI)",ICAR Soil Test Crop Response (STCR) Database & National Fertilizer Guidelines 2024-25
SOIL_REC_00169,Rice (Paddy),1,0,15,7.85,2.61,0.76,516.8,27.4,133.7,9.6,0.42,10.01,Loam,Medium,High,Low,48.0,0.0,25.0,104.3,0.0,50.0,0.0,10.0,0.0,Potassium,HIGH_EC_SALINITY;ELEVATED_SALINITY,"ICAR-IISS / Soil Health Card Portal (DAC&FW, GoI)",ICAR Soil Test Crop Response (STCR) Database & National Fertilizer Guidelines 2024-25
SOIL_REC_00170,Rice (Paddy),2,15,30,5.59,1.64,0.38,391.4,21.9,232.7,6.4,0.69,12.0,Loam,Medium,Medium,Medium,48.0,24.0,20.0,104.3,0.0,33.3,150.0,0.0,0.0,Nitrogen,ACIDIC_PH,"ICAR-IISS / Soil Health Card Portal (DAC&FW, GoI)",ICAR Soil Test Crop Response (STCR) Database & National Fertilizer Guidelines 2024-25
SOIL_REC_00171,Rice (Paddy),3,30,60,7.87,1.57,0.44,265.8,4.5,220.0,22.0,0.92,8.96,Loam,Low,Low,Medium,60.0,31.2,20.0,103.9,67.8,33.3,0.0,0.0,0.0,Nitrogen,NONE,"ICAR-IISS / Soil Health Card Portal (DAC&FW, GoI)",ICAR Soil Test Crop Response (STCR) Database & National Fertilizer Guidelines 2024-25
SOIL_REC_00172,Rice (Paddy),1,0,15,5.92,2.36,0.67,413.9,38.2,136.5,18.1,1.59,10.4,Clay loam,Medium,High,Low,48.0,0.0,25.0,104.3,0.0,50.0,0.0,0.0,0.0,Potassium,HIGH_EC_SALINITY;ACIDIC_PH;ELEVATED_SALINITY,"ICAR-IISS / Soil Health Card Portal (DAC&FW, GoI)",ICAR Soil Test Crop Response (STCR) Database & National Fertilizer Guidelines 2024-25
SOIL_REC_00173,Rice (Paddy),2,15,30,7.21,0.99,0.23,440.5,11.6,323.3,18.5,0.65,3.25,Clay loam,Medium,Medium,Medium,48.0,24.0,20.0,83.9,52.2,33.3,0.0,0.0,0.0,Nitrogen,NONE,"ICAR-IISS / Soil Health Card Portal (DAC&FW, GoI)",ICAR Soil Test Crop Response (STCR) Database & National Fertilizer Guidelines 2024-25
SOIL_REC_00174,Rice (Paddy),3,30,60,6.15,2.69,0.21,216.3,15.9,61.8,21.9,1.15,8.02,Clay loam,Low,Medium,Low,60.0,24.0,25.0,130.4,0.0,50.0,150.0,0.0,0.0,Nitrogen,HIGH_EC_SALINITY;ELEVATED_SALINITY,"ICAR-IISS / Soil Health Card Portal (DAC&FW, GoI)",ICAR Soil Test Crop Response (STCR) Database & National Fertilizer Guidelines 2024-25
SOIL_REC_00175,Rice (Paddy),1,0,15,7.67,2.07,0.72,541.3,29.7,387.1,4.8,0.27,8.59,Loam,Medium,High,High,48.0,0.0,0.0,104.3,0.0,0.0,0.0,10.0,0.0,Zinc,ELEVATED_SALINITY,"ICAR-IISS / Soil Health Card Portal (DAC&FW, GoI)",ICAR Soil Test Crop Response (STCR) Database & National Fertilizer Guidelines 2024-25
SOIL_REC_00176,Rice (Paddy),2,15,30,7.4,1.89,0.66,246.2,24.6,202.0,21.6,0.66,11.59,Loam,Low,Medium,Medium,60.0,24.0,20.0,110.0,52.2,33.3,0.0,0.0,0.0,Nitrogen,ELEVATED_SALINITY,"ICAR-IISS / Soil Health Card Portal (DAC&FW, GoI)",ICAR Soil Test Crop Response (STCR) Database & National Fertilizer Guidelines 2024-25
SOIL_REC_00177,Rice (Paddy),3,30,60,7.09,2.29,0.4,134.4,4.5,55.8,16.3,0.97,4.44,Loam,Low,Low,Low,60.0,31.2,25.0,103.9,67.8,50.0,0.0,0.0,0.0,Nitrogen,HIGH_EC_SALINITY;ELEVATED_SALINITY,"ICAR-IISS / Soil Health Card Portal (DAC&FW, GoI)",ICAR Soil Test Crop Response (STCR) Database & National Fertilizer Guidelines 2024-25
SOIL_REC_00178,Rice (Paddy),1,0,15,5.97,2.44,0.45,614.0,20.5,233.5,25.3,1.02,3.51,Alluvial,High,Medium,Medium,19.2,24.0,20.0,41.7,0.0,40.0,150.0,0.0,0.0,Nitrogen,HIGH_EC_SALINITY;ACIDIC_PH;ELEVATED_SALINITY,"ICAR-IISS / Soil Health Card Portal (DAC&FW, GoI)",ICAR Soil Test Crop Response (STCR) Database & National Fertilizer Guidelines 2024-25
SOIL_REC_00179,Rice (Paddy),2,15,30,6.3,0.52,0.43,142.8,6.1,322.8,28.2,0.87,11.65,Alluvial,Low,Low,Medium,60.0,31.2,20.0,103.9,67.8,33.3,0.0,0.0,0.0,Nitrogen,NONE,"ICAR-IISS / Soil Health Card Portal (DAC&FW, GoI)",ICAR Soil Test Crop Response (STCR) Database & National Fertilizer Guidelines 2024-25
SOIL_REC_00180,Rice (Paddy),3,30,60,8.48,2.32,0.52,240.3,7.0,73.7,31.9,0.95,10.85,Alluvial,Low,Low,Low,60.0,31.2,25.0,103.9,67.8,50.0,0.0,0.0,0.0,Nitrogen,HIGH_EC_SALINITY;ALKALINE_PH;ELEVATED_SALINITY,"ICAR-IISS / Soil Health Card Portal (DAC&FW, GoI)",ICAR Soil Test Crop Response (STCR) Database & National Fertilizer Guidelines 2024-25
SOIL_REC_00181,Maize,1,0,15,5.58,2.66,0.63,603.3,15.0,217.0,5.4,0.99,10.88,Black soil,High,Medium,Medium,19.2,24.0,16.0,41.7,0.0,32.0,150.0,0.0,0.0,Nitrogen,HIGH_EC_SALINITY;ACIDIC_PH;ELEVATED_SALINITY,"ICAR-IISS / Soil Health Card Portal (DAC&FW, GoI)",ICAR Soil Test Crop Response (STCR) Database & National Fertilizer Guidelines 2024-25
SOIL_REC_00182,Maize,2,15,30,7.66,1.42,0.49,407.7,18.1,305.8,24.4,1.42,5.98,Black soil,Medium,Medium,Medium,48.0,24.0,16.0,83.9,52.2,26.7,0.0,0.0,0.0,Nitrogen,NONE,"ICAR-IISS / Soil Health Card Portal (DAC&FW, GoI)",ICAR Soil Test Crop Response (STCR) Database & National Fertilizer Guidelines 2024-25
SOIL_REC_00183,Maize,3,30,60,6.82,1.68,0.17,198.3,4.5,135.8,25.4,0.65,11.9,Black soil,Low,Low,Low,60.0,31.2,20.0,103.9,67.8,33.3,0.0,0.0,0.0,Nitrogen,NONE,"ICAR-IISS / Soil Health Card Portal (DAC&FW, GoI)",ICAR Soil Test Crop Response (STCR) Database & National Fertilizer Guidelines 2024-25
SOIL_REC_00184,Maize,1,0,15,7.52,0.53,0.24,306.6,47.4,290.8,14.2,0.43,8.22,Red soil,Medium,High,Medium,48.0,0.0,16.0,104.3,0.0,26.7,0.0,10.0,0.0,Zinc,NONE,"ICAR-IISS / Soil Health Card Portal (DAC&FW, GoI)",ICAR Soil Test Crop Response (STCR) Database & National Fertilizer Guidelines 2024-25
SOIL_REC_00185,Maize,2,15,30,6.82,0.3,0.14,357.6,29.8,207.7,8.2,1.63,3.83,Red soil,Medium,High,Medium,48.0,0.0,16.0,104.3,0.0,26.7,0.0,0.0,0.0,Nitrogen,NONE,"ICAR-IISS / Soil Health Card Portal (DAC&FW, GoI)",ICAR Soil Test Crop Response (STCR) Database & National Fertilizer Guidelines 2024-25
SOIL_REC_00186,Maize,3,30,60,8.57,1.03,0.26,214.1,20.7,151.9,18.2,1.02,7.15,Red soil,Low,Medium,Medium,60.0,24.0,16.0,110.0,52.2,26.7,0.0,0.0,0.0,Nitrogen,ALKALINE_PH,"ICAR-IISS / Soil Health Card Portal (DAC&FW, GoI)",ICAR Soil Test Crop Response (STCR) Database & National Fertilizer Guidelines 2024-25
SOIL_REC_00187,Maize,1,0,15,6.49,2.32,0.5,456.9,47.2,300.1,26.3,1.36,9.04,Alluvial,Medium,High,Medium,48.0,0.0,16.0,104.3,0.0,32.0,0.0,0.0,0.0,Nitrogen,HIGH_EC_SALINITY;ELEVATED_SALINITY,"ICAR-IISS / Soil Health Card Portal (DAC&FW, GoI)",ICAR Soil Test Crop Response (STCR) Database & National Fertilizer Guidelines 2024-25
SOIL_REC_00188,Maize,2,15,30,5.59,1.43,0.8,383.6,28.9,223.5,24.2,1.13,4.12,Alluvial,Medium,High,Medium,48.0,0.0,16.0,104.3,0.0,26.7,0.0,0.0,0.0,Nitrogen,ACIDIC_PH,"ICAR-IISS / Soil Health Card Portal (DAC&FW, GoI)",ICAR Soil Test Crop Response (STCR) Database & National Fertilizer Guidelines 2024-25
SOIL_REC_00189,Maize,3,30,60,7.58,1.81,0.47,96.9,17.3,50.7,30.5,0.38,2.68,Alluvial,Low,Medium,Low,60.0,24.0,20.0,110.0,52.2,33.3,0.0,10.0,0.0,Zinc,ELEVATED_SALINITY,"ICAR-IISS / Soil Health Card Portal (DAC&FW, GoI)",ICAR Soil Test Crop Response (STCR) Database & National Fertilizer Guidelines 2024-25
SOIL_REC_00190,Maize,1,0,15,6.88,1.27,0.34,370.9,31.7,259.8,27.8,1.36,9.2,Clay loam,Medium,High,Medium,48.0,0.0,16.0,104.3,0.0,26.7,0.0,0.0,0.0,Nitrogen,NONE,"ICAR-IISS / Soil Health Card Portal (DAC&FW, GoI)",ICAR Soil Test Crop Response (STCR) Database & National Fertilizer Guidelines 2024-25
SOIL_REC_00191,Maize,2,15,30,7.21,1.66,0.82,269.4,16.4,325.8,16.9,1.05,7.69,Clay loam,Low,Medium,Medium,55.2,24.0,16.0,99.6,52.2,26.7,0.0,0.0,0.0,Nitrogen,NONE,"ICAR-IISS / Soil Health Card Portal (DAC&FW, GoI)",ICAR Soil Test Crop Response (STCR) Database & National Fertilizer Guidelines 2024-25
SOIL_REC_00192,Maize,3,30,60,7.73,2.46,0.4,260.9,8.6,132.2,30.8,0.65,5.34,Clay loam,Low,Low,Low,60.0,31.2,20.0,103.9,67.8,40.0,0.0,0.0,0.0,Nitrogen,HIGH_EC_SALINITY;ELEVATED_SALINITY,"ICAR-IISS / Soil Health Card Portal (DAC&FW, GoI)",ICAR Soil Test Crop Response (STCR) Database & National Fertilizer Guidelines 2024-25
SOIL_REC_00193,Maize,1,0,15,8.04,2.03,0.81,364.5,26.2,291.8,30.2,1.35,5.23,Clay loam,Medium,High,Medium,43.2,0.0,16.0,93.9,0.0,32.0,0.0,0.0,0.0,Nitrogen,HIGH_EC_SALINITY;ALKALINE_PH;ELEVATED_SALINITY,"ICAR-IISS / Soil Health Card Portal (DAC&FW, GoI)",ICAR Soil Test Crop Response (STCR) Database & National Fertilizer Guidelines 2024-25
SOIL_REC_00194,Maize,2,15,30,7.39,1.61,0.75,237.9,15.4,276.2,8.1,0.27,11.58,Clay loam,Low,Medium,Medium,60.0,24.0,16.0,110.0,52.2,26.7,0.0,10.0,0.0,Zinc,NONE,"ICAR-IISS / Soil Health Card Portal (DAC&FW, GoI)",ICAR Soil Test Crop Response (STCR) Database & National Fertilizer Guidelines 2024-25
SOIL_REC_00195,Maize,3,30,60,5.76,2.6,0.39,246.8,7.5,194.0,11.6,1.1,5.08,Clay loam,Low,Low,Medium,60.0,31.2,16.0,130.4,0.0,32.0,195.0,0.0,0.0,Nitrogen,HIGH_EC_SALINITY;ACIDIC_PH;ELEVATED_SALINITY,"ICAR-IISS / Soil Health Card Portal (DAC&FW, GoI)",ICAR Soil Test Crop Response (STCR) Database & National Fertilizer Guidelines 2024-25
SOIL_REC_00196,Maize,1,0,15,7.53,1.73,0.38,454.9,28.3,319.7,5.5,0.86,9.31,Sandy loam,Medium,High,Medium,48.0,0.0,16.0,104.3,0.0,26.7,0.0,0.0,0.0,Nitrogen,HIGH_LEACHING_TEXTURE,"ICAR-IISS / Soil Health Card Portal (DAC&FW, GoI)",ICAR Soil Test Crop Response (STCR) Database & National Fertilizer Guidelines 2024-25
SOIL_REC_00197,Maize,2,15,30,5.83,2.2,0.12,296.4,33.8,177.4,30.2,1.61,7.04,Sandy loam,Medium,High,Medium,48.0,0.0,16.0,104.3,0.0,32.0,0.0,0.0,0.0,Nitrogen,HIGH_EC_SALINITY;ACIDIC_PH;ELEVATED_SALINITY;HIGH_LEACHING_TEXTURE,"ICAR-IISS / Soil Health Card Portal (DAC&FW, GoI)",ICAR Soil Test Crop Response (STCR) Database & National Fertilizer Guidelines 2024-25
SOIL_REC_00198,Maize,3,30,60,6.16,2.71,0.23,221.5,22.1,61.1,20.1,1.06,9.37,Sandy loam,Low,Medium,Low,60.0,24.0,20.0,130.4,0.0,40.0,150.0,0.0,0.0,Nitrogen,HIGH_EC_SALINITY;ELEVATED_SALINITY;HIGH_LEACHING_TEXTURE,"ICAR-IISS / Soil Health Card Portal (DAC&FW, GoI)",ICAR Soil Test Crop Response (STCR) Database & National Fertilizer Guidelines 2024-25
SOIL_REC_00199,Maize,1,0,15,8.51,0.66,0.99,207.9,44.6,449.0,15.1,0.99,11.4,Sandy loam,Low,High,High,55.2,0.0,0.0,120.0,0.0,0.0,0.0,0.0,0.0,Nitrogen,ALKALINE_PH;HIGH_LEACHING_TEXTURE,"ICAR-IISS / Soil Health Card Portal (DAC&FW, GoI)",ICAR Soil Test Crop Response (STCR) Database & National Fertilizer Guidelines 2024-25
SOIL_REC_00200,Maize,2,15,30,8.68,2.61,0.74,93.5,22.4,96.5,31.5,0.66,11.9,Sandy loam,Low,Medium,Low,60.0,24.0,20.0,110.0,52.2,40.0,0.0,0.0,0.0,Nitrogen,HIGH_EC_SALINITY;ALKALINE_PH;ELEVATED_SALINITY;HIGH_LEACHING_TEXTURE,"ICAR-IISS / Soil Health Card Portal (DAC&FW, GoI)",ICAR Soil Test Crop Response (STCR) Database & National Fertilizer Guidelines 2024-25
SOIL_REC_00201,Maize,3,30,60,7.29,1.48,0.52,272.8,12.8,79.7,7.2,0.46,6.86,Sandy loam,Low,Medium,Low,60.0,24.0,20.0,110.0,52.2,33.3,0.0,10.0,0.0,Zinc,HIGH_LEACHING_TEXTURE,"ICAR-IISS / Soil Health Card Portal (DAC&FW, GoI)",ICAR Soil Test Crop Response (STCR) Database & National Fertilizer Guidelines 2024-25
SOIL_REC_00202,Maize,1,0,15,7.87,0.24,0.47,267.5,34.3,159.5,21.1,1.22,6.35,Clay loam,Low,High,Medium,60.0,0.0,16.0,130.4,0.0,26.7,0.0,0.0,0.0,Nitrogen,NONE,"ICAR-IISS / Soil Health Card Portal (DAC&FW, GoI)",ICAR Soil Test Crop Response (STCR) Database & National Fertilizer Guidelines 2024-25
SOIL_REC_00203,Maize,2,15,30,6.91,1.05,0.4,125.8,35.4,196.4,30.2,0.21,6.14,Clay loam,Low,High,Medium,60.0,0.0,16.0,130.4,0.0,26.7,0.0,10.0,0.0,Zinc,NONE,"ICAR-IISS / Soil Health Card Portal (DAC&FW, GoI)",ICAR Soil Test Crop Response (STCR) Database & National Fertilizer Guidelines 2024-25
SOIL_REC_00204,Maize,3,30,60,6.97,0.89,0.23,205.6,15.0,92.1,14.1,0.58,8.84,Clay loam,Low,Medium,Low,60.0,24.0,20.0,110.0,52.2,33.3,0.0,10.0,0.0,Zinc,NONE,"ICAR-IISS / Soil Health Card Portal (DAC&FW, GoI)",ICAR Soil Test Crop Response (STCR) Database & National Fertilizer Guidelines 2024-25
SOIL_REC_00205,Maize,1,0,15,6.51,1.25,0.63,567.6,35.5,202.0,7.3,1.67,5.3,Black soil,High,High,Medium,19.2,0.0,16.0,41.7,0.0,26.7,0.0,0.0,0.0,Nitrogen,NONE,"ICAR-IISS / Soil Health Card Portal (DAC&FW, GoI)",ICAR Soil Test Crop Response (STCR) Database & National Fertilizer Guidelines 2024-25
SOIL_REC_00206,Maize,2,15,30,7.53,0.77,0.21,147.4,28.1,231.0,15.6,1.08,6.97,Black soil,Low,High,Medium,60.0,0.0,16.0,130.4,0.0,26.7,0.0,0.0,0.0,Nitrogen,NONE,"ICAR-IISS / Soil Health Card Portal (DAC&FW, GoI)",ICAR Soil Test Crop Response (STCR) Database & National Fertilizer Guidelines 2024-25
SOIL_REC_00207,Maize,3,30,60,7.27,1.93,0.18,121.9,18.8,202.2,6.3,0.91,9.19,Black soil,Low,Medium,Medium,60.0,24.0,16.0,110.0,52.2,26.7,0.0,0.0,0.0,Nitrogen,ELEVATED_SALINITY,"ICAR-IISS / Soil Health Card Portal (DAC&FW, GoI)",ICAR Soil Test Crop Response (STCR) Database & National Fertilizer Guidelines 2024-25
SOIL_REC_00208,Maize,1,0,15,8.53,0.49,0.94,571.4,14.5,283.2,8.6,1.57,6.7,Sandy loam,High,Medium,Medium,14.4,24.0,16.0,10.9,52.2,26.7,0.0,0.0,0.0,Nitrogen,ALKALINE_PH;HIGH_LEACHING_TEXTURE,"ICAR-IISS / Soil Health Card Portal (DAC&FW, GoI)",ICAR Soil Test Crop Response (STCR) Database & National Fertilizer Guidelines 2024-25
SOIL_REC_00209,Maize,2,15,30,7.74,2.06,0.46,427.1,18.5,82.5,7.7,0.86,7.86,Sandy loam,Medium,Medium,Low,48.0,24.0,20.0,83.9,52.2,40.0,0.0,0.0,0.0,Potassium,HIGH_EC_SALINITY;ELEVATED_SALINITY;HIGH_LEACHING_TEXTURE,"ICAR-IISS / Soil Health Card Portal (DAC&FW, GoI)",ICAR Soil Test Crop Response (STCR) Database & National Fertilizer Guidelines 2024-25
SOIL_REC_00210,Maize,3,30,60,7.34,1.95,0.22,65.4,8.3,45.5,10.1,0.32,6.53,Sandy loam,Low,Low,Low,60.0,31.2,20.0,103.9,67.8,33.3,0.0,10.0,0.0,Zinc,ELEVATED_SALINITY;HIGH_LEACHING_TEXTURE,"ICAR-IISS / Soil Health Card Portal (DAC&FW, GoI)",ICAR Soil Test Crop Response (STCR) Database & National Fertilizer Guidelines 2024-25
SOIL_REC_00211,Maize,1,0,15,5.71,2.78,1.04,154.5,45.2,101.4,15.4,1.43,9.78,Red soil,Low,High,Low,55.2,0.0,20.0,120.0,0.0,40.0,0.0,0.0,0.0,Nitrogen,HIGH_EC_SALINITY;ACIDIC_PH;ELEVATED_SALINITY,"ICAR-IISS / Soil Health Card Portal (DAC&FW, GoI)",ICAR Soil Test Crop Response (STCR) Database & National Fertilizer Guidelines 2024-25
SOIL_REC_00212,Maize,2,15,30,8.73,1.88,0.41,462.3,16.5,302.3,29.4,0.8,8.99,Red soil,Medium,Medium,Medium,48.0,24.0,16.0,83.9,52.2,26.7,0.0,0.0,0.0,Nitrogen,ALKALINE_PH;ELEVATED_SALINITY,"ICAR-IISS / Soil Health Card Portal (DAC&FW, GoI)",ICAR Soil Test Crop Response (STCR) Database & National Fertilizer Guidelines 2024-25
SOIL_REC_00213,Maize,3,30,60,7.68,1.6,0.39,146.9,6.7,141.7,18.8,1.36,4.62,Red soil,Low,Low,Low,60.0,31.2,20.0,103.9,67.8,33.3,0.0,0.0,0.0,Nitrogen,NONE,"ICAR-IISS / Soil Health Card Portal (DAC&FW, GoI)",ICAR Soil Test Crop Response (STCR) Database & National Fertilizer Guidelines 2024-25
SOIL_REC_00214,Maize,1,0,15,8.0,2.74,0.59,479.5,23.8,226.5,10.4,0.94,3.97,Sandy loam,Medium,Medium,Medium,48.0,24.0,16.0,83.9,52.2,32.0,0.0,0.0,0.0,Nitrogen,HIGH_EC_SALINITY;ELEVATED_SALINITY;HIGH_LEACHING_TEXTURE,"ICAR-IISS / Soil Health Card Portal (DAC&FW, GoI)",ICAR Soil Test Crop Response (STCR) Database & National Fertilizer Guidelines 2024-25
SOIL_REC_00215,Maize,2,15,30,6.12,2.48,0.66,102.1,25.3,233.5,30.2,1.62,4.79,Sandy loam,Low,High,Medium,60.0,0.0,16.0,130.4,0.0,32.0,0.0,0.0,0.0,Nitrogen,HIGH_EC_SALINITY;ELEVATED_SALINITY;HIGH_LEACHING_TEXTURE,"ICAR-IISS / Soil Health Card Portal (DAC&FW, GoI)",ICAR Soil Test Crop Response (STCR) Database & National Fertilizer Guidelines 2024-25
SOIL_REC_00216,Maize,3,30,60,5.72,1.74,0.29,228.0,21.3,89.1,5.2,0.9,7.63,Sandy loam,Low,Medium,Low,60.0,24.0,20.0,130.4,0.0,33.3,150.0,0.0,0.0,Nitrogen,ACIDIC_PH;HIGH_LEACHING_TEXTURE,"ICAR-IISS / Soil Health Card Portal (DAC&FW, GoI)",ICAR Soil Test Crop Response (STCR) Database & National Fertilizer Guidelines 2024-25
SOIL_REC_00217,Maize,1,0,15,5.96,2.78,0.37,578.2,30.2,297.9,25.6,1.51,4.75,Sandy loam,High,High,Medium,19.2,0.0,16.0,41.7,0.0,32.0,0.0,0.0,0.0,Nitrogen,HIGH_EC_SALINITY;ACIDIC_PH;ELEVATED_SALINITY;HIGH_LEACHING_TEXTURE,"ICAR-IISS / Soil Health Card Portal (DAC&FW, GoI)",ICAR Soil Test Crop Response (STCR) Database & National Fertilizer Guidelines 2024-25
SOIL_REC_00218,Maize,2,15,30,8.39,2.76,0.48,245.1,13.2,217.8,20.6,1.38,4.16,Sandy loam,Low,Medium,Medium,60.0,24.0,16.0,110.0,52.2,32.0,0.0,0.0,0.0,Nitrogen,HIGH_EC_SALINITY;ALKALINE_PH;ELEVATED_SALINITY;HIGH_LEACHING_TEXTURE,"ICAR-IISS / Soil Health Card Portal (DAC&FW, GoI)",ICAR Soil Test Crop Response (STCR) Database & National Fertilizer Guidelines 2024-25
SOIL_REC_00219,Maize,3,30,60,7.74,1.65,0.1,146.1,16.5,113.6,18.7,1.31,6.38,Sandy loam,Low,Medium,Low,60.0,24.0,20.0,110.0,52.2,33.3,0.0,0.0,0.0,Nitrogen,HIGH_LEACHING_TEXTURE,"ICAR-IISS / Soil Health Card Portal (DAC&FW, GoI)",ICAR Soil Test Crop Response (STCR) Database & National Fertilizer Guidelines 2024-25
SOIL_REC_00220,Maize,1,0,15,6.74,2.16,0.6,544.7,18.6,344.7,26.6,1.66,7.84,Clay loam,Medium,Medium,High,48.0,24.0,0.0,83.9,52.2,0.0,0.0,0.0,0.0,Nitrogen,ELEVATED_SALINITY,"ICAR-IISS / Soil Health Card Portal (DAC&FW, GoI)",ICAR Soil Test Crop Response (STCR) Database & National Fertilizer Guidelines 2024-25
SOIL_REC_00221,Maize,2,15,30,8.69,1.65,0.21,181.1,10.9,242.1,29.8,1.56,3.38,Clay loam,Low,Medium,Medium,60.0,24.0,16.0,110.0,52.2,26.7,0.0,0.0,0.0,Nitrogen,ALKALINE_PH,"ICAR-IISS / Soil Health Card Portal (DAC&FW, GoI)",ICAR Soil Test Crop Response (STCR) Database & National Fertilizer Guidelines 2024-25
SOIL_REC_00222,Maize,3,30,60,7.89,0.7,0.2,228.4,15.7,202.3,9.3,1.42,9.38,Clay loam,Low,Medium,Medium,60.0,24.0,16.0,110.0,52.2,26.7,0.0,0.0,0.0,Nitrogen,NONE,"ICAR-IISS / Soil Health Card Portal (DAC&FW, GoI)",ICAR Soil Test Crop Response (STCR) Database & National Fertilizer Guidelines 2024-25
SOIL_REC_00223,Maize,1,0,15,6.22,0.74,1.01,271.6,44.2,166.3,9.3,1.39,9.6,Alluvial,Low,High,Medium,55.2,0.0,16.0,120.0,0.0,26.7,0.0,0.0,0.0,Nitrogen,NONE,"ICAR-IISS / Soil Health Card Portal (DAC&FW, GoI)",ICAR Soil Test Crop Response (STCR) Database & National Fertilizer Guidelines 2024-25
SOIL_REC_00224,Maize,2,15,30,7.99,2.58,0.61,353.9,17.0,132.1,13.0,0.65,6.93,Alluvial,Medium,Medium,Low,48.0,24.0,20.0,83.9,52.2,40.0,0.0,0.0,0.0,Potassium,HIGH_EC_SALINITY;ELEVATED_SALINITY,"ICAR-IISS / Soil Health Card Portal (DAC&FW, GoI)",ICAR Soil Test Crop Response (STCR) Database & National Fertilizer Guidelines 2024-25
SOIL_REC_00225,Maize,3,30,60,7.64,1.0,0.25,280.7,12.8,189.5,24.2,1.42,5.54,Alluvial,Medium,Medium,Medium,48.0,24.0,16.0,83.9,52.2,26.7,0.0,0.0,0.0,Nitrogen,NONE,"ICAR-IISS / Soil Health Card Portal (DAC&FW, GoI)",ICAR Soil Test Crop Response (STCR) Database & National Fertilizer Guidelines 2024-25
SOIL_REC_00226,Maize,1,0,15,6.72,1.28,0.68,230.6,12.1,183.9,30.2,1.13,6.47,Loam,Low,Medium,Medium,60.0,24.0,16.0,110.0,52.2,26.7,0.0,0.0,0.0,Nitrogen,NONE,"ICAR-IISS / Soil Health Card Portal (DAC&FW, GoI)",ICAR Soil Test Crop Response (STCR) Database & National Fertilizer Guidelines 2024-25
SOIL_REC_00227,Maize,2,15,30,6.0,1.06,0.38,402.5,20.2,244.2,23.2,0.61,10.31,Loam,Medium,Medium,Medium,48.0,24.0,16.0,104.3,0.0,26.7,150.0,0.0,0.0,Nitrogen,NONE,"ICAR-IISS / Soil Health Card Portal (DAC&FW, GoI)",ICAR Soil Test Crop Response (STCR) Database & National Fertilizer Guidelines 2024-25
SOIL_REC_00228,Maize,3,30,60,8.69,1.87,0.31,102.1,19.7,75.5,24.2,0.98,11.21,Loam,Low,Medium,Low,60.0,24.0,20.0,110.0,52.2,33.3,0.0,0.0,0.0,Nitrogen,ALKALINE_PH;ELEVATED_SALINITY,"ICAR-IISS / Soil Health Card Portal (DAC&FW, GoI)",ICAR Soil Test Crop Response (STCR) Database & National Fertilizer Guidelines 2024-25
SOIL_REC_00229,Maize,1,0,15,8.77,2.69,0.65,539.5,9.1,384.5,5.4,0.21,3.81,Alluvial,Medium,Low,High,48.0,31.2,0.0,77.8,67.8,0.0,0.0,10.0,0.0,Phosphorus,ALKALINE_PH;ELEVATED_SALINITY,"ICAR-IISS / Soil Health Card Portal (DAC&FW, GoI)",ICAR Soil Test Crop Response (STCR) Database & National Fertilizer Guidelines 2024-25
SOIL_REC_00230,Maize,2,15,30,7.58,0.38,0.22,172.0,18.9,83.8,21.9,1.69,11.17,Alluvial,Low,Medium,Low,60.0,24.0,20.0,110.0,52.2,33.3,0.0,0.0,0.0,Nitrogen,NONE,"ICAR-IISS / Soil Health Card Portal (DAC&FW, GoI)",ICAR Soil Test Crop Response (STCR) Database & National Fertilizer Guidelines 2024-25
SOIL_REC_00231,Maize,3,30,60,7.68,0.24,0.33,162.8,3.4,175.0,19.0,0.66,7.27,Alluvial,Low,Low,Medium,60.0,31.2,16.0,103.9,67.8,26.7,0.0,0.0,0.0,Nitrogen,NONE,"ICAR-IISS / Soil Health Card Portal (DAC&FW, GoI)",ICAR Soil Test Crop Response (STCR) Database & National Fertilizer Guidelines 2024-25
SOIL_REC_00232,Maize,1,0,15,7.72,2.3,1.01,173.5,10.0,143.6,9.4,1.04,10.24,Red soil,Low,Medium,Low,55.2,24.0,20.0,99.6,52.2,40.0,0.0,0.0,0.0,Nitrogen,HIGH_EC_SALINITY;ELEVATED_SALINITY,"ICAR-IISS / Soil Health Card Portal (DAC&FW, GoI)",ICAR Soil Test Crop Response (STCR) Database & National Fertilizer Guidelines 2024-25
SOIL_REC_00233,Maize,2,15,30,6.38,1.23,0.38,242.3,22.3,334.9,10.3,1.29,10.55,Red soil,Low,Medium,Medium,60.0,24.0,16.0,110.0,52.2,26.7,0.0,0.0,0.0,Nitrogen,NONE,"ICAR-IISS / Soil Health Card Portal (DAC&FW, GoI)",ICAR Soil Test Crop Response (STCR) Database & National Fertilizer Guidelines 2024-25
SOIL_REC_00234,Maize,3,30,60,7.66,2.43,0.44,83.4,11.0,144.5,5.6,0.22,4.13,Red soil,Low,Medium,Low,60.0,24.0,20.0,110.0,52.2,40.0,0.0,10.0,0.0,Zinc,HIGH_EC_SALINITY;ELEVATED_SALINITY,"ICAR-IISS / Soil Health Card Portal (DAC&FW, GoI)",ICAR Soil Test Crop Response (STCR) Database & National Fertilizer Guidelines 2024-25
SOIL_REC_00235,Maize,1,0,15,8.29,1.88,0.46,608.7,46.9,412.1,29.7,0.57,11.06,Black soil,High,High,High,19.2,0.0,0.0,41.7,0.0,0.0,0.0,10.0,0.0,Zinc,ALKALINE_PH;ELEVATED_SALINITY,"ICAR-IISS / Soil Health Card Portal (DAC&FW, GoI)",ICAR Soil Test Crop Response (STCR) Database & National Fertilizer Guidelines 2024-25
SOIL_REC_00236,Maize,2,15,30,7.78,1.67,0.31,436.6,26.1,143.2,19.2,1.25,4.2,Black soil,Medium,High,Low,48.0,0.0,20.0,104.3,0.0,33.3,0.0,0.0,0.0,Potassium,NONE,"ICAR-IISS / Soil Health Card Portal (DAC&FW, GoI)",ICAR Soil Test Crop Response (STCR) Database & National Fertilizer Guidelines 2024-25
SOIL_REC_00237,Maize,3,30,60,8.31,0.24,0.17,96.0,20.2,192.8,30.0,0.68,7.86,Black soil,Low,Medium,Medium,60.0,24.0,16.0,110.0,52.2,26.7,0.0,0.0,0.0,Nitrogen,ALKALINE_PH,"ICAR-IISS / Soil Health Card Portal (DAC&FW, GoI)",ICAR Soil Test Crop Response (STCR) Database & National Fertilizer Guidelines 2024-25
SOIL_REC_00238,Maize,1,0,15,8.25,1.21,1.0,285.9,37.7,140.4,31.7,1.36,7.26,Alluvial,Medium,High,Low,43.2,0.0,20.0,93.9,0.0,33.3,0.0,0.0,0.0,Potassium,ALKALINE_PH,"ICAR-IISS / Soil Health Card Portal (DAC&FW, GoI)",ICAR Soil Test Crop Response (STCR) Database & National Fertilizer Guidelines 2024-25
SOIL_REC_00239,Maize,2,15,30,8.72,0.34,0.42,404.5,15.2,275.1,30.7,0.83,9.85,Alluvial,Medium,Medium,Medium,48.0,24.0,16.0,83.9,52.2,26.7,0.0,0.0,0.0,Nitrogen,ALKALINE_PH,"ICAR-IISS / Soil Health Card Portal (DAC&FW, GoI)",ICAR Soil Test Crop Response (STCR) Database & National Fertilizer Guidelines 2024-25
SOIL_REC_00240,Maize,3,30,60,5.6,0.91,0.55,182.7,10.5,214.4,16.1,1.29,8.78,Alluvial,Low,Medium,Medium,60.0,24.0,16.0,130.4,0.0,26.7,150.0,0.0,0.0,Nitrogen,ACIDIC_PH,"ICAR-IISS / Soil Health Card Portal (DAC&FW, GoI)",ICAR Soil Test Crop Response (STCR) Database & National Fertilizer Guidelines 2024-25
SOIL_REC_00241,Maize,1,0,15,8.05,0.97,0.38,156.8,17.3,226.8,25.9,0.45,6.2,Sandy loam,Low,Medium,Medium,60.0,24.0,16.0,110.0,52.2,26.7,0.0,10.0,0.0,Zinc,ALKALINE_PH;HIGH_LEACHING_TEXTURE,"ICAR-IISS / Soil Health Card Portal (DAC&FW, GoI)",ICAR Soil Test Crop Response (STCR) Database & National Fertilizer Guidelines 2024-25
SOIL_REC_00242,Maize,2,15,30,6.69,0.44,0.78,256.8,28.5,95.1,6.4,0.89,7.79,Sandy loam,Low,High,Low,60.0,0.0,20.0,130.4,0.0,33.3,0.0,0.0,0.0,Nitrogen,HIGH_LEACHING_TEXTURE,"ICAR-IISS / Soil Health Card Portal (DAC&FW, GoI)",ICAR Soil Test Crop Response (STCR) Database & National Fertilizer Guidelines 2024-25
SOIL_REC_00243,Maize,3,30,60,7.19,0.47,0.12,198.6,15.5,186.2,28.2,0.22,6.43,Sandy loam,Low,Medium,Medium,60.0,24.0,16.0,110.0,52.2,26.7,0.0,10.0,0.0,Zinc,HIGH_LEACHING_TEXTURE,"ICAR-IISS / Soil Health Card Portal (DAC&FW, GoI)",ICAR Soil Test Crop Response (STCR) Database & National Fertilizer Guidelines 2024-25
SOIL_REC_00244,Maize,1,0,15,7.89,1.65,1.09,241.4,27.9,336.7,8.7,0.63,5.05,Sandy loam,Low,High,High,55.2,0.0,0.0,120.0,0.0,0.0,0.0,0.0,0.0,Nitrogen,HIGH_LEACHING_TEXTURE,"ICAR-IISS / Soil Health Card Portal (DAC&FW, GoI)",ICAR Soil Test Crop Response (STCR) Database & National Fertilizer Guidelines 2024-25
SOIL_REC_00245,Maize,2,15,30,5.98,0.63,0.31,202.4,29.2,165.0,30.4,1.35,7.21,Sandy loam,Low,High,Medium,60.0,0.0,16.0,130.4,0.0,26.7,0.0,0.0,0.0,Nitrogen,ACIDIC_PH;HIGH_LEACHING_TEXTURE,"ICAR-IISS / Soil Health Card Portal (DAC&FW, GoI)",ICAR Soil Test Crop Response (STCR) Database & National Fertilizer Guidelines 2024-25
SOIL_REC_00246,Maize,3,30,60,7.54,1.39,0.14,61.7,11.3,196.5,14.6,1.58,6.68,Sandy loam,Low,Medium,Medium,60.0,24.0,16.0,110.0,52.2,26.7,0.0,0.0,0.0,Nitrogen,HIGH_LEACHING_TEXTURE,"ICAR-IISS / Soil Health Card Portal (DAC&FW, GoI)",ICAR Soil Test Crop Response (STCR) Database & National Fertilizer Guidelines 2024-25
SOIL_REC_00247,Maize,1,0,15,8.19,2.43,1.08,188.1,19.5,431.0,9.6,0.7,11.66,Black soil,Low,Medium,High,55.2,24.0,0.0,99.6,52.2,0.0,0.0,0.0,0.0,Nitrogen,ALKALINE_PH;ELEVATED_SALINITY,"ICAR-IISS / Soil Health Card Portal (DAC&FW, GoI)",ICAR Soil Test Crop Response (STCR) Database & National Fertilizer Guidelines 2024-25
SOIL_REC_00248,Maize,2,15,30,8.7,0.96,0.61,274.1,22.6,133.0,14.5,1.51,6.23,Black soil,Low,Medium,Low,60.0,24.0,20.0,110.0,52.2,33.3,0.0,0.0,0.0,Nitrogen,ALKALINE_PH,"ICAR-IISS / Soil Health Card Portal (DAC&FW, GoI)",ICAR Soil Test Crop Response (STCR) Database & National Fertilizer Guidelines 2024-25
SOIL_REC_00249,Maize,3,30,60,5.88,1.67,0.36,196.4,17.3,144.0,30.7,0.94,9.23,Black soil,Low,Medium,Low,60.0,24.0,20.0,130.4,0.0,33.3,150.0,0.0,0.0,Nitrogen,ACIDIC_PH,"ICAR-IISS / Soil Health Card Portal (DAC&FW, GoI)",ICAR Soil Test Crop Response (STCR) Database & National Fertilizer Guidelines 2024-25
SOIL_REC_00250,Maize,1,0,15,8.13,2.36,0.22,543.9,39.4,332.3,7.9,0.68,4.9,Black soil,Medium,High,Medium,48.0,0.0,16.0,104.3,0.0,32.0,0.0,0.0,0.0,Nitrogen,HIGH_EC_SALINITY;ALKALINE_PH;ELEVATED_SALINITY,"ICAR-IISS / Soil Health Card Portal (DAC&FW, GoI)",ICAR Soil Test Crop Response (STCR) Database & National Fertilizer Guidelines 2024-25
SOIL_REC_00251,Maize,2,15,30,6.01,1.3,0.38,258.4,23.3,224.7,19.0,1.68,10.76,Black soil,Low,Medium,Medium,60.0,24.0,16.0,130.4,0.0,26.7,150.0,0.0,0.0,Nitrogen,NONE,"ICAR-IISS / Soil Health Card Portal (DAC&FW, GoI)",ICAR Soil Test Crop Response (STCR) Database & National Fertilizer Guidelines 2024-25
SOIL_REC_00252,Maize,3,30,60,6.88,0.3,0.54,235.4,20.1,151.9,29.6,0.37,4.86,Black soil,Low,Medium,Medium,60.0,24.0,16.0,110.0,52.2,26.7,0.0,10.0,0.0,Zinc,NONE,"ICAR-IISS / Soil Health Card Portal (DAC&FW, GoI)",ICAR Soil Test Crop Response (STCR) Database & National Fertilizer Guidelines 2024-25
SOIL_REC_00253,Maize,1,0,15,6.67,1.88,0.19,611.8,34.5,233.9,25.1,1.75,6.59,Red soil,High,High,Medium,19.2,0.0,16.0,41.7,0.0,26.7,0.0,0.0,0.0,Nitrogen,ELEVATED_SALINITY,"ICAR-IISS / Soil Health Card Portal (DAC&FW, GoI)",ICAR Soil Test Crop Response (STCR) Database & National Fertilizer Guidelines 2024-25
SOIL_REC_00254,Maize,2,15,30,5.53,0.87,0.48,284.5,22.8,222.8,16.5,0.83,9.84,Red soil,Medium,Medium,Medium,48.0,24.0,16.0,104.3,0.0,26.7,150.0,0.0,0.0,Nitrogen,ACIDIC_PH,"ICAR-IISS / Soil Health Card Portal (DAC&FW, GoI)",ICAR Soil Test Crop Response (STCR) Database & National Fertilizer Guidelines 2024-25
SOIL_REC_00255,Maize,3,30,60,7.44,1.5,0.24,66.1,5.2,119.9,30.9,0.39,11.44,Red soil,Low,Low,Low,60.0,31.2,20.0,103.9,67.8,33.3,0.0,10.0,0.0,Zinc,NONE,"ICAR-IISS / Soil Health Card Portal (DAC&FW, GoI)",ICAR Soil Test Crop Response (STCR) Database & National Fertilizer Guidelines 2024-25
SOIL_REC_00256,Maize,1,0,15,6.65,1.09,0.9,380.6,20.6,125.1,24.2,0.92,3.14,Loam,Medium,Medium,Low,43.2,24.0,20.0,73.5,52.2,33.3,0.0,0.0,0.0,Potassium,NONE,"ICAR-IISS / Soil Health Card Portal (DAC&FW, GoI)",ICAR Soil Test Crop Response (STCR) Database & National Fertilizer Guidelines 2024-25
SOIL_REC_00257,Maize,2,15,30,5.65,2.05,0.13,218.7,7.9,283.5,30.0,1.38,7.4,Loam,Low,Low,Medium,60.0,31.2,16.0,130.4,0.0,32.0,195.0,0.0,0.0,Nitrogen,HIGH_EC_SALINITY;ACIDIC_PH;ELEVATED_SALINITY,"ICAR-IISS / Soil Health Card Portal (DAC&FW, GoI)",ICAR Soil Test Crop Response (STCR) Database & National Fertilizer Guidelines 2024-25
SOIL_REC_00258,Maize,3,30,60,7.32,1.06,0.28,175.5,19.8,158.4,9.2,1.25,6.26,Loam,Low,Medium,Medium,60.0,24.0,16.0,110.0,52.2,26.7,0.0,0.0,0.0,Nitrogen,NONE,"ICAR-IISS / Soil Health Card Portal (DAC&FW, GoI)",ICAR Soil Test Crop Response (STCR) Database & National Fertilizer Guidelines 2024-25
SOIL_REC_00259,Maize,1,0,15,7.53,0.71,0.71,314.4,35.6,164.1,25.1,1.49,3.09,Red soil,Medium,High,Medium,48.0,0.0,16.0,104.3,0.0,26.7,0.0,0.0,0.0,Nitrogen,NONE,"ICAR-IISS / Soil Health Card Portal (DAC&FW, GoI)",ICAR Soil Test Crop Response (STCR) Database & National Fertilizer Guidelines 2024-25
SOIL_REC_00260,Maize,2,15,30,5.84,2.47,0.25,212.2,18.9,138.3,28.2,1.04,8.57,Red soil,Low,Medium,Low,60.0,24.0,20.0,130.4,0.0,40.0,150.0,0.0,0.0,Nitrogen,HIGH_EC_SALINITY;ACIDIC_PH;ELEVATED_SALINITY,"ICAR-IISS / Soil Health Card Portal (DAC&FW, GoI)",ICAR Soil Test Crop Response (STCR) Database & National Fertilizer Guidelines 2024-25
SOIL_REC_00261,Maize,3,30,60,7.47,1.79,0.35,147.0,20.8,156.1,26.8,1.33,5.33,Red soil,Low,Medium,Medium,60.0,24.0,16.0,110.0,52.2,26.7,0.0,0.0,0.0,Nitrogen,NONE,"ICAR-IISS / Soil Health Card Portal (DAC&FW, GoI)",ICAR Soil Test Crop Response (STCR) Database & National Fertilizer Guidelines 2024-25
SOIL_REC_00262,Maize,1,0,15,7.45,1.95,0.45,239.3,10.9,224.4,8.0,0.82,8.17,Alluvial,Low,Medium,Medium,60.0,24.0,16.0,110.0,52.2,26.7,0.0,0.0,0.0,Nitrogen,ELEVATED_SALINITY,"ICAR-IISS / Soil Health Card Portal (DAC&FW, GoI)",ICAR Soil Test Crop Response (STCR) Database & National Fertilizer Guidelines 2024-25
SOIL_REC_00263,Maize,2,15,30,7.4,1.3,0.46,291.5,33.5,318.8,8.9,0.47,5.24,Alluvial,Medium,High,Medium,48.0,0.0,16.0,104.3,0.0,26.7,0.0,10.0,0.0,Zinc,NONE,"ICAR-IISS / Soil Health Card Portal (DAC&FW, GoI)",ICAR Soil Test Crop Response (STCR) Database & National Fertilizer Guidelines 2024-25
SOIL_REC_00264,Maize,3,30,60,6.12,2.39,0.37,276.4,23.0,132.2,9.5,0.81,7.84,Alluvial,Low,Medium,Low,60.0,24.0,20.0,130.4,0.0,40.0,150.0,0.0,0.0,Nitrogen,HIGH_EC_SALINITY;ELEVATED_SALINITY,"ICAR-IISS / Soil Health Card Portal (DAC&FW, GoI)",ICAR Soil Test Crop Response (STCR) Database & National Fertilizer Guidelines 2024-25
SOIL_REC_00265,Maize,1,0,15,7.13,1.98,0.54,539.9,26.5,119.8,4.9,1.42,5.27,Red soil,Medium,High,Low,48.0,0.0,20.0,104.3,0.0,33.3,0.0,0.0,0.0,Potassium,ELEVATED_SALINITY,"ICAR-IISS / Soil Health Card Portal (DAC&FW, GoI)",ICAR Soil Test Crop Response (STCR) Database & National Fertilizer Guidelines 2024-25
SOIL_REC_00266,Maize,2,15,30,6.41,1.6,0.23,261.5,27.9,274.3,19.4,0.38,3.58,Red soil,Low,High,Medium,60.0,0.0,16.0,130.4,0.0,26.7,0.0,10.0,0.0,Zinc,NONE,"ICAR-IISS / Soil Health Card Portal (DAC&FW, GoI)",ICAR Soil Test Crop Response (STCR) Database & National Fertilizer Guidelines 2024-25
SOIL_REC_00267,Maize,3,30,60,8.06,2.34,0.25,265.7,3.9,174.4,19.3,1.78,3.47,Red soil,Low,Low,Medium,60.0,31.2,16.0,103.9,67.8,32.0,0.0,0.0,0.0,Nitrogen,HIGH_EC_SALINITY;ALKALINE_PH;ELEVATED_SALINITY,"ICAR-IISS / Soil Health Card Portal (DAC&FW, GoI)",ICAR Soil Test Crop Response (STCR) Database & National Fertilizer Guidelines 2024-25
SOIL_REC_00268,Maize,1,0,15,7.98,0.97,1.1,344.9,20.6,384.0,16.3,1.79,9.87,Red soil,Medium,Medium,High,43.2,24.0,0.0,73.5,52.2,0.0,0.0,0.0,0.0,Nitrogen,NONE,"ICAR-IISS / Soil Health Card Portal (DAC&FW, GoI)",ICAR Soil Test Crop Response (STCR) Database & National Fertilizer Guidelines 2024-25
SOIL_REC_00269,Maize,2,15,30,6.28,2.31,0.53,221.5,26.9,238.3,8.6,0.42,4.46,Red soil,Low,High,Medium,60.0,0.0,16.0,130.4,0.0,32.0,0.0,10.0,0.0,Zinc,HIGH_EC_SALINITY;ELEVATED_SALINITY,"ICAR-IISS / Soil Health Card Portal (DAC&FW, GoI)",ICAR Soil Test Crop Response (STCR) Database & National Fertilizer Guidelines 2024-25
SOIL_REC_00270,Maize,3,30,60,6.18,0.35,0.24,130.3,14.3,103.3,23.7,0.66,5.04,Red soil,Low,Medium,Low,60.0,24.0,20.0,130.4,0.0,33.3,150.0,0.0,0.0,Nitrogen,NONE,"ICAR-IISS / Soil Health Card Portal (DAC&FW, GoI)",ICAR Soil Test Crop Response (STCR) Database & National Fertilizer Guidelines 2024-25
SOIL_REC_00271,Sorghum (Jowar),1,0,15,8.75,1.97,0.24,601.4,39.0,420.8,31.8,1.59,3.71,Alluvial,High,High,High,12.8,0.0,0.0,27.8,0.0,0.0,0.0,0.0,0.0,Nitrogen,ALKALINE_PH;ELEVATED_SALINITY,"ICAR-IISS / Soil Health Card Portal (DAC&FW, GoI)",ICAR Soil Test Crop Response (STCR) Database & National Fertilizer Guidelines 2024-25
SOIL_REC_00272,Sorghum (Jowar),2,15,30,8.36,0.85,0.62,400.7,28.5,250.1,17.7,1.12,5.05,Alluvial,Medium,High,Medium,32.0,0.0,16.0,69.6,0.0,26.7,0.0,0.0,0.0,Nitrogen,ALKALINE_PH,"ICAR-IISS / Soil Health Card Portal (DAC&FW, GoI)",ICAR Soil Test Crop Response (STCR) Database & National Fertilizer Guidelines 2024-25
SOIL_REC_00273,Sorghum (Jowar),3,30,60,6.87,1.38,0.38,280.0,5.0,137.8,11.8,1.7,6.01,Alluvial,Medium,Low,Low,32.0,20.8,20.0,52.0,45.2,33.3,0.0,0.0,0.0,Phosphorus,NONE,"ICAR-IISS / Soil Health Card Portal (DAC&FW, GoI)",ICAR Soil Test Crop Response (STCR) Database & National Fertilizer Guidelines 2024-25
SOIL_REC_00274,Sorghum (Jowar),1,0,15,6.58,0.21,0.89,486.4,36.7,255.0,22.6,0.77,3.1,Black soil,Medium,High,Medium,28.8,0.0,16.0,62.6,0.0,26.7,0.0,0.0,0.0,Nitrogen,NONE,"ICAR-IISS / Soil Health Card Portal (DAC&FW, GoI)",ICAR Soil Test Crop Response (STCR) Database & National Fertilizer Guidelines 2024-25
SOIL_REC_00275,Sorghum (Jowar),2,15,30,7.26,0.77,0.42,169.4,13.0,291.2,13.5,1.12,7.88,Black soil,Low,Medium,Medium,40.0,16.0,16.0,73.3,34.8,26.7,0.0,0.0,0.0,Nitrogen,NONE,"ICAR-IISS / Soil Health Card Portal (DAC&FW, GoI)",ICAR Soil Test Crop Response (STCR) Database & National Fertilizer Guidelines 2024-25
SOIL_REC_00276,Sorghum (Jowar),3,30,60,7.1,1.09,0.4,72.1,5.1,186.1,16.9,0.4,10.65,Black soil,Low,Low,Medium,40.0,20.8,16.0,69.3,45.2,26.7,0.0,0.0,0.0,Nitrogen,NONE,"ICAR-IISS / Soil Health Card Portal (DAC&FW, GoI)",ICAR Soil Test Crop Response (STCR) Database & National Fertilizer Guidelines 2024-25
SOIL_REC_00277,Sorghum (Jowar),1,0,15,7.01,2.78,0.56,617.8,44.2,407.6,12.5,1.6,10.83,Black soil,High,High,High,12.8,0.0,0.0,27.8,0.0,0.0,0.0,0.0,0.0,Nitrogen,ELEVATED_SALINITY,"ICAR-IISS / Soil Health Card Portal (DAC&FW, GoI)",ICAR Soil Test Crop Response (STCR) Database & National Fertilizer Guidelines 2024-25
SOIL_REC_00278,Sorghum (Jowar),2,15,30,5.81,1.14,0.17,339.2,24.9,81.5,21.5,1.36,9.67,Black soil,Medium,Medium,Low,32.0,16.0,20.0,69.6,0.0,33.3,100.0,0.0,0.0,Potassium,ACIDIC_PH,"ICAR-IISS / Soil Health Card Portal (DAC&FW, GoI)",ICAR Soil Test Crop Response (STCR) Database & National Fertilizer Guidelines 2024-25
SOIL_REC_00279,Sorghum (Jowar),3,30,60,6.92,0.44,0.12,113.4,4.6,151.9,18.5,0.91,2.58,Black soil,Low,Low,Medium,40.0,20.8,16.0,69.3,45.2,26.7,0.0,0.0,0.0,Nitrogen,NONE,"ICAR-IISS / Soil Health Card Portal (DAC&FW, GoI)",ICAR Soil Test Crop Response (STCR) Database & National Fertilizer Guidelines 2024-25
SOIL_REC_00280,Sorghum (Jowar),1,0,15,8.2,2.77,0.55,186.1,9.0,227.9,24.5,0.36,5.48,Clay loam,Low,Low,Medium,40.0,20.8,16.0,69.3,45.2,32.0,0.0,0.0,0.0,Nitrogen,HIGH_EC_SALINITY;ALKALINE_PH;ELEVATED_SALINITY,"ICAR-IISS / Soil Health Card Portal (DAC&FW, GoI)",ICAR Soil Test Crop Response (STCR) Database & National Fertilizer Guidelines 2024-25
SOIL_REC_00281,Sorghum (Jowar),2,15,30,8.41,0.56,0.66,372.4,8.7,335.6,8.0,1.05,2.58,Clay loam,Medium,Low,Medium,32.0,20.8,16.0,52.0,45.2,26.7,0.0,0.0,0.0,Phosphorus,ALKALINE_PH,"ICAR-IISS / Soil Health Card Portal (DAC&FW, GoI)",ICAR Soil Test Crop Response (STCR) Database & National Fertilizer Guidelines 2024-25
SOIL_REC_00282,Sorghum (Jowar),3,30,60,7.65,1.34,0.42,217.0,6.2,119.1,23.2,1.58,3.32,Clay loam,Low,Low,Low,40.0,20.8,20.0,69.3,45.2,33.3,0.0,0.0,0.0,Nitrogen,NONE,"ICAR-IISS / Soil Health Card Portal (DAC&FW, GoI)",ICAR Soil Test Crop Response (STCR) Database & National Fertilizer Guidelines 2024-25
SOIL_REC_00283,Sorghum (Jowar),1,0,15,5.96,0.52,0.84,295.8,24.0,374.8,10.9,1.23,4.86,Sandy loam,Medium,Medium,High,28.8,16.0,0.0,62.6,0.0,0.0,100.0,0.0,0.0,Nitrogen,ACIDIC_PH;HIGH_LEACHING_TEXTURE,"ICAR-IISS / Soil Health Card Portal (DAC&FW, GoI)",ICAR Soil Test Crop Response (STCR) Database & National Fertilizer Guidelines 2024-25
SOIL_REC_00284,Sorghum (Jowar),2,15,30,7.48,2.08,0.32,443.0,5.3,296.2,28.5,0.53,8.27,Sandy loam,Medium,Low,Medium,32.0,20.8,16.0,52.0,45.2,32.0,0.0,0.0,0.0,Phosphorus,HIGH_EC_SALINITY;ELEVATED_SALINITY;HIGH_LEACHING_TEXTURE,"ICAR-IISS / Soil Health Card Portal (DAC&FW, GoI)",ICAR Soil Test Crop Response (STCR) Database & National Fertilizer Guidelines 2024-25
SOIL_REC_00285,Sorghum (Jowar),3,30,60,6.12,1.22,0.38,256.0,19.7,88.1,14.8,0.59,8.56,Sandy loam,Low,Medium,Low,40.0,16.0,20.0,87.0,0.0,33.3,100.0,0.0,0.0,Nitrogen,HIGH_LEACHING_TEXTURE,"ICAR-IISS / Soil Health Card Portal (DAC&FW, GoI)",ICAR Soil Test Crop Response (STCR) Database & National Fertilizer Guidelines 2024-25
SOIL_REC_00286,Sorghum (Jowar),1,0,15,7.24,2.74,1.09,587.0,11.5,399.9,19.9,0.78,8.99,Sandy loam,High,Medium,High,9.6,16.0,0.0,7.2,34.8,0.0,0.0,0.0,0.0,Nitrogen,ELEVATED_SALINITY;HIGH_LEACHING_TEXTURE,"ICAR-IISS / Soil Health Card Portal (DAC&FW, GoI)",ICAR Soil Test Crop Response (STCR) Database & National Fertilizer Guidelines 2024-25
SOIL_REC_00287,Sorghum (Jowar),2,15,30,8.02,2.68,0.66,96.3,6.6,138.3,5.1,0.3,10.0,Sandy loam,Low,Low,Low,40.0,20.8,20.0,69.3,45.2,40.0,0.0,0.0,0.0,Nitrogen,HIGH_EC_SALINITY;ALKALINE_PH;ELEVATED_SALINITY;HIGH_LEACHING_TEXTURE,"ICAR-IISS / Soil Health Card Portal (DAC&FW, GoI)",ICAR Soil Test Crop Response (STCR) Database & National Fertilizer Guidelines 2024-25
SOIL_REC_00288,Sorghum (Jowar),3,30,60,7.17,1.83,0.31,163.9,17.7,59.8,19.0,1.19,5.14,Sandy loam,Low,Medium,Low,40.0,16.0,20.0,73.3,34.8,33.3,0.0,0.0,0.0,Nitrogen,ELEVATED_SALINITY;HIGH_LEACHING_TEXTURE,"ICAR-IISS / Soil Health Card Portal (DAC&FW, GoI)",ICAR Soil Test Crop Response (STCR) Database & National Fertilizer Guidelines 2024-25
SOIL_REC_00289,Sorghum (Jowar),1,0,15,5.76,2.59,1.08,197.7,19.7,301.1,25.4,1.24,8.61,Clay loam,Low,Medium,Medium,36.8,16.0,16.0,80.0,0.0,32.0,100.0,0.0,0.0,Nitrogen,HIGH_EC_SALINITY;ACIDIC_PH;ELEVATED_SALINITY,"ICAR-IISS / Soil Health Card Portal (DAC&FW, GoI)",ICAR Soil Test Crop Response (STCR) Database & National Fertilizer Guidelines 2024-25
SOIL_REC_00290,Sorghum (Jowar),2,15,30,6.52,1.34,0.79,179.5,12.2,317.1,7.2,1.18,3.02,Clay loam,Low,Medium,Medium,40.0,16.0,16.0,73.3,34.8,26.7,0.0,0.0,0.0,Nitrogen,NONE,"ICAR-IISS / Soil Health Card Portal (DAC&FW, GoI)",ICAR Soil Test Crop Response (STCR) Database & National Fertilizer Guidelines 2024-25
SOIL_REC_00291,Sorghum (Jowar),3,30,60,7.7,1.91,0.16,63.2,5.9,47.0,17.9,0.75,7.41,Clay loam,Low,Low,Low,40.0,20.8,20.0,69.3,45.2,33.3,0.0,0.0,0.0,Nitrogen,ELEVATED_SALINITY,"ICAR-IISS / Soil Health Card Portal (DAC&FW, GoI)",ICAR Soil Test Crop Response (STCR) Database & National Fertilizer Guidelines 2024-25
SOIL_REC_00292,Sorghum (Jowar),1,0,15,6.36,1.17,0.86,556.7,36.8,132.5,29.2,0.74,6.58,Red soil,Medium,High,Low,28.8,0.0,20.0,62.6,0.0,33.3,0.0,0.0,0.0,Potassium,NONE,"ICAR-IISS / Soil Health Card Portal (DAC&FW, GoI)",ICAR Soil Test Crop Response (STCR) Database & National Fertilizer Guidelines 2024-25
SOIL_REC_00293,Sorghum (Jowar),2,15,30,7.23,0.88,0.81,325.3,20.1,205.4,5.6,1.57,4.09,Red soil,Medium,Medium,Medium,28.8,16.0,16.0,48.9,34.8,26.7,0.0,0.0,0.0,Nitrogen,NONE,"ICAR-IISS / Soil Health Card Portal (DAC&FW, GoI)",ICAR Soil Test Crop Response (STCR) Database & National Fertilizer Guidelines 2024-25
SOIL_REC_00294,Sorghum (Jowar),3,30,60,6.02,2.21,0.5,228.5,5.4,178.3,4.1,1.57,2.62,Red soil,Low,Low,Medium,40.0,20.8,16.0,87.0,0.0,32.0,130.0,0.0,0.0,Nitrogen,HIGH_EC_SALINITY;ELEVATED_SALINITY,"ICAR-IISS / Soil Health Card Portal (DAC&FW, GoI)",ICAR Soil Test Crop Response (STCR) Database & National Fertilizer Guidelines 2024-25
SOIL_REC_00295,Sorghum (Jowar),1,0,15,7.06,1.2,0.29,585.6,42.0,289.0,29.6,1.39,6.48,Sandy loam,High,High,Medium,12.8,0.0,16.0,27.8,0.0,26.7,0.0,0.0,0.0,Nitrogen,HIGH_LEACHING_TEXTURE,"ICAR-IISS / Soil Health Card Portal (DAC&FW, GoI)",ICAR Soil Test Crop Response (STCR) Database & National Fertilizer Guidelines 2024-25
SOIL_REC_00296,Sorghum (Jowar),2,15,30,6.56,1.28,0.63,191.7,7.0,168.2,18.1,1.64,4.2,Sandy loam,Low,Low,Medium,40.0,20.8,16.0,69.3,45.2,26.7,0.0,0.0,0.0,Nitrogen,HIGH_LEACHING_TEXTURE,"ICAR-IISS / Soil Health Card Portal (DAC&FW, GoI)",ICAR Soil Test Crop Response (STCR) Database & National Fertilizer Guidelines 2024-25
SOIL_REC_00297,Sorghum (Jowar),3,30,60,8.15,2.75,0.53,77.2,12.8,95.8,27.7,0.72,7.75,Sandy loam,Low,Medium,Low,40.0,16.0,20.0,73.3,34.8,40.0,0.0,0.0,0.0,Nitrogen,HIGH_EC_SALINITY;ALKALINE_PH;ELEVATED_SALINITY;HIGH_LEACHING_TEXTURE,"ICAR-IISS / Soil Health Card Portal (DAC&FW, GoI)",ICAR Soil Test Crop Response (STCR) Database & National Fertilizer Guidelines 2024-25
SOIL_REC_00298,Sorghum (Jowar),1,0,15,6.72,0.96,0.9,489.8,16.2,222.6,31.2,1.8,9.87,Sandy loam,Medium,Medium,Medium,28.8,16.0,16.0,48.9,34.8,26.7,0.0,0.0,0.0,Nitrogen,HIGH_LEACHING_TEXTURE,"ICAR-IISS / Soil Health Card Portal (DAC&FW, GoI)",ICAR Soil Test Crop Response (STCR) Database & National Fertilizer Guidelines 2024-25
SOIL_REC_00299,Sorghum (Jowar),2,15,30,7.92,1.62,0.68,146.5,33.9,74.0,19.2,1.22,9.09,Sandy loam,Low,High,Low,40.0,0.0,20.0,87.0,0.0,33.3,0.0,0.0,0.0,Nitrogen,HIGH_LEACHING_TEXTURE,"ICAR-IISS / Soil Health Card Portal (DAC&FW, GoI)",ICAR Soil Test Crop Response (STCR) Database & National Fertilizer Guidelines 2024-25
SOIL_REC_00300,Sorghum (Jowar),3,30,60,5.53,1.07,0.44,154.1,18.5,100.4,9.7,1.77,6.49,Sandy loam,Low,Medium,Low,40.0,16.0,20.0,87.0,0.0,33.3,100.0,0.0,0.0,Nitrogen,ACIDIC_PH;HIGH_LEACHING_TEXTURE,"ICAR-IISS / Soil Health Card Portal (DAC&FW, GoI)",ICAR Soil Test Crop Response (STCR) Database & National Fertilizer Guidelines 2024-25
SOIL_REC_00301,Sorghum (Jowar),1,0,15,8.71,0.57,0.42,142.0,15.7,394.4,15.6,1.63,6.86,Sandy loam,Low,Medium,High,40.0,16.0,0.0,73.3,34.8,0.0,0.0,0.0,0.0,Nitrogen,ALKALINE_PH;HIGH_LEACHING_TEXTURE,"ICAR-IISS / Soil Health Card Portal (DAC&FW, GoI)",ICAR Soil Test Crop Response (STCR) Database & National Fertilizer Guidelines 2024-25
SOIL_REC_00302,Sorghum (Jowar),2,15,30,7.97,1.71,0.47,329.0,16.9,227.3,5.7,1.26,3.74,Sandy loam,Medium,Medium,Medium,32.0,16.0,16.0,55.9,34.8,26.7,0.0,0.0,0.0,Nitrogen,HIGH_LEACHING_TEXTURE,"ICAR-IISS / Soil Health Card Portal (DAC&FW, GoI)",ICAR Soil Test Crop Response (STCR) Database & National Fertilizer Guidelines 2024-25
SOIL_REC_00303,Sorghum (Jowar),3,30,60,6.46,2.41,0.51,158.2,20.5,103.7,16.7,0.57,11.46,Sandy loam,Low,Medium,Low,40.0,16.0,20.0,73.3,34.8,40.0,0.0,0.0,0.0,Nitrogen,HIGH_EC_SALINITY;ELEVATED_SALINITY;HIGH_LEACHING_TEXTURE,"ICAR-IISS / Soil Health Card Portal (DAC&FW, GoI)",ICAR Soil Test Crop Response (STCR) Database & National Fertilizer Guidelines 2024-25
SOIL_REC_00304,Sorghum (Jowar),1,0,15,8.07,1.72,0.3,202.2,25.6,236.3,19.0,1.74,4.47,Loam,Low,High,Medium,40.0,0.0,16.0,87.0,0.0,26.7,0.0,0.0,0.0,Nitrogen,ALKALINE_PH,"ICAR-IISS / Soil Health Card Portal (DAC&FW, GoI)",ICAR Soil Test Crop Response (STCR) Database & National Fertilizer Guidelines 2024-25
SOIL_REC_00305,Sorghum (Jowar),2,15,30,6.52,0.89,0.2,149.1,26.1,290.6,23.5,0.26,10.44,Loam,Low,High,Medium,40.0,0.0,16.0,87.0,0.0,26.7,0.0,0.0,0.0,Nitrogen,NONE,"ICAR-IISS / Soil Health Card Portal (DAC&FW, GoI)",ICAR Soil Test Crop Response (STCR) Database & National Fertilizer Guidelines 2024-25
SOIL_REC_00306,Sorghum (Jowar),3,30,60,6.58,0.44,0.19,148.9,13.8,166.9,11.3,1.79,2.8,Loam,Low,Medium,Medium,40.0,16.0,16.0,73.3,34.8,26.7,0.0,0.0,0.0,Nitrogen,NONE,"ICAR-IISS / Soil Health Card Portal (DAC&FW, GoI)",ICAR Soil Test Crop Response (STCR) Database & National Fertilizer Guidelines 2024-25
SOIL_REC_00307,Sorghum (Jowar),1,0,15,8.32,1.65,0.67,167.4,10.3,375.8,7.4,0.3,9.92,Black soil,Low,Medium,High,40.0,16.0,0.0,73.3,34.8,0.0,0.0,0.0,0.0,Nitrogen,ALKALINE_PH,"ICAR-IISS / Soil Health Card Portal (DAC&FW, GoI)",ICAR Soil Test Crop Response (STCR) Database & National Fertilizer Guidelines 2024-25
SOIL_REC_00308,Sorghum (Jowar),2,15,30,6.23,0.72,0.4,347.4,34.0,90.2,20.4,1.67,3.21,Black soil,Medium,High,Low,32.0,0.0,20.0,69.6,0.0,33.3,0.0,0.0,0.0,Potassium,NONE,"ICAR-IISS / Soil Health Card Portal (DAC&FW, GoI)",ICAR Soil Test Crop Response (STCR) Database & National Fertilizer Guidelines 2024-25
SOIL_REC_00309,Sorghum (Jowar),3,30,60,8.79,0.71,0.38,262.3,4.9,197.5,26.6,0.4,11.45,Black soil,Low,Low,Medium,40.0,20.8,16.0,69.3,45.2,26.7,0.0,0.0,0.0,Nitrogen,ALKALINE_PH,"ICAR-IISS / Soil Health Card Portal (DAC&FW, GoI)",ICAR Soil Test Crop Response (STCR) Database & National Fertilizer Guidelines 2024-25
SOIL_REC_00310,Sorghum (Jowar),1,0,15,6.05,1.69,0.93,317.5,7.2,336.0,8.8,0.54,4.28,Sandy loam,Medium,Low,Medium,28.8,20.8,16.0,62.6,0.0,26.7,130.0,0.0,0.0,Phosphorus,HIGH_LEACHING_TEXTURE,"ICAR-IISS / Soil Health Card Portal (DAC&FW, GoI)",ICAR Soil Test Crop Response (STCR) Database & National Fertilizer Guidelines 2024-25
SOIL_REC_00311,Sorghum (Jowar),2,15,30,6.42,2.5,0.14,322.2,12.2,147.2,15.5,1.08,3.08,Sandy loam,Medium,Medium,Medium,32.0,16.0,16.0,55.9,34.8,32.0,0.0,0.0,0.0,Nitrogen,HIGH_EC_SALINITY;ELEVATED_SALINITY;HIGH_LEACHING_TEXTURE,"ICAR-IISS / Soil Health Card Portal (DAC&FW, GoI)",ICAR Soil Test Crop Response (STCR) Database & National Fertilizer Guidelines 2024-25
SOIL_REC_00312,Sorghum (Jowar),3,30,60,6.42,0.56,0.17,281.2,14.0,158.5,26.5,1.47,11.9,Sandy loam,Medium,Medium,Medium,32.0,16.0,16.0,55.9,34.8,26.7,0.0,0.0,0.0,Nitrogen,HIGH_LEACHING_TEXTURE,"ICAR-IISS / Soil Health Card Portal (DAC&FW, GoI)",ICAR Soil Test Crop Response (STCR) Database & National Fertilizer Guidelines 2024-25
SOIL_REC_00313,Sorghum (Jowar),1,0,15,6.69,1.62,0.61,576.3,27.1,229.8,9.0,0.71,4.58,Red soil,High,High,Medium,12.8,0.0,16.0,27.8,0.0,26.7,0.0,0.0,0.0,Nitrogen,NONE,"ICAR-IISS / Soil Health Card Portal (DAC&FW, GoI)",ICAR Soil Test Crop Response (STCR) Database & National Fertilizer Guidelines 2024-25
SOIL_REC_00314,Sorghum (Jowar),2,15,30,8.46,2.22,0.15,461.8,21.2,274.5,32.0,1.76,3.45,Red soil,Medium,Medium,Medium,32.0,16.0,16.0,55.9,34.8,32.0,0.0,0.0,0.0,Nitrogen,HIGH_EC_SALINITY;ALKALINE_PH;ELEVATED_SALINITY,"ICAR-IISS / Soil Health Card Portal (DAC&FW, GoI)",ICAR Soil Test Crop Response (STCR) Database & National Fertilizer Guidelines 2024-25
SOIL_REC_00315,Sorghum (Jowar),3,30,60,7.67,0.89,0.46,289.3,4.2,224.4,10.1,1.55,10.08,Red soil,Medium,Low,Medium,32.0,20.8,16.0,52.0,45.2,26.7,0.0,0.0,0.0,Phosphorus,NONE,"ICAR-IISS / Soil Health Card Portal (DAC&FW, GoI)",ICAR Soil Test Crop Response (STCR) Database & National Fertilizer Guidelines 2024-25
SOIL_REC_00316,Sorghum (Jowar),1,0,15,8.59,2.78,0.32,238.3,19.4,355.7,14.0,1.15,9.18,Clay loam,Low,Medium,High,40.0,16.0,0.0,73.3,34.8,0.0,0.0,0.0,0.0,Nitrogen,ALKALINE_PH;ELEVATED_SALINITY,"ICAR-IISS / Soil Health Card Portal (DAC&FW, GoI)",ICAR Soil Test Crop Response (STCR) Database & National Fertilizer Guidelines 2024-25
SOIL_REC_00317,Sorghum (Jowar),2,15,30,6.66,1.68,0.21,445.6,30.9,286.3,31.2,1.07,4.17,Clay loam,Medium,High,Medium,32.0,0.0,16.0,69.6,0.0,26.7,0.0,0.0,0.0,Nitrogen,NONE,"ICAR-IISS / Soil Health Card Portal (DAC&FW, GoI)",ICAR Soil Test Crop Response (STCR) Database & National Fertilizer Guidelines 2024-25
SOIL_REC_00318,Sorghum (Jowar),3,30,60,5.63,0.35,0.36,65.0,13.0,104.7,21.2,1.49,5.74,Clay loam,Low,Medium,Low,40.0,16.0,20.0,87.0,0.0,33.3,100.0,0.0,0.0,Nitrogen,ACIDIC_PH,"ICAR-IISS / Soil Health Card Portal (DAC&FW, GoI)",ICAR Soil Test Crop Response (STCR) Database & National Fertilizer Guidelines 2024-25
SOIL_REC_00319,Sorghum (Jowar),1,0,15,8.53,2.4,0.46,131.0,30.6,420.2,25.7,1.55,10.68,Loam,Low,High,High,40.0,0.0,0.0,87.0,0.0,0.0,0.0,0.0,0.0,Nitrogen,ALKALINE_PH;ELEVATED_SALINITY,"ICAR-IISS / Soil Health Card Portal (DAC&FW, GoI)",ICAR Soil Test Crop Response (STCR) Database & National Fertilizer Guidelines 2024-25
SOIL_REC_00320,Sorghum (Jowar),2,15,30,8.67,1.17,0.78,238.3,7.7,149.0,7.8,0.45,11.51,Loam,Low,Low,Medium,40.0,20.8,16.0,69.3,45.2,26.7,0.0,0.0,0.0,Nitrogen,ALKALINE_PH,"ICAR-IISS / Soil Health Card Portal (DAC&FW, GoI)",ICAR Soil Test Crop Response (STCR) Database & National Fertilizer Guidelines 2024-25
SOIL_REC_00321,Sorghum (Jowar),3,30,60,8.11,2.7,0.38,103.6,23.3,169.8,30.0,1.46,4.62,Loam,Low,Medium,Medium,40.0,16.0,16.0,73.3,34.8,32.0,0.0,0.0,0.0,Nitrogen,HIGH_EC_SALINITY;ALKALINE_PH;ELEVATED_SALINITY,"ICAR-IISS / Soil Health Card Portal (DAC&FW, GoI)",ICAR Soil Test Crop Response (STCR) Database & National Fertilizer Guidelines 2024-25
SOIL_REC_00322,Sorghum (Jowar),1,0,15,8.19,1.18,0.85,267.3,13.5,90.6,23.7,1.12,10.58,Alluvial,Low,Medium,Low,36.8,16.0,20.0,66.3,34.8,33.3,0.0,0.0,0.0,Nitrogen,ALKALINE_PH,"ICAR-IISS / Soil Health Card Portal (DAC&FW, GoI)",ICAR Soil Test Crop Response (STCR) Database & National Fertilizer Guidelines 2024-25
SOIL_REC_00323,Sorghum (Jowar),2,15,30,8.04,1.68,0.24,209.3,30.0,232.6,21.9,0.37,7.21,Alluvial,Low,High,Medium,40.0,0.0,16.0,87.0,0.0,26.7,0.0,0.0,0.0,Nitrogen,ALKALINE_PH,"ICAR-IISS / Soil Health Card Portal (DAC&FW, GoI)",ICAR Soil Test Crop Response (STCR) Database & National Fertilizer Guidelines 2024-25
SOIL_REC_00324,Sorghum (Jowar),3,30,60,6.59,0.4,0.24,139.9,16.4,218.4,27.0,1.27,9.43,Alluvial,Low,Medium,Medium,40.0,16.0,16.0,73.3,34.8,26.7,0.0,0.0,0.0,Nitrogen,NONE,"ICAR-IISS / Soil Health Card Portal (DAC&FW, GoI)",ICAR Soil Test Crop Response (STCR) Database & National Fertilizer Guidelines 2024-25
SOIL_REC_00325,Sorghum (Jowar),1,0,15,6.97,0.89,0.39,153.9,16.8,128.9,4.0,0.82,9.46,Clay loam,Low,Medium,Low,40.0,16.0,20.0,73.3,34.8,33.3,0.0,0.0,0.0,Nitrogen,NONE,"ICAR-IISS / Soil Health Card Portal (DAC&FW, GoI)",ICAR Soil Test Crop Response (STCR) Database & National Fertilizer Guidelines 2024-25
SOIL_REC_00326,Sorghum (Jowar),2,15,30,8.7,2.5,0.46,232.0,21.7,94.9,17.4,1.58,8.68,Clay loam,Low,Medium,Low,40.0,16.0,20.0,73.3,34.8,40.0,0.0,0.0,0.0,Nitrogen,HIGH_EC_SALINITY;ALKALINE_PH;ELEVATED_SALINITY,"ICAR-IISS / Soil Health Card Portal (DAC&FW, GoI)",ICAR Soil Test Crop Response (STCR) Database & National Fertilizer Guidelines 2024-25
SOIL_REC_00327,Sorghum (Jowar),3,30,60,7.77,0.62,0.11,271.4,9.2,102.4,30.6,0.32,4.12,Clay loam,Low,Low,Low,40.0,20.8,20.0,69.3,45.2,33.3,0.0,0.0,0.0,Nitrogen,NONE,"ICAR-IISS / Soil Health Card Portal (DAC&FW, GoI)",ICAR Soil Test Crop Response (STCR) Database & National Fertilizer Guidelines 2024-25
SOIL_REC_00328,Sorghum (Jowar),1,0,15,6.03,0.4,1.04,609.0,20.2,444.7,29.0,1.33,6.6,Black soil,High,Medium,High,9.6,16.0,0.0,20.9,0.0,0.0,100.0,0.0,0.0,Nitrogen,NONE,"ICAR-IISS / Soil Health Card Portal (DAC&FW, GoI)",ICAR Soil Test Crop Response (STCR) Database & National Fertilizer Guidelines 2024-25
SOIL_REC_00329,Sorghum (Jowar),2,15,30,7.66,1.78,0.42,110.1,14.9,330.6,15.5,1.09,11.29,Black soil,Low,Medium,Medium,40.0,16.0,16.0,73.3,34.8,26.7,0.0,0.0,0.0,Nitrogen,NONE,"ICAR-IISS / Soil Health Card Portal (DAC&FW, GoI)",ICAR Soil Test Crop Response (STCR) Database & National Fertilizer Guidelines 2024-25
SOIL_REC_00330,Sorghum (Jowar),3,30,60,7.28,1.92,0.22,84.0,11.3,143.9,17.7,0.29,2.54,Black soil,Low,Medium,Low,40.0,16.0,20.0,73.3,34.8,33.3,0.0,0.0,0.0,Nitrogen,ELEVATED_SALINITY,"ICAR-IISS / Soil Health Card Portal (DAC&FW, GoI)",ICAR Soil Test Crop Response (STCR) Database & National Fertilizer Guidelines 2024-25
SOIL_REC_00331,Sorghum (Jowar),1,0,15,6.47,1.92,0.72,219.8,7.1,151.5,12.2,0.33,10.52,Sandy loam,Low,Low,Medium,40.0,20.8,16.0,69.3,45.2,26.7,0.0,0.0,0.0,Nitrogen,ELEVATED_SALINITY;HIGH_LEACHING_TEXTURE,"ICAR-IISS / Soil Health Card Portal (DAC&FW, GoI)",ICAR Soil Test Crop Response (STCR) Database & National Fertilizer Guidelines 2024-25
SOIL_REC_00332,Sorghum (Jowar),2,15,30,6.52,1.23,0.46,337.9,7.4,214.4,9.2,1.62,6.01,Sandy loam,Medium,Low,Medium,32.0,20.8,16.0,52.0,45.2,26.7,0.0,0.0,0.0,Phosphorus,HIGH_LEACHING_TEXTURE,"ICAR-IISS / Soil Health Card Portal (DAC&FW, GoI)",ICAR Soil Test Crop Response (STCR) Database & National Fertilizer Guidelines 2024-25
SOIL_REC_00333,Sorghum (Jowar),3,30,60,6.97,0.88,0.3,116.6,8.6,56.1,25.1,1.27,3.31,Sandy loam,Low,Low,Low,40.0,20.8,20.0,69.3,45.2,33.3,0.0,0.0,0.0,Nitrogen,HIGH_LEACHING_TEXTURE,"ICAR-IISS / Soil Health Card Portal (DAC&FW, GoI)",ICAR Soil Test Crop Response (STCR) Database & National Fertilizer Guidelines 2024-25
SOIL_REC_00334,Sorghum (Jowar),1,0,15,8.17,1.28,0.87,233.8,8.6,229.4,18.6,1.75,9.03,Clay loam,Low,Low,Medium,36.8,20.8,16.0,62.4,45.2,26.7,0.0,0.0,0.0,Nitrogen,ALKALINE_PH,"ICAR-IISS / Soil Health Card Portal (DAC&FW, GoI)",ICAR Soil Test Crop Response (STCR) Database & National Fertilizer Guidelines 2024-25
SOIL_REC_00335,Sorghum (Jowar),2,15,30,8.59,1.69,0.28,202.1,16.9,298.1,5.0,1.11,7.41,Clay loam,Low,Medium,Medium,40.0,16.0,16.0,73.3,34.8,26.7,0.0,0.0,0.0,Nitrogen,ALKALINE_PH,"ICAR-IISS / Soil Health Card Portal (DAC&FW, GoI)",ICAR Soil Test Crop Response (STCR) Database & National Fertilizer Guidelines 2024-25
SOIL_REC_00336,Sorghum (Jowar),3,30,60,7.39,2.76,0.15,297.3,12.4,215.8,8.7,0.54,4.33,Clay loam,Medium,Medium,Medium,32.0,16.0,16.0,55.9,34.8,32.0,0.0,0.0,0.0,Nitrogen,HIGH_EC_SALINITY;ELEVATED_SALINITY,"ICAR-IISS / Soil Health Card Portal (DAC&FW, GoI)",ICAR Soil Test Crop Response (STCR) Database & National Fertilizer Guidelines 2024-25
SOIL_REC_00337,Sorghum (Jowar),1,0,15,6.9,2.77,0.56,618.6,32.3,390.3,11.2,1.66,11.18,Sandy loam,High,High,High,12.8,0.0,0.0,27.8,0.0,0.0,0.0,0.0,0.0,Nitrogen,ELEVATED_SALINITY;HIGH_LEACHING_TEXTURE,"ICAR-IISS / Soil Health Card Portal (DAC&FW, GoI)",ICAR Soil Test Crop Response (STCR) Database & National Fertilizer Guidelines 2024-25
SOIL_REC_00338,Sorghum (Jowar),2,15,30,5.72,1.21,0.4,212.3,13.2,191.2,28.5,1.46,8.42,Sandy loam,Low,Medium,Medium,40.0,16.0,16.0,87.0,0.0,26.7,100.0,0.0,0.0,Nitrogen,ACIDIC_PH;HIGH_LEACHING_TEXTURE,"ICAR-IISS / Soil Health Card Portal (DAC&FW, GoI)",ICAR Soil Test Crop Response (STCR) Database & National Fertilizer Guidelines 2024-25
SOIL_REC_00339,Sorghum (Jowar),3,30,60,7.22,1.29,0.27,97.0,15.3,181.5,30.3,1.68,7.85,Sandy loam,Low,Medium,Medium,40.0,16.0,16.0,73.3,34.8,26.7,0.0,0.0,0.0,Nitrogen,HIGH_LEACHING_TEXTURE,"ICAR-IISS / Soil Health Card Portal (DAC&FW, GoI)",ICAR Soil Test Crop Response (STCR) Database & National Fertilizer Guidelines 2024-25
SOIL_REC_00340,Sorghum (Jowar),1,0,15,8.09,2.46,0.99,558.9,17.1,325.7,20.0,0.96,4.14,Sandy loam,Medium,Medium,Medium,28.8,16.0,16.0,48.9,34.8,32.0,0.0,0.0,0.0,Nitrogen,HIGH_EC_SALINITY;ALKALINE_PH;ELEVATED_SALINITY;HIGH_LEACHING_TEXTURE,"ICAR-IISS / Soil Health Card Portal (DAC&FW, GoI)",ICAR Soil Test Crop Response (STCR) Database & National Fertilizer Guidelines 2024-25
SOIL_REC_00341,Sorghum (Jowar),2,15,30,6.83,1.81,0.6,240.6,17.0,304.8,23.3,0.28,7.01,Sandy loam,Low,Medium,Medium,40.0,16.0,16.0,73.3,34.8,26.7,0.0,0.0,0.0,Nitrogen,ELEVATED_SALINITY;HIGH_LEACHING_TEXTURE,"ICAR-IISS / Soil Health Card Portal (DAC&FW, GoI)",ICAR Soil Test Crop Response (STCR) Database & National Fertilizer Guidelines 2024-25
SOIL_REC_00342,Sorghum (Jowar),3,30,60,6.39,1.17,0.24,258.4,9.5,196.7,28.0,1.3,11.74,Sandy loam,Low,Low,Medium,40.0,20.8,16.0,69.3,45.2,26.7,0.0,0.0,0.0,Nitrogen,HIGH_LEACHING_TEXTURE,"ICAR-IISS / Soil Health Card Portal (DAC&FW, GoI)",ICAR Soil Test Crop Response (STCR) Database & National Fertilizer Guidelines 2024-25
SOIL_REC_00343,Sorghum (Jowar),1,0,15,5.94,2.73,0.57,532.9,17.3,240.0,22.1,0.5,4.51,Loam,Medium,Medium,Medium,32.0,16.0,16.0,69.6,0.0,32.0,100.0,0.0,0.0,Nitrogen,HIGH_EC_SALINITY;ACIDIC_PH;ELEVATED_SALINITY,"ICAR-IISS / Soil Health Card Portal (DAC&FW, GoI)",ICAR Soil Test Crop Response (STCR) Database & National Fertilizer Guidelines 2024-25
SOIL_REC_00344,Sorghum (Jowar),2,15,30,8.22,2.13,0.65,415.2,30.4,206.6,8.5,0.7,7.31,Loam,Medium,High,Medium,32.0,0.0,16.0,69.6,0.0,32.0,0.0,0.0,0.0,Nitrogen,HIGH_EC_SALINITY;ALKALINE_PH;ELEVATED_SALINITY,"ICAR-IISS / Soil Health Card Portal (DAC&FW, GoI)",ICAR Soil Test Crop Response (STCR) Database & National Fertilizer Guidelines 2024-25
SOIL_REC_00345,Sorghum (Jowar),3,30,60,5.95,2.41,0.49,67.2,7.0,194.9,27.4,0.6,6.84,Loam,Low,Low,Medium,40.0,20.8,16.0,87.0,0.0,32.0,130.0,0.0,0.0,Nitrogen,HIGH_EC_SALINITY;ACIDIC_PH;ELEVATED_SALINITY,"ICAR-IISS / Soil Health Card Portal (DAC&FW, GoI)",ICAR Soil Test Crop Response (STCR) Database & National Fertilizer Guidelines 2024-25
SOIL_REC_00346,Sorghum (Jowar),1,0,15,7.83,0.91,0.93,372.6,32.7,134.6,4.9,0.8,8.14,Clay loam,Medium,High,Low,28.8,0.0,20.0,62.6,0.0,33.3,0.0,0.0,0.0,Potassium,NONE,"ICAR-IISS / Soil Health Card Portal (DAC&FW, GoI)",ICAR Soil Test Crop Response (STCR) Database & National Fertilizer Guidelines 2024-25
SOIL_REC_00347,Sorghum (Jowar),2,15,30,6.09,2.46,0.53,221.2,9.7,309.0,25.0,1.3,5.21,Clay loam,Low,Low,Medium,40.0,20.8,16.0,87.0,0.0,32.0,130.0,0.0,0.0,Nitrogen,HIGH_EC_SALINITY;ELEVATED_SALINITY,"ICAR-IISS / Soil Health Card Portal (DAC&FW, GoI)",ICAR Soil Test Crop Response (STCR) Database & National Fertilizer Guidelines 2024-25
SOIL_REC_00348,Sorghum (Jowar),3,30,60,6.78,0.62,0.35,301.2,21.0,161.5,23.0,0.63,6.39,Clay loam,Medium,Medium,Medium,32.0,16.0,16.0,55.9,34.8,26.7,0.0,0.0,0.0,Nitrogen,NONE,"ICAR-IISS / Soil Health Card Portal (DAC&FW, GoI)",ICAR Soil Test Crop Response (STCR) Database & National Fertilizer Guidelines 2024-25
SOIL_REC_00349,Sorghum (Jowar),1,0,15,8.35,2.71,0.8,357.0,11.6,152.4,26.4,0.56,8.28,Sandy loam,Medium,Medium,Medium,32.0,16.0,16.0,55.9,34.8,32.0,0.0,0.0,0.0,Nitrogen,HIGH_EC_SALINITY;ALKALINE_PH;ELEVATED_SALINITY;HIGH_LEACHING_TEXTURE,"ICAR-IISS / Soil Health Card Portal (DAC&FW, GoI)",ICAR Soil Test Crop Response (STCR) Database & National Fertilizer Guidelines 2024-25
SOIL_REC_00350,Sorghum (Jowar),2,15,30,8.61,2.05,0.62,193.3,32.7,297.4,16.9,0.55,5.37,Sandy loam,Low,High,Medium,40.0,0.0,16.0,87.0,0.0,32.0,0.0,0.0,0.0,Nitrogen,HIGH_EC_SALINITY;ALKALINE_PH;ELEVATED_SALINITY;HIGH_LEACHING_TEXTURE,"ICAR-IISS / Soil Health Card Portal (DAC&FW, GoI)",ICAR Soil Test Crop Response (STCR) Database & National Fertilizer Guidelines 2024-25
SOIL_REC_00351,Sorghum (Jowar),3,30,60,7.22,1.82,0.35,61.8,24.0,219.0,27.5,1.1,8.14,Sandy loam,Low,Medium,Medium,40.0,16.0,16.0,73.3,34.8,26.7,0.0,0.0,0.0,Nitrogen,ELEVATED_SALINITY;HIGH_LEACHING_TEXTURE,"ICAR-IISS / Soil Health Card Portal (DAC&FW, GoI)",ICAR Soil Test Crop Response (STCR) Database & National Fertilizer Guidelines 2024-25
SOIL_REC_00352,Sorghum (Jowar),1,0,15,6.48,0.48,0.21,614.2,32.9,400.1,11.3,1.34,10.98,Clay loam,High,High,High,12.8,0.0,0.0,27.8,0.0,0.0,0.0,0.0,0.0,Nitrogen,NONE,"ICAR-IISS / Soil Health Card Portal (DAC&FW, GoI)",ICAR Soil Test Crop Response (STCR) Database & National Fertilizer Guidelines 2024-25
SOIL_REC_00353,Sorghum (Jowar),2,15,30,6.49,0.59,0.66,427.4,29.9,284.1,20.8,1.26,8.97,Clay loam,Medium,High,Medium,32.0,0.0,16.0,69.6,0.0,26.7,0.0,0.0,0.0,Nitrogen,NONE,"ICAR-IISS / Soil Health Card Portal (DAC&FW, GoI)",ICAR Soil Test Crop Response (STCR) Database & National Fertilizer Guidelines 2024-25
SOIL_REC_00354,Sorghum (Jowar),3,30,60,7.88,1.9,0.55,124.9,11.8,114.9,5.0,1.33,7.93,Clay loam,Low,Medium,Low,40.0,16.0,20.0,73.3,34.8,33.3,0.0,0.0,0.0,Nitrogen,ELEVATED_SALINITY,"ICAR-IISS / Soil Health Card Portal (DAC&FW, GoI)",ICAR Soil Test Crop Response (STCR) Database & National Fertilizer Guidelines 2024-25
SOIL_REC_00355,Sorghum (Jowar),1,0,15,6.63,2.05,0.8,439.2,26.0,428.6,14.0,0.68,4.11,Loam,Medium,High,High,32.0,0.0,0.0,69.6,0.0,0.0,0.0,0.0,0.0,Nitrogen,ELEVATED_SALINITY,"ICAR-IISS / Soil Health Card Portal (DAC&FW, GoI)",ICAR Soil Test Crop Response (STCR) Database & National Fertilizer Guidelines 2024-25
SOIL_REC_00356,Sorghum (Jowar),2,15,30,7.67,1.65,0.32,266.5,27.8,263.3,19.7,1.66,11.5,Loam,Low,High,Medium,40.0,0.0,16.0,87.0,0.0,26.7,0.0,0.0,0.0,Nitrogen,NONE,"ICAR-IISS / Soil Health Card Portal (DAC&FW, GoI)",ICAR Soil Test Crop Response (STCR) Database & National Fertilizer Guidelines 2024-25
SOIL_REC_00357,Sorghum (Jowar),3,30,60,8.47,1.9,0.18,115.8,21.3,120.7,28.8,0.79,8.06,Loam,Low,Medium,Low,40.0,16.0,20.0,73.3,34.8,33.3,0.0,0.0,0.0,Nitrogen,ALKALINE_PH;ELEVATED_SALINITY,"ICAR-IISS / Soil Health Card Portal (DAC&FW, GoI)",ICAR Soil Test Crop Response (STCR) Database & National Fertilizer Guidelines 2024-25
SOIL_REC_00358,Sorghum (Jowar),1,0,15,8.31,1.42,0.97,411.8,45.7,115.6,28.9,1.0,10.74,Black soil,Medium,High,Low,28.8,0.0,20.0,62.6,0.0,33.3,0.0,0.0,0.0,Potassium,ALKALINE_PH,"ICAR-IISS / Soil Health Card Portal (DAC&FW, GoI)",ICAR Soil Test Crop Response (STCR) Database & National Fertilizer Guidelines 2024-25
SOIL_REC_00359,Sorghum (Jowar),2,15,30,6.76,0.98,0.15,410.3,8.8,121.6,15.5,1.11,11.11,Black soil,Medium,Low,Low,32.0,20.8,20.0,52.0,45.2,33.3,0.0,0.0,0.0,Phosphorus,NONE,"ICAR-IISS / Soil Health Card Portal (DAC&FW, GoI)",ICAR Soil Test Crop Response (STCR) Database & National Fertilizer Guidelines 2024-25
SOIL_REC_00360,Sorghum (Jowar),3,30,60,7.01,1.02,0.41,254.7,13.2,158.6,9.0,1.22,2.54,Black soil,Low,Medium,Medium,40.0,16.0,16.0,73.3,34.8,26.7,0.0,0.0,0.0,Nitrogen,NONE,"ICAR-IISS / Soil Health Card Portal (DAC&FW, GoI)",ICAR Soil Test Crop Response (STCR) Database & National Fertilizer Guidelines 2024-25
SOIL_REC_00361,Pearl Millet (Bajra),1,0,15,6.19,2.21,0.7,199.2,39.0,370.7,7.6,0.89,6.58,Clay loam,Low,High,High,30.0,0.0,0.0,65.2,0.0,0.0,0.0,0.0,0.0,Nitrogen,ELEVATED_SALINITY,"ICAR-IISS / Soil Health Card Portal (DAC&FW, GoI)",ICAR Soil Test Crop Response (STCR) Database & National Fertilizer Guidelines 2024-25
SOIL_REC_00362,Pearl Millet (Bajra),2,15,30,6.92,1.44,0.12,290.2,27.5,324.0,29.0,1.41,7.54,Clay loam,Medium,High,Medium,24.0,0.0,12.0,52.2,0.0,20.0,0.0,0.0,0.0,Nitrogen,NONE,"ICAR-IISS / Soil Health Card Portal (DAC&FW, GoI)",ICAR Soil Test Crop Response (STCR) Database & National Fertilizer Guidelines 2024-25
SOIL_REC_00363,Pearl Millet (Bajra),3,30,60,5.56,0.21,0.42,116.6,21.4,101.2,6.9,1.01,5.41,Clay loam,Low,Medium,Low,30.0,12.0,15.0,65.2,0.0,25.0,75.0,0.0,0.0,Nitrogen,ACIDIC_PH,"ICAR-IISS / Soil Health Card Portal (DAC&FW, GoI)",ICAR Soil Test Crop Response (STCR) Database & National Fertilizer Guidelines 2024-25
SOIL_REC_00364,Pearl Millet (Bajra),1,0,15,8.22,0.98,0.43,483.9,31.0,211.6,28.9,1.79,5.76,Sandy loam,Medium,High,Medium,24.0,0.0,12.0,52.2,0.0,20.0,0.0,0.0,0.0,Nitrogen,ALKALINE_PH;HIGH_LEACHING_TEXTURE,"ICAR-IISS / Soil Health Card Portal (DAC&FW, GoI)",ICAR Soil Test Crop Response (STCR) Database & National Fertilizer Guidelines 2024-25
SOIL_REC_00365,Pearl Millet (Bajra),2,15,30,8.47,1.13,0.25,445.5,33.4,176.4,10.4,1.36,3.75,Sandy loam,Medium,High,Medium,24.0,0.0,12.0,52.2,0.0,20.0,0.0,0.0,0.0,Nitrogen,ALKALINE_PH;HIGH_LEACHING_TEXTURE,"ICAR-IISS / Soil Health Card Portal (DAC&FW, GoI)",ICAR Soil Test Crop Response (STCR) Database & National Fertilizer Guidelines 2024-25
SOIL_REC_00366,Pearl Millet (Bajra),3,30,60,7.92,1.73,0.16,151.6,16.7,51.7,28.5,0.61,7.58,Sandy loam,Low,Medium,Low,30.0,12.0,15.0,55.0,26.1,25.0,0.0,0.0,0.0,Nitrogen,HIGH_LEACHING_TEXTURE,"ICAR-IISS / Soil Health Card Portal (DAC&FW, GoI)",ICAR Soil Test Crop Response (STCR) Database & National Fertilizer Guidelines 2024-25
SOIL_REC_00367,Pearl Millet (Bajra),1,0,15,7.46,0.32,0.25,538.1,8.0,131.7,16.4,0.4,4.9,Sandy loam,Medium,Low,Low,24.0,15.6,15.0,38.9,33.9,25.0,0.0,0.0,0.0,Phosphorus,HIGH_LEACHING_TEXTURE,"ICAR-IISS / Soil Health Card Portal (DAC&FW, GoI)",ICAR Soil Test Crop Response (STCR) Database & National Fertilizer Guidelines 2024-25
SOIL_REC_00368,Pearl Millet (Bajra),2,15,30,7.82,0.73,0.6,93.5,17.8,94.8,18.6,1.2,9.16,Sandy loam,Low,Medium,Low,30.0,12.0,15.0,55.0,26.1,25.0,0.0,0.0,0.0,Nitrogen,HIGH_LEACHING_TEXTURE,"ICAR-IISS / Soil Health Card Portal (DAC&FW, GoI)",ICAR Soil Test Crop Response (STCR) Database & National Fertilizer Guidelines 2024-25
SOIL_REC_00369,Pearl Millet (Bajra),3,30,60,6.88,2.54,0.32,214.4,8.9,186.3,17.9,1.17,9.89,Sandy loam,Low,Low,Medium,30.0,15.6,12.0,52.0,33.9,24.0,0.0,0.0,0.0,Nitrogen,HIGH_EC_SALINITY;ELEVATED_SALINITY;HIGH_LEACHING_TEXTURE,"ICAR-IISS / Soil Health Card Portal (DAC&FW, GoI)",ICAR Soil Test Crop Response (STCR) Database & National Fertilizer Guidelines 2024-25
SOIL_REC_00370,Pearl Millet (Bajra),1,0,15,8.71,1.13,0.54,200.2,29.0,417.7,23.3,0.97,4.73,Alluvial,Low,High,High,30.0,0.0,0.0,65.2,0.0,0.0,0.0,0.0,0.0,Nitrogen,ALKALINE_PH,"ICAR-IISS / Soil Health Card Portal (DAC&FW, GoI)",ICAR Soil Test Crop Response (STCR) Database & National Fertilizer Guidelines 2024-25
SOIL_REC_00371,Pearl Millet (Bajra),2,15,30,5.54,0.43,0.19,305.3,20.1,323.9,25.8,0.32,9.37,Alluvial,Medium,Medium,Medium,24.0,12.0,12.0,52.2,0.0,20.0,75.0,0.0,0.0,Nitrogen,ACIDIC_PH,"ICAR-IISS / Soil Health Card Portal (DAC&FW, GoI)",ICAR Soil Test Crop Response (STCR) Database & National Fertilizer Guidelines 2024-25
SOIL_REC_00372,Pearl Millet (Bajra),3,30,60,8.49,1.88,0.29,304.3,8.5,54.0,26.8,1.6,10.6,Alluvial,Medium,Low,Low,24.0,15.6,15.0,38.9,33.9,25.0,0.0,0.0,0.0,Phosphorus,ALKALINE_PH;ELEVATED_SALINITY,"ICAR-IISS / Soil Health Card Portal (DAC&FW, GoI)",ICAR Soil Test Crop Response (STCR) Database & National Fertilizer Guidelines 2024-25
SOIL_REC_00373,Pearl Millet (Bajra),1,0,15,8.15,1.01,0.85,167.5,37.8,106.5,27.9,1.26,4.12,Clay loam,Low,High,Low,27.6,0.0,15.0,60.0,0.0,25.0,0.0,0.0,0.0,Nitrogen,ALKALINE_PH,"ICAR-IISS / Soil Health Card Portal (DAC&FW, GoI)",ICAR Soil Test Crop Response (STCR) Database & National Fertilizer Guidelines 2024-25
SOIL_REC_00374,Pearl Millet (Bajra),2,15,30,6.68,1.34,0.56,419.4,7.4,287.5,9.1,0.84,11.64,Clay loam,Medium,Low,Medium,24.0,15.6,12.0,38.9,33.9,20.0,0.0,0.0,0.0,Phosphorus,NONE,"ICAR-IISS / Soil Health Card Portal (DAC&FW, GoI)",ICAR Soil Test Crop Response (STCR) Database & National Fertilizer Guidelines 2024-25
SOIL_REC_00375,Pearl Millet (Bajra),3,30,60,6.4,1.2,0.48,260.0,16.6,188.4,7.2,1.31,3.06,Clay loam,Low,Medium,Medium,30.0,12.0,12.0,55.0,26.1,20.0,0.0,0.0,0.0,Nitrogen,NONE,"ICAR-IISS / Soil Health Card Portal (DAC&FW, GoI)",ICAR Soil Test Crop Response (STCR) Database & National Fertilizer Guidelines 2024-25
SOIL_REC_00376,Pearl Millet (Bajra),1,0,15,5.84,2.57,0.61,404.5,24.4,310.1,25.8,1.18,10.69,Loam,Medium,Medium,Medium,24.0,12.0,12.0,52.2,0.0,24.0,75.0,0.0,0.0,Nitrogen,HIGH_EC_SALINITY;ACIDIC_PH;ELEVATED_SALINITY,"ICAR-IISS / Soil Health Card Portal (DAC&FW, GoI)",ICAR Soil Test Crop Response (STCR) Database & National Fertilizer Guidelines 2024-25
SOIL_REC_00377,Pearl Millet (Bajra),2,15,30,8.4,2.09,0.75,271.2,19.9,307.2,16.3,0.3,8.72,Loam,Low,Medium,Medium,30.0,12.0,12.0,55.0,26.1,24.0,0.0,0.0,0.0,Nitrogen,HIGH_EC_SALINITY;ALKALINE_PH;ELEVATED_SALINITY,"ICAR-IISS / Soil Health Card Portal (DAC&FW, GoI)",ICAR Soil Test Crop Response (STCR) Database & National Fertilizer Guidelines 2024-25
SOIL_REC_00378,Pearl Millet (Bajra),3,30,60,5.54,2.46,0.32,245.9,18.2,85.3,30.8,1.6,7.43,Loam,Low,Medium,Low,30.0,12.0,15.0,65.2,0.0,30.0,75.0,0.0,0.0,Nitrogen,HIGH_EC_SALINITY;ACIDIC_PH;ELEVATED_SALINITY,"ICAR-IISS / Soil Health Card Portal (DAC&FW, GoI)",ICAR Soil Test Crop Response (STCR) Database & National Fertilizer Guidelines 2024-25
SOIL_REC_00379,Pearl Millet (Bajra),1,0,15,7.81,0.45,0.78,244.3,20.5,333.5,14.8,1.54,7.8,Red soil,Low,Medium,Medium,30.0,12.0,12.0,55.0,26.1,20.0,0.0,0.0,0.0,Nitrogen,NONE,"ICAR-IISS / Soil Health Card Portal (DAC&FW, GoI)",ICAR Soil Test Crop Response (STCR) Database & National Fertilizer Guidelines 2024-25
SOIL_REC_00380,Pearl Millet (Bajra),2,15,30,8.76,0.34,0.57,148.8,31.2,297.5,28.3,0.32,7.17,Red soil,Low,High,Medium,30.0,0.0,12.0,65.2,0.0,20.0,0.0,0.0,0.0,Nitrogen,ALKALINE_PH,"ICAR-IISS / Soil Health Card Portal (DAC&FW, GoI)",ICAR Soil Test Crop Response (STCR) Database & National Fertilizer Guidelines 2024-25
SOIL_REC_00381,Pearl Millet (Bajra),3,30,60,6.29,2.72,0.1,115.7,16.5,117.6,10.6,0.93,10.11,Red soil,Low,Medium,Low,30.0,12.0,15.0,55.0,26.1,30.0,0.0,0.0,0.0,Nitrogen,HIGH_EC_SALINITY;ELEVATED_SALINITY,"ICAR-IISS / Soil Health Card Portal (DAC&FW, GoI)",ICAR Soil Test Crop Response (STCR) Database & National Fertilizer Guidelines 2024-25
SOIL_REC_00382,Pearl Millet (Bajra),1,0,15,5.79,1.5,0.45,610.3,37.3,96.4,15.3,0.26,7.72,Black soil,High,High,Low,9.6,0.0,15.0,20.9,0.0,25.0,0.0,0.0,0.0,Potassium,ACIDIC_PH,"ICAR-IISS / Soil Health Card Portal (DAC&FW, GoI)",ICAR Soil Test Crop Response (STCR) Database & National Fertilizer Guidelines 2024-25
SOIL_REC_00383,Pearl Millet (Bajra),2,15,30,8.23,2.26,0.8,329.1,32.5,219.3,22.3,0.93,5.74,Black soil,Medium,High,Medium,24.0,0.0,12.0,52.2,0.0,24.0,0.0,0.0,0.0,Nitrogen,HIGH_EC_SALINITY;ALKALINE_PH;ELEVATED_SALINITY,"ICAR-IISS / Soil Health Card Portal (DAC&FW, GoI)",ICAR Soil Test Crop Response (STCR) Database & National Fertilizer Guidelines 2024-25
SOIL_REC_00384,Pearl Millet (Bajra),3,30,60,8.22,2.32,0.48,143.0,19.1,153.0,24.1,0.78,6.8,Black soil,Low,Medium,Medium,30.0,12.0,12.0,55.0,26.1,24.0,0.0,0.0,0.0,Nitrogen,HIGH_EC_SALINITY;ALKALINE_PH;ELEVATED_SALINITY,"ICAR-IISS / Soil Health Card Portal (DAC&FW, GoI)",ICAR Soil Test Crop Response (STCR) Database & National Fertilizer Guidelines 2024-25
SOIL_REC_00385,Pearl Millet (Bajra),1,0,15,8.01,0.78,0.47,534.9,46.5,195.1,18.6,1.32,2.93,Sandy loam,Medium,High,Medium,24.0,0.0,12.0,52.2,0.0,20.0,0.0,0.0,0.0,Nitrogen,ALKALINE_PH;HIGH_LEACHING_TEXTURE,"ICAR-IISS / Soil Health Card Portal (DAC&FW, GoI)",ICAR Soil Test Crop Response (STCR) Database & National Fertilizer Guidelines 2024-25
SOIL_REC_00386,Pearl Millet (Bajra),2,15,30,6.04,0.57,0.62,360.6,7.9,232.4,9.3,1.69,6.23,Sandy loam,Medium,Low,Medium,24.0,15.6,12.0,52.2,0.0,20.0,97.5,0.0,0.0,Phosphorus,HIGH_LEACHING_TEXTURE,"ICAR-IISS / Soil Health Card Portal (DAC&FW, GoI)",ICAR Soil Test Crop Response (STCR) Database & National Fertilizer Guidelines 2024-25
SOIL_REC_00387,Pearl Millet (Bajra),3,30,60,7.01,2.23,0.42,86.9,11.7,211.8,27.4,1.14,9.84,Sandy loam,Low,Medium,Medium,30.0,12.0,12.0,55.0,26.1,24.0,0.0,0.0,0.0,Nitrogen,HIGH_EC_SALINITY;ELEVATED_SALINITY;HIGH_LEACHING_TEXTURE,"ICAR-IISS / Soil Health Card Portal (DAC&FW, GoI)",ICAR Soil Test Crop Response (STCR) Database & National Fertilizer Guidelines 2024-25
SOIL_REC_00388,Pearl Millet (Bajra),1,0,15,7.01,1.73,0.63,601.9,6.2,355.0,19.5,0.89,8.06,Black soil,High,Low,High,9.6,15.6,0.0,7.6,33.9,0.0,0.0,0.0,0.0,Phosphorus,NONE,"ICAR-IISS / Soil Health Card Portal (DAC&FW, GoI)",ICAR Soil Test Crop Response (STCR) Database & National Fertilizer Guidelines 2024-25
SOIL_REC_00389,Pearl Millet (Bajra),2,15,30,8.55,2.23,0.76,349.4,10.0,287.6,6.9,1.25,8.26,Black soil,Medium,Medium,Medium,24.0,12.0,12.0,42.0,26.1,24.0,0.0,0.0,0.0,Nitrogen,HIGH_EC_SALINITY;ALKALINE_PH;ELEVATED_SALINITY,"ICAR-IISS / Soil Health Card Portal (DAC&FW, GoI)",ICAR Soil Test Crop Response (STCR) Database & National Fertilizer Guidelines 2024-25
SOIL_REC_00390,Pearl Millet (Bajra),3,30,60,6.56,2.49,0.27,212.2,17.5,89.7,15.1,0.75,5.29,Black soil,Low,Medium,Low,30.0,12.0,15.0,55.0,26.1,30.0,0.0,0.0,0.0,Nitrogen,HIGH_EC_SALINITY;ELEVATED_SALINITY,"ICAR-IISS / Soil Health Card Portal (DAC&FW, GoI)",ICAR Soil Test Crop Response (STCR) Database & National Fertilizer Guidelines 2024-25
SOIL_REC_00391,Pearl Millet (Bajra),1,0,15,5.96,1.77,0.99,376.1,41.4,287.2,12.8,1.38,7.76,Loam,Medium,High,Medium,21.6,0.0,12.0,47.0,0.0,20.0,0.0,0.0,0.0,Nitrogen,ACIDIC_PH,"ICAR-IISS / Soil Health Card Portal (DAC&FW, GoI)",ICAR Soil Test Crop Response (STCR) Database & National Fertilizer Guidelines 2024-25
SOIL_REC_00392,Pearl Millet (Bajra),2,15,30,6.22,0.75,0.62,347.5,33.5,103.3,23.9,1.76,4.19,Loam,Medium,High,Low,24.0,0.0,15.0,52.2,0.0,25.0,0.0,0.0,0.0,Potassium,NONE,"ICAR-IISS / Soil Health Card Portal (DAC&FW, GoI)",ICAR Soil Test Crop Response (STCR) Database & National Fertilizer Guidelines 2024-25
SOIL_REC_00393,Pearl Millet (Bajra),3,30,60,7.29,1.86,0.41,250.2,14.8,149.9,30.4,1.34,8.91,Loam,Low,Medium,Medium,30.0,12.0,12.0,55.0,26.1,20.0,0.0,0.0,0.0,Nitrogen,ELEVATED_SALINITY,"ICAR-IISS / Soil Health Card Portal (DAC&FW, GoI)",ICAR Soil Test Crop Response (STCR) Database & National Fertilizer Guidelines 2024-25
SOIL_REC_00394,Pearl Millet (Bajra),1,0,15,6.44,2.4,0.92,381.4,7.1,142.3,22.8,0.52,9.63,Alluvial,Medium,Low,Low,21.6,15.6,15.0,33.7,33.9,30.0,0.0,0.0,0.0,Phosphorus,HIGH_EC_SALINITY;ELEVATED_SALINITY,"ICAR-IISS / Soil Health Card Portal (DAC&FW, GoI)",ICAR Soil Test Crop Response (STCR) Database & National Fertilizer Guidelines 2024-25
SOIL_REC_00395,Pearl Millet (Bajra),2,15,30,6.03,0.95,0.29,404.8,26.3,147.2,25.1,0.25,10.23,Alluvial,Medium,High,Medium,24.0,0.0,12.0,52.2,0.0,20.0,0.0,0.0,0.0,Nitrogen,NONE,"ICAR-IISS / Soil Health Card Portal (DAC&FW, GoI)",ICAR Soil Test Crop Response (STCR) Database & National Fertilizer Guidelines 2024-25
SOIL_REC_00396,Pearl Millet (Bajra),3,30,60,5.84,2.46,0.43,276.2,18.6,146.0,10.7,1.45,10.09,Alluvial,Low,Medium,Medium,30.0,12.0,12.0,65.2,0.0,24.0,75.0,0.0,0.0,Nitrogen,HIGH_EC_SALINITY;ACIDIC_PH;ELEVATED_SALINITY,"ICAR-IISS / Soil Health Card Portal (DAC&FW, GoI)",ICAR Soil Test Crop Response (STCR) Database & National Fertilizer Guidelines 2024-25
SOIL_REC_00397,Pearl Millet (Bajra),1,0,15,7.79,0.32,0.51,328.3,39.1,336.7,31.0,0.29,9.56,Clay loam,Medium,High,High,24.0,0.0,0.0,52.2,0.0,0.0,0.0,0.0,0.0,Nitrogen,NONE,"ICAR-IISS / Soil Health Card Portal (DAC&FW, GoI)",ICAR Soil Test Crop Response (STCR) Database & National Fertilizer Guidelines 2024-25
SOIL_REC_00398,Pearl Millet (Bajra),2,15,30,6.17,2.46,0.73,256.1,11.6,238.6,23.9,0.79,8.09,Clay loam,Low,Medium,Medium,30.0,12.0,12.0,65.2,0.0,24.0,75.0,0.0,0.0,Nitrogen,HIGH_EC_SALINITY;ELEVATED_SALINITY,"ICAR-IISS / Soil Health Card Portal (DAC&FW, GoI)",ICAR Soil Test Crop Response (STCR) Database & National Fertilizer Guidelines 2024-25
SOIL_REC_00399,Pearl Millet (Bajra),3,30,60,7.94,0.71,0.42,108.4,12.4,222.0,6.1,1.74,9.48,Clay loam,Low,Medium,Medium,30.0,12.0,12.0,55.0,26.1,20.0,0.0,0.0,0.0,Nitrogen,NONE,"ICAR-IISS / Soil Health Card Portal (DAC&FW, GoI)",ICAR Soil Test Crop Response (STCR) Database & National Fertilizer Guidelines 2024-25
SOIL_REC_00400,Pearl Millet (Bajra),1,0,15,6.74,1.31,0.68,185.0,30.5,181.8,13.3,1.34,3.97,Sandy loam,Low,High,Medium,30.0,0.0,12.0,65.2,0.0,20.0,0.0,0.0,0.0,Nitrogen,HIGH_LEACHING_TEXTURE,"ICAR-IISS / Soil Health Card Portal (DAC&FW, GoI)",ICAR Soil Test Crop Response (STCR) Database & National Fertilizer Guidelines 2024-25
SOIL_REC_00401,Pearl Millet (Bajra),2,15,30,6.01,1.04,0.15,439.6,23.9,246.2,17.7,1.12,5.9,Sandy loam,Medium,Medium,Medium,24.0,12.0,12.0,52.2,0.0,20.0,75.0,0.0,0.0,Nitrogen,HIGH_LEACHING_TEXTURE,"ICAR-IISS / Soil Health Card Portal (DAC&FW, GoI)",ICAR Soil Test Crop Response (STCR) Database & National Fertilizer Guidelines 2024-25
SOIL_REC_00402,Pearl Millet (Bajra),3,30,60,8.09,1.03,0.18,106.0,4.4,135.9,15.6,1.06,3.37,Sandy loam,Low,Low,Low,30.0,15.6,15.0,52.0,33.9,25.0,0.0,0.0,0.0,Nitrogen,ALKALINE_PH;HIGH_LEACHING_TEXTURE,"ICAR-IISS / Soil Health Card Portal (DAC&FW, GoI)",ICAR Soil Test Crop Response (STCR) Database & National Fertilizer Guidelines 2024-25
SOIL_REC_00403,Pearl Millet (Bajra),1,0,15,8.42,1.92,0.46,266.8,45.9,312.6,17.3,1.1,9.65,Loam,Low,High,Medium,30.0,0.0,12.0,65.2,0.0,20.0,0.0,0.0,0.0,Nitrogen,ALKALINE_PH;ELEVATED_SALINITY,"ICAR-IISS / Soil Health Card Portal (DAC&FW, GoI)",ICAR Soil Test Crop Response (STCR) Database & National Fertilizer Guidelines 2024-25
SOIL_REC_00404,Pearl Millet (Bajra),2,15,30,7.64,0.5,0.36,180.1,24.7,315.5,10.8,0.26,10.91,Loam,Low,Medium,Medium,30.0,12.0,12.0,55.0,26.1,20.0,0.0,0.0,0.0,Nitrogen,NONE,"ICAR-IISS / Soil Health Card Portal (DAC&FW, GoI)",ICAR Soil Test Crop Response (STCR) Database & National Fertilizer Guidelines 2024-25
SOIL_REC_00405,Pearl Millet (Bajra),3,30,60,6.76,2.27,0.13,124.1,18.2,49.4,18.5,1.43,7.39,Loam,Low,Medium,Low,30.0,12.0,15.0,55.0,26.1,30.0,0.0,0.0,0.0,Nitrogen,HIGH_EC_SALINITY;ELEVATED_SALINITY,"ICAR-IISS / Soil Health Card Portal (DAC&FW, GoI)",ICAR Soil Test Crop Response (STCR) Database & National Fertilizer Guidelines 2024-25
SOIL_REC_00406,Pearl Millet (Bajra),1,0,15,6.97,0.31,1.0,216.3,27.6,431.4,8.7,1.73,7.61,Alluvial,Low,High,High,27.6,0.0,0.0,60.0,0.0,0.0,0.0,0.0,0.0,Nitrogen,NONE,"ICAR-IISS / Soil Health Card Portal (DAC&FW, GoI)",ICAR Soil Test Crop Response (STCR) Database & National Fertilizer Guidelines 2024-25
SOIL_REC_00407,Pearl Millet (Bajra),2,15,30,5.52,0.37,0.59,380.1,31.7,182.0,6.9,1.06,9.18,Alluvial,Medium,High,Medium,24.0,0.0,12.0,52.2,0.0,20.0,0.0,0.0,0.0,Nitrogen,ACIDIC_PH,"ICAR-IISS / Soil Health Card Portal (DAC&FW, GoI)",ICAR Soil Test Crop Response (STCR) Database & National Fertilizer Guidelines 2024-25
SOIL_REC_00408,Pearl Millet (Bajra),3,30,60,8.72,2.22,0.38,294.9,18.7,72.7,16.9,0.73,3.33,Alluvial,Medium,Medium,Low,24.0,12.0,15.0,42.0,26.1,30.0,0.0,0.0,0.0,Potassium,HIGH_EC_SALINITY;ALKALINE_PH;ELEVATED_SALINITY,"ICAR-IISS / Soil Health Card Portal (DAC&FW, GoI)",ICAR Soil Test Crop Response (STCR) Database & National Fertilizer Guidelines 2024-25
SOIL_REC_00409,Pearl Millet (Bajra),1,0,15,6.09,0.85,0.22,530.8,44.3,236.7,16.6,0.85,5.51,Sandy loam,Medium,High,Medium,24.0,0.0,12.0,52.2,0.0,20.0,0.0,0.0,0.0,Nitrogen,HIGH_LEACHING_TEXTURE,"ICAR-IISS / Soil Health Card Portal (DAC&FW, GoI)",ICAR Soil Test Crop Response (STCR) Database & National Fertilizer Guidelines 2024-25
SOIL_REC_00410,Pearl Millet (Bajra),2,15,30,6.79,0.51,0.12,360.1,6.5,268.9,5.3,1.56,5.9,Sandy loam,Medium,Low,Medium,24.0,15.6,12.0,38.9,33.9,20.0,0.0,0.0,0.0,Phosphorus,HIGH_LEACHING_TEXTURE,"ICAR-IISS / Soil Health Card Portal (DAC&FW, GoI)",ICAR Soil Test Crop Response (STCR) Database & National Fertilizer Guidelines 2024-25
SOIL_REC_00411,Pearl Millet (Bajra),3,30,60,7.16,0.95,0.4,211.6,8.9,211.8,14.7,1.52,2.79,Sandy loam,Low,Low,Medium,30.0,15.6,12.0,52.0,33.9,20.0,0.0,0.0,0.0,Nitrogen,HIGH_LEACHING_TEXTURE,"ICAR-IISS / Soil Health Card Portal (DAC&FW, GoI)",ICAR Soil Test Crop Response (STCR) Database & National Fertilizer Guidelines 2024-25
SOIL_REC_00412,Pearl Millet (Bajra),1,0,15,7.26,0.55,0.52,518.7,28.9,435.6,8.0,1.28,11.18,Loam,Medium,High,High,24.0,0.0,0.0,52.2,0.0,0.0,0.0,0.0,0.0,Nitrogen,NONE,"ICAR-IISS / Soil Health Card Portal (DAC&FW, GoI)",ICAR Soil Test Crop Response (STCR) Database & National Fertilizer Guidelines 2024-25
SOIL_REC_00413,Pearl Millet (Bajra),2,15,30,8.12,2.1,0.38,446.0,21.9,217.4,7.5,0.21,8.17,Loam,Medium,Medium,Medium,24.0,12.0,12.0,42.0,26.1,24.0,0.0,0.0,0.0,Nitrogen,HIGH_EC_SALINITY;ALKALINE_PH;ELEVATED_SALINITY,"ICAR-IISS / Soil Health Card Portal (DAC&FW, GoI)",ICAR Soil Test Crop Response (STCR) Database & National Fertilizer Guidelines 2024-25
SOIL_REC_00414,Pearl Millet (Bajra),3,30,60,7.27,2.66,0.22,247.1,22.0,106.9,15.6,1.23,7.37,Loam,Low,Medium,Low,30.0,12.0,15.0,55.0,26.1,30.0,0.0,0.0,0.0,Nitrogen,HIGH_EC_SALINITY;ELEVATED_SALINITY,"ICAR-IISS / Soil Health Card Portal (DAC&FW, GoI)",ICAR Soil Test Crop Response (STCR) Database & National Fertilizer Guidelines 2024-25
SOIL_REC_00415,Pearl Millet (Bajra),1,0,15,6.11,1.8,0.39,177.3,34.2,294.2,5.5,1.4,11.91,Loam,Low,High,Medium,30.0,0.0,12.0,65.2,0.0,20.0,0.0,0.0,0.0,Nitrogen,NONE,"ICAR-IISS / Soil Health Card Portal (DAC&FW, GoI)",ICAR Soil Test Crop Response (STCR) Database & National Fertilizer Guidelines 2024-25
SOIL_REC_00416,Pearl Millet (Bajra),2,15,30,7.31,1.88,0.16,341.9,12.4,120.8,20.3,1.72,5.89,Loam,Medium,Medium,Low,24.0,12.0,15.0,42.0,26.1,25.0,0.0,0.0,0.0,Potassium,ELEVATED_SALINITY,"ICAR-IISS / Soil Health Card Portal (DAC&FW, GoI)",ICAR Soil Test Crop Response (STCR) Database & National Fertilizer Guidelines 2024-25
SOIL_REC_00417,Pearl Millet (Bajra),3,30,60,7.72,0.81,0.21,77.5,7.1,132.5,13.2,1.26,9.09,Loam,Low,Low,Low,30.0,15.6,15.0,52.0,33.9,25.0,0.0,0.0,0.0,Nitrogen,NONE,"ICAR-IISS / Soil Health Card Portal (DAC&FW, GoI)",ICAR Soil Test Crop Response (STCR) Database & National Fertilizer Guidelines 2024-25
SOIL_REC_00418,Pearl Millet (Bajra),1,0,15,7.37,1.15,0.45,334.2,6.2,178.6,10.2,1.38,6.64,Loam,Medium,Low,Medium,24.0,15.6,12.0,38.9,33.9,20.0,0.0,0.0,0.0,Phosphorus,NONE,"ICAR-IISS / Soil Health Card Portal (DAC&FW, GoI)",ICAR Soil Test Crop Response (STCR) Database & National Fertilizer Guidelines 2024-25
SOIL_REC_00419,Pearl Millet (Bajra),2,15,30,8.27,0.55,0.63,419.2,19.1,164.4,12.6,1.08,4.17,Loam,Medium,Medium,Medium,24.0,12.0,12.0,42.0,26.1,20.0,0.0,0.0,0.0,Nitrogen,ALKALINE_PH,"ICAR-IISS / Soil Health Card Portal (DAC&FW, GoI)",ICAR Soil Test Crop Response (STCR) Database & National Fertilizer Guidelines 2024-25
SOIL_REC_00420,Pearl Millet (Bajra),3,30,60,7.5,2.39,0.48,95.0,14.3,92.4,28.8,0.32,3.22,Loam,Low,Medium,Low,30.0,12.0,15.0,55.0,26.1,30.0,0.0,0.0,0.0,Nitrogen,HIGH_EC_SALINITY;ELEVATED_SALINITY,"ICAR-IISS / Soil Health Card Portal (DAC&FW, GoI)",ICAR Soil Test Crop Response (STCR) Database & National Fertilizer Guidelines 2024-25
SOIL_REC_00421,Pearl Millet (Bajra),1,0,15,8.3,1.84,0.92,409.5,38.3,166.6,5.0,0.62,10.99,Sandy loam,Medium,High,Medium,21.6,0.0,12.0,47.0,0.0,20.0,0.0,0.0,0.0,Nitrogen,ALKALINE_PH;ELEVATED_SALINITY;HIGH_LEACHING_TEXTURE,"ICAR-IISS / Soil Health Card Portal (DAC&FW, GoI)",ICAR Soil Test Crop Response (STCR) Database & National Fertilizer Guidelines 2024-25
SOIL_REC_00422,Pearl Millet (Bajra),2,15,30,7.28,1.9,0.22,237.2,32.6,226.7,28.0,0.41,7.26,Sandy loam,Low,High,Medium,30.0,0.0,12.0,65.2,0.0,20.0,0.0,0.0,0.0,Nitrogen,ELEVATED_SALINITY;HIGH_LEACHING_TEXTURE,"ICAR-IISS / Soil Health Card Portal (DAC&FW, GoI)",ICAR Soil Test Crop Response (STCR) Database & National Fertilizer Guidelines 2024-25
SOIL_REC_00423,Pearl Millet (Bajra),3,30,60,5.8,1.15,0.08,119.7,23.2,221.7,23.2,1.41,3.83,Sandy loam,Low,Medium,Medium,30.0,12.0,12.0,65.2,0.0,20.0,75.0,0.0,0.0,Nitrogen,ACIDIC_PH;HIGH_LEACHING_TEXTURE,"ICAR-IISS / Soil Health Card Portal (DAC&FW, GoI)",ICAR Soil Test Crop Response (STCR) Database & National Fertilizer Guidelines 2024-25
SOIL_REC_00424,Pearl Millet (Bajra),1,0,15,6.09,2.67,0.78,603.9,36.9,264.1,14.0,0.55,7.13,Loam,High,High,Medium,9.6,0.0,12.0,20.9,0.0,24.0,0.0,0.0,0.0,Nitrogen,HIGH_EC_SALINITY;ELEVATED_SALINITY,"ICAR-IISS / Soil Health Card Portal (DAC&FW, GoI)",ICAR Soil Test Crop Response (STCR) Database & National Fertilizer Guidelines 2024-25
SOIL_REC_00425,Pearl Millet (Bajra),2,15,30,5.71,1.16,0.14,167.5,33.1,165.0,17.2,0.93,2.94,Loam,Low,High,Medium,30.0,0.0,12.0,65.2,0.0,20.0,0.0,0.0,0.0,Nitrogen,ACIDIC_PH,"ICAR-IISS / Soil Health Card Portal (DAC&FW, GoI)",ICAR Soil Test Crop Response (STCR) Database & National Fertilizer Guidelines 2024-25
SOIL_REC_00426,Pearl Millet (Bajra),3,30,60,8.74,1.04,0.41,190.3,20.4,195.3,11.4,1.07,4.15,Loam,Low,Medium,Medium,30.0,12.0,12.0,55.0,26.1,20.0,0.0,0.0,0.0,Nitrogen,ALKALINE_PH,"ICAR-IISS / Soil Health Card Portal (DAC&FW, GoI)",ICAR Soil Test Crop Response (STCR) Database & National Fertilizer Guidelines 2024-25
SOIL_REC_00427,Pearl Millet (Bajra),1,0,15,6.75,1.73,1.0,158.9,16.6,440.2,10.2,0.85,10.26,Red soil,Low,Medium,High,27.6,12.0,0.0,49.8,26.1,0.0,0.0,0.0,0.0,Nitrogen,NONE,"ICAR-IISS / Soil Health Card Portal (DAC&FW, GoI)",ICAR Soil Test Crop Response (STCR) Database & National Fertilizer Guidelines 2024-25
SOIL_REC_00428,Pearl Millet (Bajra),2,15,30,6.64,2.26,0.74,92.5,32.3,186.3,10.4,1.02,5.17,Red soil,Low,High,Medium,30.0,0.0,12.0,65.2,0.0,24.0,0.0,0.0,0.0,Nitrogen,HIGH_EC_SALINITY;ELEVATED_SALINITY,"ICAR-IISS / Soil Health Card Portal (DAC&FW, GoI)",ICAR Soil Test Crop Response (STCR) Database & National Fertilizer Guidelines 2024-25
SOIL_REC_00429,Pearl Millet (Bajra),3,30,60,6.0,0.61,0.36,264.2,16.9,119.6,13.2,0.38,8.91,Red soil,Low,Medium,Low,30.0,12.0,15.0,65.2,0.0,25.0,75.0,0.0,0.0,Nitrogen,NONE,"ICAR-IISS / Soil Health Card Portal (DAC&FW, GoI)",ICAR Soil Test Crop Response (STCR) Database & National Fertilizer Guidelines 2024-25
SOIL_REC_00430,Pearl Millet (Bajra),1,0,15,6.2,0.62,0.94,131.2,7.8,296.5,8.5,1.21,2.87,Black soil,Low,Low,Medium,27.6,15.6,12.0,46.7,33.9,20.0,0.0,0.0,0.0,Nitrogen,NONE,"ICAR-IISS / Soil Health Card Portal (DAC&FW, GoI)",ICAR Soil Test Crop Response (STCR) Database & National Fertilizer Guidelines 2024-25
SOIL_REC_00431,Pearl Millet (Bajra),2,15,30,7.39,0.35,0.3,157.5,34.7,229.3,19.8,0.23,9.34,Black soil,Low,High,Medium,30.0,0.0,12.0,65.2,0.0,20.0,0.0,0.0,0.0,Nitrogen,NONE,"ICAR-IISS / Soil Health Card Portal (DAC&FW, GoI)",ICAR Soil Test Crop Response (STCR) Database & National Fertilizer Guidelines 2024-25
SOIL_REC_00432,Pearl Millet (Bajra),3,30,60,7.68,0.94,0.12,172.3,23.8,201.1,8.8,1.53,8.21,Black soil,Low,Medium,Medium,30.0,12.0,12.0,55.0,26.1,20.0,0.0,0.0,0.0,Nitrogen,NONE,"ICAR-IISS / Soil Health Card Portal (DAC&FW, GoI)",ICAR Soil Test Crop Response (STCR) Database & National Fertilizer Guidelines 2024-25
SOIL_REC_00433,Pearl Millet (Bajra),1,0,15,8.21,0.67,0.78,252.3,36.4,213.4,16.7,1.14,4.68,Alluvial,Low,High,Medium,30.0,0.0,12.0,65.2,0.0,20.0,0.0,0.0,0.0,Nitrogen,ALKALINE_PH,"ICAR-IISS / Soil Health Card Portal (DAC&FW, GoI)",ICAR Soil Test Crop Response (STCR) Database & National Fertilizer Guidelines 2024-25
SOIL_REC_00434,Pearl Millet (Bajra),2,15,30,6.77,0.48,0.26,412.3,20.4,180.8,8.2,0.35,7.02,Alluvial,Medium,Medium,Medium,24.0,12.0,12.0,42.0,26.1,20.0,0.0,0.0,0.0,Nitrogen,NONE,"ICAR-IISS / Soil Health Card Portal (DAC&FW, GoI)",ICAR Soil Test Crop Response (STCR) Database & National Fertilizer Guidelines 2024-25
SOIL_REC_00435,Pearl Millet (Bajra),3,30,60,7.53,0.3,0.45,185.8,5.5,131.8,7.6,1.17,10.36,Alluvial,Low,Low,Low,30.0,15.6,15.0,52.0,33.9,25.0,0.0,0.0,0.0,Nitrogen,NONE,"ICAR-IISS / Soil Health Card Portal (DAC&FW, GoI)",ICAR Soil Test Crop Response (STCR) Database & National Fertilizer Guidelines 2024-25
SOIL_REC_00436,Pearl Millet (Bajra),1,0,15,7.64,1.56,0.5,141.7,28.3,172.6,26.5,1.46,6.12,Red soil,Low,High,Medium,30.0,0.0,12.0,65.2,0.0,20.0,0.0,0.0,0.0,Nitrogen,NONE,"ICAR-IISS / Soil Health Card Portal (DAC&FW, GoI)",ICAR Soil Test Crop Response (STCR) Database & National Fertilizer Guidelines 2024-25
SOIL_REC_00437,Pearl Millet (Bajra),2,15,30,7.44,2.13,0.66,351.3,7.6,103.6,17.4,0.57,10.66,Red soil,Medium,Low,Low,24.0,15.6,15.0,38.9,33.9,30.0,0.0,0.0,0.0,Phosphorus,HIGH_EC_SALINITY;ELEVATED_SALINITY,"ICAR-IISS / Soil Health Card Portal (DAC&FW, GoI)",ICAR Soil Test Crop Response (STCR) Database & National Fertilizer Guidelines 2024-25
SOIL_REC_00438,Pearl Millet (Bajra),3,30,60,6.43,2.48,0.27,107.3,17.9,187.1,20.2,0.39,2.57,Red soil,Low,Medium,Medium,30.0,12.0,12.0,55.0,26.1,24.0,0.0,0.0,0.0,Nitrogen,HIGH_EC_SALINITY;ELEVATED_SALINITY,"ICAR-IISS / Soil Health Card Portal (DAC&FW, GoI)",ICAR Soil Test Crop Response (STCR) Database & National Fertilizer Guidelines 2024-25
SOIL_REC_00439,Pearl Millet (Bajra),1,0,15,6.18,2.29,0.54,173.3,23.9,300.7,11.3,1.06,7.86,Red soil,Low,Medium,Medium,30.0,12.0,12.0,65.2,0.0,24.0,75.0,0.0,0.0,Nitrogen,HIGH_EC_SALINITY;ELEVATED_SALINITY,"ICAR-IISS / Soil Health Card Portal (DAC&FW, GoI)",ICAR Soil Test Crop Response (STCR) Database & National Fertilizer Guidelines 2024-25
SOIL_REC_00440,Pearl Millet (Bajra),2,15,30,7.52,2.78,0.4,166.4,21.9,218.0,9.0,1.09,7.1,Red soil,Low,Medium,Medium,30.0,12.0,12.0,55.0,26.1,24.0,0.0,0.0,0.0,Nitrogen,HIGH_EC_SALINITY;ELEVATED_SALINITY,"ICAR-IISS / Soil Health Card Portal (DAC&FW, GoI)",ICAR Soil Test Crop Response (STCR) Database & National Fertilizer Guidelines 2024-25
SOIL_REC_00441,Pearl Millet (Bajra),3,30,60,8.76,1.7,0.44,159.5,5.9,200.5,7.3,0.57,9.94,Red soil,Low,Low,Medium,30.0,15.6,12.0,52.0,33.9,20.0,0.0,0.0,0.0,Nitrogen,ALKALINE_PH,"ICAR-IISS / Soil Health Card Portal (DAC&FW, GoI)",ICAR Soil Test Crop Response (STCR) Database & National Fertilizer Guidelines 2024-25
SOIL_REC_00442,Pearl Millet (Bajra),1,0,15,5.83,1.52,0.9,520.4,31.8,336.4,5.5,0.82,8.54,Loam,Medium,High,High,21.6,0.0,0.0,47.0,0.0,0.0,0.0,0.0,0.0,Nitrogen,ACIDIC_PH,"ICAR-IISS / Soil Health Card Portal (DAC&FW, GoI)",ICAR Soil Test Crop Response (STCR) Database & National Fertilizer Guidelines 2024-25
SOIL_REC_00443,Pearl Millet (Bajra),2,15,30,8.15,2.34,0.45,315.1,7.3,138.5,14.4,1.17,9.38,Loam,Medium,Low,Low,24.0,15.6,15.0,38.9,33.9,30.0,0.0,0.0,0.0,Phosphorus,HIGH_EC_SALINITY;ALKALINE_PH;ELEVATED_SALINITY,"ICAR-IISS / Soil Health Card Portal (DAC&FW, GoI)",ICAR Soil Test Crop Response (STCR) Database & National Fertilizer Guidelines 2024-25
SOIL_REC_00444,Pearl Millet (Bajra),3,30,60,8.57,1.24,0.39,131.6,23.2,55.3,25.7,0.48,7.2,Loam,Low,Medium,Low,30.0,12.0,15.0,55.0,26.1,25.0,0.0,0.0,0.0,Nitrogen,ALKALINE_PH,"ICAR-IISS / Soil Health Card Portal (DAC&FW, GoI)",ICAR Soil Test Crop Response (STCR) Database & National Fertilizer Guidelines 2024-25
SOIL_REC_00445,Pearl Millet (Bajra),1,0,15,6.17,1.91,0.91,263.0,7.4,305.8,18.4,0.57,4.11,Sandy loam,Low,Low,Medium,27.6,15.6,12.0,60.0,0.0,20.0,97.5,0.0,0.0,Nitrogen,ELEVATED_SALINITY;HIGH_LEACHING_TEXTURE,"ICAR-IISS / Soil Health Card Portal (DAC&FW, GoI)",ICAR Soil Test Crop Response (STCR) Database & National Fertilizer Guidelines 2024-25
SOIL_REC_00446,Pearl Millet (Bajra),2,15,30,5.62,0.82,0.11,149.0,35.9,278.0,13.9,0.83,8.07,Sandy loam,Low,High,Medium,30.0,0.0,12.0,65.2,0.0,20.0,0.0,0.0,0.0,Nitrogen,ACIDIC_PH;HIGH_LEACHING_TEXTURE,"ICAR-IISS / Soil Health Card Portal (DAC&FW, GoI)",ICAR Soil Test Crop Response (STCR) Database & National Fertilizer Guidelines 2024-25
SOIL_REC_00447,Pearl Millet (Bajra),3,30,60,7.21,2.12,0.11,82.5,9.0,194.4,29.6,0.76,11.65,Sandy loam,Low,Low,Medium,30.0,15.6,12.0,52.0,33.9,24.0,0.0,0.0,0.0,Nitrogen,HIGH_EC_SALINITY;ELEVATED_SALINITY;HIGH_LEACHING_TEXTURE,"ICAR-IISS / Soil Health Card Portal (DAC&FW, GoI)",ICAR Soil Test Crop Response (STCR) Database & National Fertilizer Guidelines 2024-25
SOIL_REC_00448,Pearl Millet (Bajra),1,0,15,6.25,2.7,0.58,322.0,6.2,153.0,18.2,1.09,7.28,Clay loam,Medium,Low,Medium,24.0,15.6,12.0,38.9,33.9,24.0,0.0,0.0,0.0,Phosphorus,HIGH_EC_SALINITY;ELEVATED_SALINITY,"ICAR-IISS / Soil Health Card Portal (DAC&FW, GoI)",ICAR Soil Test Crop Response (STCR) Database & National Fertilizer Guidelines 2024-25
SOIL_REC_00449,Pearl Millet (Bajra),2,15,30,6.62,0.5,0.48,186.6,21.4,281.7,11.0,0.91,6.08,Clay loam,Low,Medium,Medium,30.0,12.0,12.0,55.0,26.1,20.0,0.0,0.0,0.0,Nitrogen,NONE,"ICAR-IISS / Soil Health Card Portal (DAC&FW, GoI)",ICAR Soil Test Crop Response (STCR) Database & National Fertilizer Guidelines 2024-25
SOIL_REC_00450,Pearl Millet (Bajra),3,30,60,7.1,0.83,0.24,253.9,17.3,206.4,28.1,0.97,4.95,Clay loam,Low,Medium,Medium,30.0,12.0,12.0,55.0,26.1,20.0,0.0,0.0,0.0,Nitrogen,NONE,"ICAR-IISS / Soil Health Card Portal (DAC&FW, GoI)",ICAR Soil Test Crop Response (STCR) Database & National Fertilizer Guidelines 2024-25
SOIL_REC_00451,Barley,1,0,15,7.59,2.78,0.79,235.0,19.3,434.0,18.5,0.22,10.41,Black soil,Low,Medium,High,30.0,12.0,0.0,55.0,26.1,0.0,0.0,0.0,0.0,Nitrogen,ELEVATED_SALINITY,"ICAR-IISS / Soil Health Card Portal (DAC&FW, GoI)",ICAR Soil Test Crop Response (STCR) Database & National Fertilizer Guidelines 2024-25
SOIL_REC_00452,Barley,2,15,30,6.32,0.44,0.59,397.9,6.9,319.0,17.3,0.77,11.0,Black soil,Medium,Low,Medium,24.0,15.6,12.0,38.9,33.9,20.0,0.0,0.0,0.0,Phosphorus,NONE,"ICAR-IISS / Soil Health Card Portal (DAC&FW, GoI)",ICAR Soil Test Crop Response (STCR) Database & National Fertilizer Guidelines 2024-25
SOIL_REC_00453,Barley,3,30,60,6.39,2.66,0.4,287.5,13.5,80.9,24.6,1.6,4.46,Black soil,Medium,Medium,Low,24.0,12.0,15.0,42.0,26.1,30.0,0.0,0.0,0.0,Potassium,HIGH_EC_SALINITY;ELEVATED_SALINITY,"ICAR-IISS / Soil Health Card Portal (DAC&FW, GoI)",ICAR Soil Test Crop Response (STCR) Database & National Fertilizer Guidelines 2024-25
SOIL_REC_00454,Barley,1,0,15,8.26,2.37,0.49,509.5,11.0,118.3,30.8,0.99,2.56,Loam,Medium,Medium,Low,24.0,12.0,15.0,42.0,26.1,30.0,0.0,0.0,0.0,Potassium,HIGH_EC_SALINITY;ALKALINE_PH;ELEVATED_SALINITY,"ICAR-IISS / Soil Health Card Portal (DAC&FW, GoI)",ICAR Soil Test Crop Response (STCR) Database & National Fertilizer Guidelines 2024-25
SOIL_REC_00455,Barley,2,15,30,8.33,2.69,0.72,229.2,14.4,310.0,28.7,1.12,5.11,Loam,Low,Medium,Medium,30.0,12.0,12.0,55.0,26.1,24.0,0.0,0.0,0.0,Nitrogen,HIGH_EC_SALINITY;ALKALINE_PH;ELEVATED_SALINITY,"ICAR-IISS / Soil Health Card Portal (DAC&FW, GoI)",ICAR Soil Test Crop Response (STCR) Database & National Fertilizer Guidelines 2024-25
SOIL_REC_00456,Barley,3,30,60,6.1,2.19,0.32,159.5,18.8,68.1,18.7,0.88,11.43,Loam,Low,Medium,Low,30.0,12.0,15.0,65.2,0.0,30.0,75.0,0.0,0.0,Nitrogen,HIGH_EC_SALINITY;ELEVATED_SALINITY,"ICAR-IISS / Soil Health Card Portal (DAC&FW, GoI)",ICAR Soil Test Crop Response (STCR) Database & National Fertilizer Guidelines 2024-25
SOIL_REC_00457,Barley,1,0,15,7.16,1.22,0.8,207.4,47.0,341.4,16.9,1.3,2.61,Sandy loam,Low,High,High,30.0,0.0,0.0,65.2,0.0,0.0,0.0,0.0,0.0,Nitrogen,HIGH_LEACHING_TEXTURE,"ICAR-IISS / Soil Health Card Portal (DAC&FW, GoI)",ICAR Soil Test Crop Response (STCR) Database & National Fertilizer Guidelines 2024-25
SOIL_REC_00458,Barley,2,15,30,6.2,1.71,0.34,319.8,12.7,215.6,10.6,0.95,8.32,Sandy loam,Medium,Medium,Medium,24.0,12.0,12.0,42.0,26.1,20.0,0.0,0.0,0.0,Nitrogen,HIGH_LEACHING_TEXTURE,"ICAR-IISS / Soil Health Card Portal (DAC&FW, GoI)",ICAR Soil Test Crop Response (STCR) Database & National Fertilizer Guidelines 2024-25
SOIL_REC_00459,Barley,3,30,60,6.71,1.5,0.18,235.2,10.8,198.8,11.8,0.49,3.75,Sandy loam,Low,Medium,Medium,30.0,12.0,12.0,55.0,26.1,20.0,0.0,0.0,0.0,Nitrogen,HIGH_LEACHING_TEXTURE,"ICAR-IISS / Soil Health Card Portal (DAC&FW, GoI)",ICAR Soil Test Crop Response (STCR) Database & National Fertilizer Guidelines 2024-25
SOIL_REC_00460,Barley,1,0,15,7.76,2.32,0.83,522.0,29.3,398.3,9.5,1.48,9.52,Alluvial,Medium,High,High,21.6,0.0,0.0,47.0,0.0,0.0,0.0,0.0,0.0,Nitrogen,ELEVATED_SALINITY,"ICAR-IISS / Soil Health Card Portal (DAC&FW, GoI)",ICAR Soil Test Crop Response (STCR) Database & National Fertilizer Guidelines 2024-25
SOIL_REC_00461,Barley,2,15,30,7.06,0.23,0.41,140.4,32.6,237.8,19.0,0.71,7.12,Alluvial,Low,High,Medium,30.0,0.0,12.0,65.2,0.0,20.0,0.0,0.0,0.0,Nitrogen,NONE,"ICAR-IISS / Soil Health Card Portal (DAC&FW, GoI)",ICAR Soil Test Crop Response (STCR) Database & National Fertilizer Guidelines 2024-25
SOIL_REC_00462,Barley,3,30,60,6.33,2.43,0.1,84.7,6.4,83.8,11.1,1.54,3.41,Alluvial,Low,Low,Low,30.0,15.6,15.0,52.0,33.9,30.0,0.0,0.0,0.0,Nitrogen,HIGH_EC_SALINITY;ELEVATED_SALINITY,"ICAR-IISS / Soil Health Card Portal (DAC&FW, GoI)",ICAR Soil Test Crop Response (STCR) Database & National Fertilizer Guidelines 2024-25
SOIL_REC_00463,Barley,1,0,15,6.6,1.14,0.68,585.9,16.8,97.1,7.4,1.59,11.65,Red soil,High,Medium,Low,9.6,12.0,15.0,10.7,26.1,25.0,0.0,0.0,0.0,Potassium,NONE,"ICAR-IISS / Soil Health Card Portal (DAC&FW, GoI)",ICAR Soil Test Crop Response (STCR) Database & National Fertilizer Guidelines 2024-25
SOIL_REC_00464,Barley,2,15,30,6.16,1.7,0.58,155.5,29.1,163.4,22.8,0.98,9.5,Red soil,Low,High,Medium,30.0,0.0,12.0,65.2,0.0,20.0,0.0,0.0,0.0,Nitrogen,NONE,"ICAR-IISS / Soil Health Card Portal (DAC&FW, GoI)",ICAR Soil Test Crop Response (STCR) Database & National Fertilizer Guidelines 2024-25
SOIL_REC_00465,Barley,3,30,60,8.44,1.19,0.21,217.9,6.0,75.2,26.6,0.74,8.5,Red soil,Low,Low,Low,30.0,15.6,15.0,52.0,33.9,25.0,0.0,0.0,0.0,Nitrogen,ALKALINE_PH,"ICAR-IISS / Soil Health Card Portal (DAC&FW, GoI)",ICAR Soil Test Crop Response (STCR) Database & National Fertilizer Guidelines 2024-25
SOIL_REC_00466,Barley,1,0,15,6.84,2.56,0.23,291.8,19.2,325.1,23.9,1.17,6.26,Alluvial,Medium,Medium,Medium,24.0,12.0,12.0,42.0,26.1,24.0,0.0,0.0,0.0,Nitrogen,HIGH_EC_SALINITY;ELEVATED_SALINITY,"ICAR-IISS / Soil Health Card Portal (DAC&FW, GoI)",ICAR Soil Test Crop Response (STCR) Database & National Fertilizer Guidelines 2024-25
SOIL_REC_00467,Barley,2,15,30,8.43,2.23,0.78,370.5,20.9,189.1,8.7,1.57,3.69,Alluvial,Medium,Medium,Medium,24.0,12.0,12.0,42.0,26.1,24.0,0.0,0.0,0.0,Nitrogen,HIGH_EC_SALINITY;ALKALINE_PH;ELEVATED_SALINITY,"ICAR-IISS / Soil Health Card Portal (DAC&FW, GoI)",ICAR Soil Test Crop Response (STCR) Database & National Fertilizer Guidelines 2024-25
SOIL_REC_00468,Barley,3,30,60,6.27,0.85,0.43,247.4,7.4,116.5,6.7,1.7,7.0,Alluvial,Low,Low,Low,30.0,15.6,15.0,52.0,33.9,25.0,0.0,0.0,0.0,Nitrogen,NONE,"ICAR-IISS / Soil Health Card Portal (DAC&FW, GoI)",ICAR Soil Test Crop Response (STCR) Database & National Fertilizer Guidelines 2024-25
SOIL_REC_00469,Barley,1,0,15,5.59,1.23,0.88,161.6,17.0,145.9,22.3,1.62,5.44,Sandy loam,Low,Medium,Medium,27.6,12.0,12.0,60.0,0.0,20.0,75.0,0.0,0.0,Nitrogen,ACIDIC_PH;HIGH_LEACHING_TEXTURE,"ICAR-IISS / Soil Health Card Portal (DAC&FW, GoI)",ICAR Soil Test Crop Response (STCR) Database & National Fertilizer Guidelines 2024-25
SOIL_REC_00470,Barley,2,15,30,6.32,0.94,0.56,139.2,30.9,75.2,22.6,1.58,5.59,Sandy loam,Low,High,Low,30.0,0.0,15.0,65.2,0.0,25.0,0.0,0.0,0.0,Nitrogen,HIGH_LEACHING_TEXTURE,"ICAR-IISS / Soil Health Card Portal (DAC&FW, GoI)",ICAR Soil Test Crop Response (STCR) Database & National Fertilizer Guidelines 2024-25
SOIL_REC_00471,Barley,3,30,60,7.07,2.73,0.33,128.1,12.3,219.5,23.5,0.48,8.18,Sandy loam,Low,Medium,Medium,30.0,12.0,12.0,55.0,26.1,24.0,0.0,0.0,0.0,Nitrogen,HIGH_EC_SALINITY;ELEVATED_SALINITY;HIGH_LEACHING_TEXTURE,"ICAR-IISS / Soil Health Card Portal (DAC&FW, GoI)",ICAR Soil Test Crop Response (STCR) Database & National Fertilizer Guidelines 2024-25
SOIL_REC_00472,Barley,1,0,15,7.97,2.48,0.56,439.9,28.4,417.2,17.5,0.56,3.35,Red soil,Medium,High,High,24.0,0.0,0.0,52.2,0.0,0.0,0.0,0.0,0.0,Nitrogen,ELEVATED_SALINITY,"ICAR-IISS / Soil Health Card Portal (DAC&FW, GoI)",ICAR Soil Test Crop Response (STCR) Database & National Fertilizer Guidelines 2024-25
SOIL_REC_00473,Barley,2,15,30,6.52,1.27,0.22,94.0,21.0,272.2,7.8,0.66,7.58,Red soil,Low,Medium,Medium,30.0,12.0,12.0,55.0,26.1,20.0,0.0,0.0,0.0,Nitrogen,NONE,"ICAR-IISS / Soil Health Card Portal (DAC&FW, GoI)",ICAR Soil Test Crop Response (STCR) Database & National Fertilizer Guidelines 2024-25
SOIL_REC_00474,Barley,3,30,60,7.77,1.48,0.43,134.9,19.1,188.6,20.7,1.47,7.71,Red soil,Low,Medium,Medium,30.0,12.0,12.0,55.0,26.1,20.0,0.0,0.0,0.0,Nitrogen,NONE,"ICAR-IISS / Soil Health Card Portal (DAC&FW, GoI)",ICAR Soil Test Crop Response (STCR) Database & National Fertilizer Guidelines 2024-25
SOIL_REC_00475,Barley,1,0,15,6.86,1.66,0.53,201.6,37.0,230.3,14.6,0.62,6.51,Loam,Low,High,Medium,30.0,0.0,12.0,65.2,0.0,20.0,0.0,0.0,0.0,Nitrogen,NONE,"ICAR-IISS / Soil Health Card Portal (DAC&FW, GoI)",ICAR Soil Test Crop Response (STCR) Database & National Fertilizer Guidelines 2024-25
SOIL_REC_00476,Barley,2,15,30,6.29,2.19,0.76,392.8,26.1,144.4,24.8,1.49,6.42,Loam,Medium,High,Low,24.0,0.0,15.0,52.2,0.0,30.0,0.0,0.0,0.0,Potassium,HIGH_EC_SALINITY;ELEVATED_SALINITY,"ICAR-IISS / Soil Health Card Portal (DAC&FW, GoI)",ICAR Soil Test Crop Response (STCR) Database & National Fertilizer Guidelines 2024-25
SOIL_REC_00477,Barley,3,30,60,8.32,0.67,0.21,219.2,16.0,94.0,21.4,0.5,2.68,Loam,Low,Medium,Low,30.0,12.0,15.0,55.0,26.1,25.0,0.0,0.0,0.0,Nitrogen,ALKALINE_PH,"ICAR-IISS / Soil Health Card Portal (DAC&FW, GoI)",ICAR Soil Test Crop Response (STCR) Database & National Fertilizer Guidelines 2024-25
SOIL_REC_00478,Barley,1,0,15,8.7,0.26,1.07,261.1,11.3,247.8,4.2,0.34,2.64,Sandy loam,Low,Medium,Medium,27.6,12.0,12.0,49.8,26.1,20.0,0.0,0.0,0.0,Nitrogen,ALKALINE_PH;HIGH_LEACHING_TEXTURE,"ICAR-IISS / Soil Health Card Portal (DAC&FW, GoI)",ICAR Soil Test Crop Response (STCR) Database & National Fertilizer Guidelines 2024-25
SOIL_REC_00479,Barley,2,15,30,6.22,1.29,0.67,276.9,16.2,255.7,4.9,0.33,9.63,Sandy loam,Low,Medium,Medium,30.0,12.0,12.0,55.0,26.1,20.0,0.0,0.0,0.0,Nitrogen,HIGH_LEACHING_TEXTURE,"ICAR-IISS / Soil Health Card Portal (DAC&FW, GoI)",ICAR Soil Test Crop Response (STCR) Database & National Fertilizer Guidelines 2024-25
SOIL_REC_00480,Barley,3,30,60,5.98,0.89,0.26,195.8,6.8,206.2,11.0,0.81,2.62,Sandy loam,Low,Low,Medium,30.0,15.6,12.0,65.2,0.0,20.0,97.5,0.0,0.0,Nitrogen,ACIDIC_PH;HIGH_LEACHING_TEXTURE,"ICAR-IISS / Soil Health Card Portal (DAC&FW, GoI)",ICAR Soil Test Crop Response (STCR) Database & National Fertilizer Guidelines 2024-25
SOIL_REC_00481,Barley,1,0,15,6.32,2.21,0.57,488.8,7.4,255.9,25.6,1.03,11.83,Red soil,Medium,Low,Medium,24.0,15.6,12.0,38.9,33.9,24.0,0.0,0.0,0.0,Phosphorus,HIGH_EC_SALINITY;ELEVATED_SALINITY,"ICAR-IISS / Soil Health Card Portal (DAC&FW, GoI)",ICAR Soil Test Crop Response (STCR) Database & National Fertilizer Guidelines 2024-25
SOIL_REC_00482,Barley,2,15,30,7.06,1.97,0.33,211.1,24.3,78.9,30.2,1.03,4.91,Red soil,Low,Medium,Low,30.0,12.0,15.0,55.0,26.1,25.0,0.0,0.0,0.0,Nitrogen,ELEVATED_SALINITY,"ICAR-IISS / Soil Health Card Portal (DAC&FW, GoI)",ICAR Soil Test Crop Response (STCR) Database & National Fertilizer Guidelines 2024-25
SOIL_REC_00483,Barley,3,30,60,7.61,0.72,0.5,275.9,7.6,65.3,21.7,0.72,4.09,Red soil,Low,Low,Low,30.0,15.6,15.0,52.0,33.9,25.0,0.0,0.0,0.0,Nitrogen,NONE,"ICAR-IISS / Soil Health Card Portal (DAC&FW, GoI)",ICAR Soil Test Crop Response (STCR) Database & National Fertilizer Guidelines 2024-25
SOIL_REC_00484,Barley,1,0,15,7.43,1.23,0.38,604.4,30.4,338.7,23.3,0.45,9.82,Clay loam,High,High,High,9.6,0.0,0.0,20.9,0.0,0.0,0.0,0.0,0.0,Nitrogen,NONE,"ICAR-IISS / Soil Health Card Portal (DAC&FW, GoI)",ICAR Soil Test Crop Response (STCR) Database & National Fertilizer Guidelines 2024-25
SOIL_REC_00485,Barley,2,15,30,6.32,1.5,0.6,216.9,35.0,272.6,5.7,0.77,3.96,Clay loam,Low,High,Medium,30.0,0.0,12.0,65.2,0.0,20.0,0.0,0.0,0.0,Nitrogen,NONE,"ICAR-IISS / Soil Health Card Portal (DAC&FW, GoI)",ICAR Soil Test Crop Response (STCR) Database & National Fertilizer Guidelines 2024-25
SOIL_REC_00486,Barley,3,30,60,7.27,0.48,0.31,139.2,14.7,161.0,13.7,1.63,9.47,Clay loam,Low,Medium,Medium,30.0,12.0,12.0,55.0,26.1,20.0,0.0,0.0,0.0,Nitrogen,NONE,"ICAR-IISS / Soil Health Card Portal (DAC&FW, GoI)",ICAR Soil Test Crop Response (STCR) Database & National Fertilizer Guidelines 2024-25
SOIL_REC_00487,Barley,1,0,15,7.77,1.13,0.28,569.3,26.4,247.5,12.3,1.32,4.3,Sandy loam,High,High,Medium,9.6,0.0,12.0,20.9,0.0,20.0,0.0,0.0,0.0,Nitrogen,HIGH_LEACHING_TEXTURE,"ICAR-IISS / Soil Health Card Portal (DAC&FW, GoI)",ICAR Soil Test Crop Response (STCR) Database & National Fertilizer Guidelines 2024-25
SOIL_REC_00488,Barley,2,15,30,6.12,1.1,0.63,193.2,30.7,314.4,19.5,0.31,3.97,Sandy loam,Low,High,Medium,30.0,0.0,12.0,65.2,0.0,20.0,0.0,0.0,0.0,Nitrogen,HIGH_LEACHING_TEXTURE,"ICAR-IISS / Soil Health Card Portal (DAC&FW, GoI)",ICAR Soil Test Crop Response (STCR) Database & National Fertilizer Guidelines 2024-25
SOIL_REC_00489,Barley,3,30,60,6.48,0.88,0.25,60.2,16.4,113.2,9.2,0.23,10.64,Sandy loam,Low,Medium,Low,30.0,12.0,15.0,55.0,26.1,25.0,0.0,0.0,0.0,Nitrogen,HIGH_LEACHING_TEXTURE,"ICAR-IISS / Soil Health Card Portal (DAC&FW, GoI)",ICAR Soil Test Crop Response (STCR) Database & National Fertilizer Guidelines 2024-25
SOIL_REC_00490,Barley,1,0,15,6.29,2.07,0.78,389.5,22.3,278.7,17.9,1.08,8.32,Alluvial,Medium,Medium,Medium,24.0,12.0,12.0,42.0,26.1,24.0,0.0,0.0,0.0,Nitrogen,HIGH_EC_SALINITY;ELEVATED_SALINITY,"ICAR-IISS / Soil Health Card Portal (DAC&FW, GoI)",ICAR Soil Test Crop Response (STCR) Database & National Fertilizer Guidelines 2024-25
SOIL_REC_00491,Barley,2,15,30,6.56,1.87,0.19,286.2,6.6,293.0,7.6,1.6,4.42,Alluvial,Medium,Low,Medium,24.0,15.6,12.0,38.9,33.9,20.0,0.0,0.0,0.0,Phosphorus,ELEVATED_SALINITY,"ICAR-IISS / Soil Health Card Portal (DAC&FW, GoI)",ICAR Soil Test Crop Response (STCR) Database & National Fertilizer Guidelines 2024-25
SOIL_REC_00492,Barley,3,30,60,7.1,0.46,0.35,269.1,16.8,139.6,23.6,0.61,5.98,Alluvial,Low,Medium,Low,30.0,12.0,15.0,55.0,26.1,25.0,0.0,0.0,0.0,Nitrogen,NONE,"ICAR-IISS / Soil Health Card Portal (DAC&FW, GoI)",ICAR Soil Test Crop Response (STCR) Database & National Fertilizer Guidelines 2024-25
SOIL_REC_00493,Barley,1,0,15,7.87,0.23,1.02,447.9,45.0,389.5,17.1,1.22,5.93,Alluvial,Medium,High,High,21.6,0.0,0.0,47.0,0.0,0.0,0.0,0.0,0.0,Nitrogen,NONE,"ICAR-IISS / Soil Health Card Portal (DAC&FW, GoI)",ICAR Soil Test Crop Response (STCR) Database & National Fertilizer Guidelines 2024-25
SOIL_REC_00494,Barley,2,15,30,7.95,2.52,0.7,387.8,6.3,234.1,18.8,1.37,10.43,Alluvial,Medium,Low,Medium,24.0,15.6,12.0,38.9,33.9,24.0,0.0,0.0,0.0,Phosphorus,HIGH_EC_SALINITY;ELEVATED_SALINITY,"ICAR-IISS / Soil Health Card Portal (DAC&FW, GoI)",ICAR Soil Test Crop Response (STCR) Database & National Fertilizer Guidelines 2024-25
SOIL_REC_00495,Barley,3,30,60,5.76,0.76,0.32,85.3,7.9,114.4,9.4,1.25,7.92,Alluvial,Low,Low,Low,30.0,15.6,15.0,65.2,0.0,25.0,97.5,0.0,0.0,Nitrogen,ACIDIC_PH,"ICAR-IISS / Soil Health Card Portal (DAC&FW, GoI)",ICAR Soil Test Crop Response (STCR) Database & National Fertilizer Guidelines 2024-25
SOIL_REC_00496,Barley,1,0,15,7.34,1.65,0.86,503.1,30.2,332.8,23.7,0.88,3.49,Loam,Medium,High,Medium,21.6,0.0,12.0,47.0,0.0,20.0,0.0,0.0,0.0,Nitrogen,NONE,"ICAR-IISS / Soil Health Card Portal (DAC&FW, GoI)",ICAR Soil Test Crop Response (STCR) Database & National Fertilizer Guidelines 2024-25
SOIL_REC_00497,Barley,2,15,30,8.12,1.63,0.47,336.6,21.3,229.5,30.1,1.64,7.73,Loam,Medium,Medium,Medium,24.0,12.0,12.0,42.0,26.1,20.0,0.0,0.0,0.0,Nitrogen,ALKALINE_PH,"ICAR-IISS / Soil Health Card Portal (DAC&FW, GoI)",ICAR Soil Test Crop Response (STCR) Database & National Fertilizer Guidelines 2024-25
SOIL_REC_00498,Barley,3,30,60,8.79,2.4,0.27,218.3,20.3,103.2,10.7,1.07,6.06,Loam,Low,Medium,Low,30.0,12.0,15.0,55.0,26.1,30.0,0.0,0.0,0.0,Nitrogen,HIGH_EC_SALINITY;ALKALINE_PH;ELEVATED_SALINITY,"ICAR-IISS / Soil Health Card Portal (DAC&FW, GoI)",ICAR Soil Test Crop Response (STCR) Database & National Fertilizer Guidelines 2024-25
SOIL_REC_00499,Barley,1,0,15,8.56,0.86,1.06,343.7,22.7,351.5,31.5,1.15,7.42,Alluvial,Medium,Medium,High,21.6,12.0,0.0,36.7,26.1,0.0,0.0,0.0,0.0,Nitrogen,ALKALINE_PH,"ICAR-IISS / Soil Health Card Portal (DAC&FW, GoI)",ICAR Soil Test Crop Response (STCR) Database & National Fertilizer Guidelines 2024-25
SOIL_REC_00500,Barley,2,15,30,8.78,0.98,0.33,173.2,31.5,73.4,27.0,1.3,5.12,Alluvial,Low,High,Low,30.0,0.0,15.0,65.2,0.0,25.0,0.0,0.0,0.0,Nitrogen,ALKALINE_PH,"ICAR-IISS / Soil Health Card Portal (DAC&FW, GoI)",ICAR Soil Test Crop Response (STCR) Database & National Fertilizer Guidelines 2024-25
SOIL_REC_00501,Barley,3,30,60,7.33,1.65,0.51,98.7,3.8,109.0,7.9,0.79,8.03,Alluvial,Low,Low,Low,30.0,15.6,15.0,52.0,33.9,25.0,0.0,0.0,0.0,Nitrogen,NONE,"ICAR-IISS / Soil Health Card Portal (DAC&FW, GoI)",ICAR Soil Test Crop Response (STCR) Database & National Fertilizer Guidelines 2024-25
SOIL_REC_00502,Barley,1,0,15,6.35,0.98,0.69,404.5,15.1,117.8,13.1,0.97,7.14,Loam,Medium,Medium,Low,24.0,12.0,15.0,42.0,26.1,25.0,0.0,0.0,0.0,Potassium,NONE,"ICAR-IISS / Soil Health Card Portal (DAC&FW, GoI)",ICAR Soil Test Crop Response (STCR) Database & National Fertilizer Guidelines 2024-25
SOIL_REC_00503,Barley,2,15,30,8.47,2.03,0.7,125.8,24.7,77.6,26.6,0.81,9.91,Loam,Low,Medium,Low,30.0,12.0,15.0,55.0,26.1,30.0,0.0,0.0,0.0,Nitrogen,HIGH_EC_SALINITY;ALKALINE_PH;ELEVATED_SALINITY,"ICAR-IISS / Soil Health Card Portal (DAC&FW, GoI)",ICAR Soil Test Crop Response (STCR) Database & National Fertilizer Guidelines 2024-25
SOIL_REC_00504,Barley,3,30,60,8.54,1.07,0.49,168.6,22.5,66.7,25.6,1.4,10.57,Loam,Low,Medium,Low,30.0,12.0,15.0,55.0,26.1,25.0,0.0,0.0,0.0,Nitrogen,ALKALINE_PH,"ICAR-IISS / Soil Health Card Portal (DAC&FW, GoI)",ICAR Soil Test Crop Response (STCR) Database & National Fertilizer Guidelines 2024-25
SOIL_REC_00505,Barley,1,0,15,7.59,1.84,0.2,382.2,19.4,293.4,13.2,1.32,3.96,Sandy loam,Medium,Medium,Medium,24.0,12.0,12.0,42.0,26.1,20.0,0.0,0.0,0.0,Nitrogen,ELEVATED_SALINITY;HIGH_LEACHING_TEXTURE,"ICAR-IISS / Soil Health Card Portal (DAC&FW, GoI)",ICAR Soil Test Crop Response (STCR) Database & National Fertilizer Guidelines 2024-25
SOIL_REC_00506,Barley,2,15,30,7.72,2.79,0.8,372.3,22.6,91.8,16.1,1.46,3.91,Sandy loam,Medium,Medium,Low,24.0,12.0,15.0,42.0,26.1,30.0,0.0,0.0,0.0,Potassium,HIGH_EC_SALINITY;ELEVATED_SALINITY;HIGH_LEACHING_TEXTURE,"ICAR-IISS / Soil Health Card Portal (DAC&FW, GoI)",ICAR Soil Test Crop Response (STCR) Database & National Fertilizer Guidelines 2024-25
SOIL_REC_00507,Barley,3,30,60,6.61,1.44,0.43,197.0,8.5,116.7,16.2,1.32,9.74,Sandy loam,Low,Low,Low,30.0,15.6,15.0,52.0,33.9,25.0,0.0,0.0,0.0,Nitrogen,HIGH_LEACHING_TEXTURE,"ICAR-IISS / Soil Health Card Portal (DAC&FW, GoI)",ICAR Soil Test Crop Response (STCR) Database & National Fertilizer Guidelines 2024-25
SOIL_REC_00508,Barley,1,0,15,7.35,1.47,0.77,218.0,31.9,354.8,10.9,0.31,9.88,Black soil,Low,High,High,30.0,0.0,0.0,65.2,0.0,0.0,0.0,0.0,0.0,Nitrogen,NONE,"ICAR-IISS / Soil Health Card Portal (DAC&FW, GoI)",ICAR Soil Test Crop Response (STCR) Database & National Fertilizer Guidelines 2024-25
SOIL_REC_00509,Barley,2,15,30,6.57,2.6,0.18,341.9,17.8,161.5,13.0,1.15,2.73,Black soil,Medium,Medium,Medium,24.0,12.0,12.0,42.0,26.1,24.0,0.0,0.0,0.0,Nitrogen,HIGH_EC_SALINITY;ELEVATED_SALINITY,"ICAR-IISS / Soil Health Card Portal (DAC&FW, GoI)",ICAR Soil Test Crop Response (STCR) Database & National Fertilizer Guidelines 2024-25
SOIL_REC_00510,Barley,3,30,60,6.51,2.77,0.37,307.5,12.3,71.2,5.3,1.51,4.4,Black soil,Medium,Medium,Low,24.0,12.0,15.0,42.0,26.1,30.0,0.0,0.0,0.0,Potassium,HIGH_EC_SALINITY;ELEVATED_SALINITY,"ICAR-IISS / Soil Health Card Portal (DAC&FW, GoI)",ICAR Soil Test Crop Response (STCR) Database & National Fertilizer Guidelines 2024-25
SOIL_REC_00511,Barley,1,0,15,6.01,2.09,0.23,489.8,16.2,313.6,8.1,1.53,5.23,Clay loam,Medium,Medium,Medium,24.0,12.0,12.0,52.2,0.0,24.0,75.0,0.0,0.0,Nitrogen,HIGH_EC_SALINITY;ELEVATED_SALINITY,"ICAR-IISS / Soil Health Card Portal (DAC&FW, GoI)",ICAR Soil Test Crop Response (STCR) Database & National Fertilizer Guidelines 2024-25
SOIL_REC_00512,Barley,2,15,30,6.63,2.29,0.33,266.7,15.0,267.3,9.9,1.07,9.63,Clay loam,Low,Medium,Medium,30.0,12.0,12.0,55.0,26.1,24.0,0.0,0.0,0.0,Nitrogen,HIGH_EC_SALINITY;ELEVATED_SALINITY,"ICAR-IISS / Soil Health Card Portal (DAC&FW, GoI)",ICAR Soil Test Crop Response (STCR) Database & National Fertilizer Guidelines 2024-25
SOIL_REC_00513,Barley,3,30,60,7.31,1.82,0.55,233.8,17.0,112.8,29.4,1.04,4.93,Clay loam,Low,Medium,Low,30.0,12.0,15.0,55.0,26.1,25.0,0.0,0.0,0.0,Nitrogen,ELEVATED_SALINITY,"ICAR-IISS / Soil Health Card Portal (DAC&FW, GoI)",ICAR Soil Test Crop Response (STCR) Database & National Fertilizer Guidelines 2024-25
SOIL_REC_00514,Barley,1,0,15,6.44,2.25,0.74,146.5,33.5,93.0,14.9,0.63,10.59,Sandy loam,Low,High,Low,30.0,0.0,15.0,65.2,0.0,30.0,0.0,0.0,0.0,Nitrogen,HIGH_EC_SALINITY;ELEVATED_SALINITY;HIGH_LEACHING_TEXTURE,"ICAR-IISS / Soil Health Card Portal (DAC&FW, GoI)",ICAR Soil Test Crop Response (STCR) Database & National Fertilizer Guidelines 2024-25
SOIL_REC_00515,Barley,2,15,30,7.68,2.45,0.13,415.3,25.0,129.9,14.7,1.76,3.45,Sandy loam,Medium,Medium,Low,24.0,12.0,15.0,42.0,26.1,30.0,0.0,0.0,0.0,Potassium,HIGH_EC_SALINITY;ELEVATED_SALINITY;HIGH_LEACHING_TEXTURE,"ICAR-IISS / Soil Health Card Portal (DAC&FW, GoI)",ICAR Soil Test Crop Response (STCR) Database & National Fertilizer Guidelines 2024-25
SOIL_REC_00516,Barley,3,30,60,6.54,2.45,0.33,106.6,13.5,127.4,29.9,0.23,4.85,Sandy loam,Low,Medium,Low,30.0,12.0,15.0,55.0,26.1,30.0,0.0,0.0,0.0,Nitrogen,HIGH_EC_SALINITY;ELEVATED_SALINITY;HIGH_LEACHING_TEXTURE,"ICAR-IISS / Soil Health Card Portal (DAC&FW, GoI)",ICAR Soil Test Crop Response (STCR) Database & National Fertilizer Guidelines 2024-25
SOIL_REC_00517,Barley,1,0,15,6.51,1.47,0.86,129.2,34.7,217.9,12.5,1.79,11.8,Alluvial,Low,High,Medium,27.6,0.0,12.0,60.0,0.0,20.0,0.0,0.0,0.0,Nitrogen,NONE,"ICAR-IISS / Soil Health Card Portal (DAC&FW, GoI)",ICAR Soil Test Crop Response (STCR) Database & National Fertilizer Guidelines 2024-25
SOIL_REC_00518,Barley,2,15,30,6.41,0.36,0.3,235.2,36.0,334.9,30.4,1.72,4.64,Alluvial,Low,High,Medium,30.0,0.0,12.0,65.2,0.0,20.0,0.0,0.0,0.0,Nitrogen,NONE,"ICAR-IISS / Soil Health Card Portal (DAC&FW, GoI)",ICAR Soil Test Crop Response (STCR) Database & National Fertilizer Guidelines 2024-25
SOIL_REC_00519,Barley,3,30,60,6.63,1.22,0.14,242.5,13.9,167.0,28.4,1.3,6.46,Alluvial,Low,Medium,Medium,30.0,12.0,12.0,55.0,26.1,20.0,0.0,0.0,0.0,Nitrogen,NONE,"ICAR-IISS / Soil Health Card Portal (DAC&FW, GoI)",ICAR Soil Test Crop Response (STCR) Database & National Fertilizer Guidelines 2024-25
SOIL_REC_00520,Barley,1,0,15,6.0,2.72,1.01,284.6,28.8,164.4,7.9,1.07,10.1,Alluvial,Medium,High,Medium,21.6,0.0,12.0,47.0,0.0,24.0,0.0,0.0,0.0,Nitrogen,HIGH_EC_SALINITY;ELEVATED_SALINITY,"ICAR-IISS / Soil Health Card Portal (DAC&FW, GoI)",ICAR Soil Test Crop Response (STCR) Database & National Fertilizer Guidelines 2024-25
SOIL_REC_00521,Barley,2,15,30,8.35,1.0,0.61,286.4,8.8,336.3,31.3,0.43,11.36,Alluvial,Medium,Low,High,24.0,15.6,0.0,38.9,33.9,0.0,0.0,0.0,0.0,Phosphorus,ALKALINE_PH,"ICAR-IISS / Soil Health Card Portal (DAC&FW, GoI)",ICAR Soil Test Crop Response (STCR) Database & National Fertilizer Guidelines 2024-25
SOIL_REC_00522,Barley,3,30,60,8.53,1.03,0.34,297.2,5.5,102.2,28.6,1.36,9.77,Alluvial,Medium,Low,Low,24.0,15.6,15.0,38.9,33.9,25.0,0.0,0.0,0.0,Phosphorus,ALKALINE_PH,"ICAR-IISS / Soil Health Card Portal (DAC&FW, GoI)",ICAR Soil Test Crop Response (STCR) Database & National Fertilizer Guidelines 2024-25
SOIL_REC_00523,Barley,1,0,15,8.67,0.99,0.86,530.8,32.7,355.8,8.3,0.5,3.75,Black soil,Medium,High,High,21.6,0.0,0.0,47.0,0.0,0.0,0.0,0.0,0.0,Nitrogen,ALKALINE_PH,"ICAR-IISS / Soil Health Card Portal (DAC&FW, GoI)",ICAR Soil Test Crop Response (STCR) Database & National Fertilizer Guidelines 2024-25
SOIL_REC_00524,Barley,2,15,30,5.59,2.76,0.55,317.1,23.8,228.5,10.5,0.24,3.26,Black soil,Medium,Medium,Medium,24.0,12.0,12.0,52.2,0.0,24.0,75.0,0.0,0.0,Nitrogen,HIGH_EC_SALINITY;ACIDIC_PH;ELEVATED_SALINITY,"ICAR-IISS / Soil Health Card Portal (DAC&FW, GoI)",ICAR Soil Test Crop Response (STCR) Database & National Fertilizer Guidelines 2024-25
SOIL_REC_00525,Barley,3,30,60,8.07,0.55,0.48,177.2,16.6,78.1,14.8,0.96,4.06,Black soil,Low,Medium,Low,30.0,12.0,15.0,55.0,26.1,25.0,0.0,0.0,0.0,Nitrogen,ALKALINE_PH,"ICAR-IISS / Soil Health Card Portal (DAC&FW, GoI)",ICAR Soil Test Crop Response (STCR) Database & National Fertilizer Guidelines 2024-25
SOIL_REC_00526,Barley,1,0,15,5.61,2.19,0.16,254.9,23.3,357.3,31.7,1.41,3.13,Loam,Low,Medium,High,30.0,12.0,0.0,65.2,0.0,0.0,75.0,0.0,0.0,Nitrogen,ACIDIC_PH;ELEVATED_SALINITY,"ICAR-IISS / Soil Health Card Portal (DAC&FW, GoI)",ICAR Soil Test Crop Response (STCR) Database & National Fertilizer Guidelines 2024-25
SOIL_REC_00527,Barley,2,15,30,8.56,2.76,0.73,273.7,14.7,191.0,10.9,0.85,2.9,Loam,Low,Medium,Medium,30.0,12.0,12.0,55.0,26.1,24.0,0.0,0.0,0.0,Nitrogen,HIGH_EC_SALINITY;ALKALINE_PH;ELEVATED_SALINITY,"ICAR-IISS / Soil Health Card Portal (DAC&FW, GoI)",ICAR Soil Test Crop Response (STCR) Database & National Fertilizer Guidelines 2024-25
SOIL_REC_00528,Barley,3,30,60,7.93,1.19,0.22,212.9,18.6,151.9,18.7,1.6,9.98,Loam,Low,Medium,Medium,30.0,12.0,12.0,55.0,26.1,20.0,0.0,0.0,0.0,Nitrogen,NONE,"ICAR-IISS / Soil Health Card Portal (DAC&FW, GoI)",ICAR Soil Test Crop Response (STCR) Database & National Fertilizer Guidelines 2024-25
SOIL_REC_00529,Barley,1,0,15,5.86,1.39,0.98,558.9,16.3,283.6,31.5,0.26,6.18,Alluvial,Medium,Medium,Medium,21.6,12.0,12.0,47.0,0.0,20.0,75.0,0.0,0.0,Nitrogen,ACIDIC_PH,"ICAR-IISS / Soil Health Card Portal (DAC&FW, GoI)",ICAR Soil Test Crop Response (STCR) Database & National Fertilizer Guidelines 2024-25
SOIL_REC_00530,Barley,2,15,30,8.03,2.7,0.25,254.8,32.4,276.4,12.0,0.47,5.3,Alluvial,Low,High,Medium,30.0,0.0,12.0,65.2,0.0,24.0,0.0,0.0,0.0,Nitrogen,HIGH_EC_SALINITY;ALKALINE_PH;ELEVATED_SALINITY,"ICAR-IISS / Soil Health Card Portal (DAC&FW, GoI)",ICAR Soil Test Crop Response (STCR) Database & National Fertilizer Guidelines 2024-25
SOIL_REC_00531,Barley,3,30,60,8.53,1.99,0.5,175.9,16.6,61.3,18.0,0.49,8.06,Alluvial,Low,Medium,Low,30.0,12.0,15.0,55.0,26.1,25.0,0.0,0.0,0.0,Nitrogen,ALKALINE_PH;ELEVATED_SALINITY,"ICAR-IISS / Soil Health Card Portal (DAC&FW, GoI)",ICAR Soil Test Crop Response (STCR) Database & National Fertilizer Guidelines 2024-25
SOIL_REC_00532,Barley,1,0,15,7.3,1.22,0.46,132.5,25.1,412.8,29.1,1.61,3.36,Red soil,Low,High,High,30.0,0.0,0.0,65.2,0.0,0.0,0.0,0.0,0.0,Nitrogen,NONE,"ICAR-IISS / Soil Health Card Portal (DAC&FW, GoI)",ICAR Soil Test Crop Response (STCR) Database & National Fertilizer Guidelines 2024-25
SOIL_REC_00533,Barley,2,15,30,6.57,1.89,0.62,151.5,27.6,92.1,23.8,1.21,3.31,Red soil,Low,High,Low,30.0,0.0,15.0,65.2,0.0,25.0,0.0,0.0,0.0,Nitrogen,ELEVATED_SALINITY,"ICAR-IISS / Soil Health Card Portal (DAC&FW, GoI)",ICAR Soil Test Crop Response (STCR) Database & National Fertilizer Guidelines 2024-25
SOIL_REC_00534,Barley,3,30,60,7.83,2.09,0.54,213.0,6.4,144.1,5.2,0.47,5.68,Red soil,Low,Low,Low,30.0,15.6,15.0,52.0,33.9,30.0,0.0,0.0,0.0,Nitrogen,HIGH_EC_SALINITY;ELEVATED_SALINITY,"ICAR-IISS / Soil Health Card Portal (DAC&FW, GoI)",ICAR Soil Test Crop Response (STCR) Database & National Fertilizer Guidelines 2024-25
SOIL_REC_00535,Barley,1,0,15,8.35,0.62,0.29,504.6,8.2,200.9,24.4,1.74,5.24,Red soil,Medium,Low,Medium,24.0,15.6,12.0,38.9,33.9,20.0,0.0,0.0,0.0,Phosphorus,ALKALINE_PH,"ICAR-IISS / Soil Health Card Portal (DAC&FW, GoI)",ICAR Soil Test Crop Response (STCR) Database & National Fertilizer Guidelines 2024-25
SOIL_REC_00536,Barley,2,15,30,6.1,2.54,0.8,91.3,28.6,70.8,17.9,1.0,10.17,Red soil,Low,High,Low,30.0,0.0,15.0,65.2,0.0,30.0,0.0,0.0,0.0,Nitrogen,HIGH_EC_SALINITY;ELEVATED_SALINITY,"ICAR-IISS / Soil Health Card Portal (DAC&FW, GoI)",ICAR Soil Test Crop Response (STCR) Database & National Fertilizer Guidelines 2024-25
SOIL_REC_00537,Barley,3,30,60,7.51,1.48,0.18,224.9,12.5,124.5,20.8,0.21,10.88,Red soil,Low,Medium,Low,30.0,12.0,15.0,55.0,26.1,25.0,0.0,0.0,0.0,Nitrogen,NONE,"ICAR-IISS / Soil Health Card Portal (DAC&FW, GoI)",ICAR Soil Test Crop Response (STCR) Database & National Fertilizer Guidelines 2024-25
SOIL_REC_00538,Barley,1,0,15,7.55,1.65,0.93,144.5,12.2,325.2,5.0,1.57,8.84,Clay loam,Low,Medium,Medium,27.6,12.0,12.0,49.8,26.1,20.0,0.0,0.0,0.0,Nitrogen,NONE,"ICAR-IISS / Soil Health Card Portal (DAC&FW, GoI)",ICAR Soil Test Crop Response (STCR) Database & National Fertilizer Guidelines 2024-25
SOIL_REC_00539,Barley,2,15,30,8.27,0.98,0.77,108.4,17.6,115.6,22.8,1.18,9.07,Clay loam,Low,Medium,Low,30.0,12.0,15.0,55.0,26.1,25.0,0.0,0.0,0.0,Nitrogen,ALKALINE_PH,"ICAR-IISS / Soil Health Card Portal (DAC&FW, GoI)",ICAR Soil Test Crop Response (STCR) Database & National Fertilizer Guidelines 2024-25
SOIL_REC_00540,Barley,3,30,60,7.46,2.25,0.16,173.8,15.2,212.7,6.6,0.68,6.0,Clay loam,Low,Medium,Medium,30.0,12.0,12.0,55.0,26.1,24.0,0.0,0.0,0.0,Nitrogen,HIGH_EC_SALINITY;ELEVATED_SALINITY,"ICAR-IISS / Soil Health Card Portal (DAC&FW, GoI)",ICAR Soil Test Crop Response (STCR) Database & National Fertilizer Guidelines 2024-25
SOIL_REC_00541,Chickpea (Gram),1,0,15,8.21,2.17,0.95,152.5,25.8,133.9,28.1,0.73,6.43,Black soil,Low,High,Low,9.2,0.0,10.0,20.0,0.0,20.0,0.0,0.0,0.0,Nitrogen,HIGH_EC_SALINITY;ALKALINE_PH;ELEVATED_SALINITY,"ICAR-IISS / Soil Health Card Portal (DAC&FW, GoI)",ICAR Soil Test Crop Response (STCR) Database & National Fertilizer Guidelines 2024-25
SOIL_REC_00542,Chickpea (Gram),2,15,30,6.19,0.74,0.15,304.3,35.3,210.3,6.5,1.36,8.25,Black soil,Medium,High,Medium,8.0,0.0,8.0,17.4,0.0,13.3,0.0,0.0,40.0,Nitrogen,NONE,"ICAR-IISS / Soil Health Card Portal (DAC&FW, GoI)",ICAR Soil Test Crop Response (STCR) Database & National Fertilizer Guidelines 2024-25
SOIL_REC_00543,Chickpea (Gram),3,30,60,8.1,2.04,0.28,271.9,8.5,148.5,21.5,1.68,8.34,Black soil,Low,Low,Medium,10.0,26.0,8.0,0.0,56.5,16.0,0.0,0.0,0.0,Nitrogen,HIGH_EC_SALINITY;ALKALINE_PH;ELEVATED_SALINITY,"ICAR-IISS / Soil Health Card Portal (DAC&FW, GoI)",ICAR Soil Test Crop Response (STCR) Database & National Fertilizer Guidelines 2024-25
SOIL_REC_00544,Chickpea (Gram),1,0,15,7.22,1.84,0.62,210.0,31.6,345.1,31.4,0.2,2.73,Black soil,Low,High,High,10.0,0.0,0.0,21.7,0.0,0.0,0.0,0.0,0.0,Nitrogen,ELEVATED_SALINITY,"ICAR-IISS / Soil Health Card Portal (DAC&FW, GoI)",ICAR Soil Test Crop Response (STCR) Database & National Fertilizer Guidelines 2024-25
SOIL_REC_00545,Chickpea (Gram),2,15,30,7.56,0.51,0.72,389.8,36.0,179.3,13.3,1.1,8.56,Black soil,Medium,High,Medium,8.0,0.0,8.0,17.4,0.0,13.3,0.0,0.0,0.0,Nitrogen,NONE,"ICAR-IISS / Soil Health Card Portal (DAC&FW, GoI)",ICAR Soil Test Crop Response (STCR) Database & National Fertilizer Guidelines 2024-25
SOIL_REC_00546,Chickpea (Gram),3,30,60,5.54,0.72,0.21,257.5,9.5,136.2,13.1,0.21,9.02,Black soil,Low,Low,Low,10.0,26.0,10.0,21.7,0.0,16.7,162.5,0.0,0.0,Nitrogen,ACIDIC_PH,"ICAR-IISS / Soil Health Card Portal (DAC&FW, GoI)",ICAR Soil Test Crop Response (STCR) Database & National Fertilizer Guidelines 2024-25
SOIL_REC_00547,Chickpea (Gram),1,0,15,6.81,1.68,1.06,536.0,14.1,390.2,29.8,0.97,7.01,Clay loam,Medium,Medium,High,7.2,20.0,0.0,0.0,43.5,0.0,0.0,0.0,0.0,Nitrogen,NONE,"ICAR-IISS / Soil Health Card Portal (DAC&FW, GoI)",ICAR Soil Test Crop Response (STCR) Database & National Fertilizer Guidelines 2024-25
SOIL_REC_00548,Chickpea (Gram),2,15,30,5.62,0.55,0.22,262.7,31.8,309.4,16.9,1.5,11.31,Clay loam,Low,High,Medium,10.0,0.0,8.0,21.7,0.0,13.3,0.0,0.0,0.0,Nitrogen,ACIDIC_PH,"ICAR-IISS / Soil Health Card Portal (DAC&FW, GoI)",ICAR Soil Test Crop Response (STCR) Database & National Fertilizer Guidelines 2024-25
SOIL_REC_00549,Chickpea (Gram),3,30,60,5.68,1.55,0.34,229.5,14.7,48.4,20.2,0.73,11.2,Clay loam,Low,Medium,Low,10.0,20.0,10.0,21.7,0.0,16.7,125.0,0.0,0.0,Nitrogen,ACIDIC_PH,"ICAR-IISS / Soil Health Card Portal (DAC&FW, GoI)",ICAR Soil Test Crop Response (STCR) Database & National Fertilizer Guidelines 2024-25
SOIL_REC_00550,Chickpea (Gram),1,0,15,5.72,0.59,0.95,289.6,21.8,282.3,8.6,1.17,4.28,Clay loam,Medium,Medium,Medium,7.2,20.0,8.0,15.7,0.0,13.3,125.0,0.0,0.0,Nitrogen,ACIDIC_PH,"ICAR-IISS / Soil Health Card Portal (DAC&FW, GoI)",ICAR Soil Test Crop Response (STCR) Database & National Fertilizer Guidelines 2024-25
SOIL_REC_00551,Chickpea (Gram),2,15,30,5.89,2.23,0.33,411.7,26.9,140.8,6.4,1.6,6.03,Clay loam,Medium,High,Low,8.0,0.0,10.0,17.4,0.0,20.0,0.0,0.0,40.0,Potassium,HIGH_EC_SALINITY;ACIDIC_PH;ELEVATED_SALINITY,"ICAR-IISS / Soil Health Card Portal (DAC&FW, GoI)",ICAR Soil Test Crop Response (STCR) Database & National Fertilizer Guidelines 2024-25
SOIL_REC_00552,Chickpea (Gram),3,30,60,8.24,0.99,0.32,103.8,10.9,51.7,9.7,0.35,7.31,Clay loam,Low,Medium,Low,10.0,20.0,10.0,21.7,0.0,16.7,125.0,0.0,0.0,Nitrogen,ALKALINE_PH,"ICAR-IISS / Soil Health Card Portal (DAC&FW, GoI)",ICAR Soil Test Crop Response (STCR) Database & National Fertilizer Guidelines 2024-25
SOIL_REC_00553,Chickpea (Gram),1,0,15,8.49,0.6,0.47,361.7,42.7,201.7,13.2,1.43,3.43,Black soil,Medium,High,Medium,8.0,0.0,8.0,17.4,0.0,13.3,0.0,0.0,0.0,Nitrogen,ALKALINE_PH,"ICAR-IISS / Soil Health Card Portal (DAC&FW, GoI)",ICAR Soil Test Crop Response (STCR) Database & National Fertilizer Guidelines 2024-25
SOIL_REC_00554,Chickpea (Gram),2,15,30,8.74,1.54,0.82,166.9,5.7,172.1,28.2,0.39,5.45,Black soil,Low,Low,Medium,9.2,26.0,8.0,0.0,56.5,13.3,0.0,0.0,0.0,Nitrogen,ALKALINE_PH,"ICAR-IISS / Soil Health Card Portal (DAC&FW, GoI)",ICAR Soil Test Crop Response (STCR) Database & National Fertilizer Guidelines 2024-25
SOIL_REC_00555,Chickpea (Gram),3,30,60,5.65,2.41,0.49,143.3,21.7,63.6,25.5,1.39,2.71,Black soil,Low,Medium,Low,10.0,20.0,10.0,21.7,0.0,20.0,125.0,0.0,0.0,Nitrogen,HIGH_EC_SALINITY;ACIDIC_PH;ELEVATED_SALINITY,"ICAR-IISS / Soil Health Card Portal (DAC&FW, GoI)",ICAR Soil Test Crop Response (STCR) Database & National Fertilizer Guidelines 2024-25
SOIL_REC_00556,Chickpea (Gram),1,0,15,7.61,0.75,0.34,263.3,28.4,368.2,22.8,0.64,4.0,Clay loam,Low,High,High,10.0,0.0,0.0,21.7,0.0,0.0,0.0,0.0,0.0,Nitrogen,NONE,"ICAR-IISS / Soil Health Card Portal (DAC&FW, GoI)",ICAR Soil Test Crop Response (STCR) Database & National Fertilizer Guidelines 2024-25
SOIL_REC_00557,Chickpea (Gram),2,15,30,5.88,2.69,0.51,128.4,21.6,215.8,11.6,1.71,10.14,Clay loam,Low,Medium,Medium,10.0,20.0,8.0,21.7,0.0,16.0,125.0,0.0,0.0,Nitrogen,HIGH_EC_SALINITY;ACIDIC_PH;ELEVATED_SALINITY,"ICAR-IISS / Soil Health Card Portal (DAC&FW, GoI)",ICAR Soil Test Crop Response (STCR) Database & National Fertilizer Guidelines 2024-25
SOIL_REC_00558,Chickpea (Gram),3,30,60,7.39,0.65,0.22,283.1,14.4,54.1,4.8,1.65,2.98,Clay loam,Medium,Medium,Low,8.0,20.0,10.0,17.4,0.0,16.7,125.0,0.0,0.0,Potassium,NONE,"ICAR-IISS / Soil Health Card Portal (DAC&FW, GoI)",ICAR Soil Test Crop Response (STCR) Database & National Fertilizer Guidelines 2024-25
SOIL_REC_00559,Chickpea (Gram),1,0,15,5.68,1.31,0.32,418.1,30.9,391.0,23.6,1.19,5.47,Black soil,Medium,High,High,8.0,0.0,0.0,17.4,0.0,0.0,0.0,0.0,0.0,Nitrogen,ACIDIC_PH,"ICAR-IISS / Soil Health Card Portal (DAC&FW, GoI)",ICAR Soil Test Crop Response (STCR) Database & National Fertilizer Guidelines 2024-25
SOIL_REC_00560,Chickpea (Gram),2,15,30,8.2,2.05,0.59,290.1,35.2,271.6,17.0,0.41,10.22,Black soil,Medium,High,Medium,8.0,0.0,8.0,17.4,0.0,16.0,0.0,0.0,0.0,Nitrogen,HIGH_EC_SALINITY;ALKALINE_PH;ELEVATED_SALINITY,"ICAR-IISS / Soil Health Card Portal (DAC&FW, GoI)",ICAR Soil Test Crop Response (STCR) Database & National Fertilizer Guidelines 2024-25
SOIL_REC_00561,Chickpea (Gram),3,30,60,8.53,1.42,0.29,231.1,17.9,128.8,10.5,0.56,10.68,Black soil,Low,Medium,Low,10.0,20.0,10.0,21.7,0.0,16.7,125.0,0.0,0.0,Nitrogen,ALKALINE_PH,"ICAR-IISS / Soil Health Card Portal (DAC&FW, GoI)",ICAR Soil Test Crop Response (STCR) Database & National Fertilizer Guidelines 2024-25
SOIL_REC_00562,Chickpea (Gram),1,0,15,6.35,1.14,0.32,578.6,19.9,399.9,13.1,0.98,3.12,Alluvial,High,Medium,High,3.2,20.0,0.0,0.0,43.5,0.0,0.0,0.0,0.0,Nitrogen,NONE,"ICAR-IISS / Soil Health Card Portal (DAC&FW, GoI)",ICAR Soil Test Crop Response (STCR) Database & National Fertilizer Guidelines 2024-25
SOIL_REC_00563,Chickpea (Gram),2,15,30,5.87,1.44,0.72,195.8,15.5,222.7,18.2,0.85,9.29,Alluvial,Low,Medium,Medium,10.0,20.0,8.0,21.7,0.0,13.3,125.0,0.0,0.0,Nitrogen,ACIDIC_PH,"ICAR-IISS / Soil Health Card Portal (DAC&FW, GoI)",ICAR Soil Test Crop Response (STCR) Database & National Fertilizer Guidelines 2024-25
SOIL_REC_00564,Chickpea (Gram),3,30,60,5.85,1.65,0.11,135.5,12.7,151.3,10.7,0.59,4.01,Alluvial,Low,Medium,Medium,10.0,20.0,8.0,21.7,0.0,13.3,125.0,0.0,0.0,Nitrogen,ACIDIC_PH,"ICAR-IISS / Soil Health Card Portal (DAC&FW, GoI)",ICAR Soil Test Crop Response (STCR) Database & National Fertilizer Guidelines 2024-25
SOIL_REC_00565,Chickpea (Gram),1,0,15,6.77,1.09,0.92,415.5,38.9,246.7,26.0,1.07,4.74,Black soil,Medium,High,Medium,7.2,0.0,8.0,15.7,0.0,13.3,0.0,0.0,0.0,Nitrogen,NONE,"ICAR-IISS / Soil Health Card Portal (DAC&FW, GoI)",ICAR Soil Test Crop Response (STCR) Database & National Fertilizer Guidelines 2024-25
SOIL_REC_00566,Chickpea (Gram),2,15,30,7.69,0.4,0.78,305.3,19.8,227.4,17.0,1.09,10.31,Black soil,Medium,Medium,Medium,8.0,20.0,8.0,0.4,43.5,13.3,0.0,0.0,0.0,Nitrogen,NONE,"ICAR-IISS / Soil Health Card Portal (DAC&FW, GoI)",ICAR Soil Test Crop Response (STCR) Database & National Fertilizer Guidelines 2024-25
SOIL_REC_00567,Chickpea (Gram),3,30,60,6.08,2.69,0.11,87.2,20.1,183.8,14.6,0.99,8.77,Black soil,Low,Medium,Medium,10.0,20.0,8.0,21.7,0.0,16.0,125.0,0.0,0.0,Nitrogen,HIGH_EC_SALINITY;ELEVATED_SALINITY,"ICAR-IISS / Soil Health Card Portal (DAC&FW, GoI)",ICAR Soil Test Crop Response (STCR) Database & National Fertilizer Guidelines 2024-25
SOIL_REC_00568,Chickpea (Gram),1,0,15,6.22,0.56,0.7,497.5,40.0,362.5,22.5,0.92,5.27,Sandy loam,Medium,High,High,8.0,0.0,0.0,17.4,0.0,0.0,0.0,0.0,0.0,Nitrogen,HIGH_LEACHING_TEXTURE,"ICAR-IISS / Soil Health Card Portal (DAC&FW, GoI)",ICAR Soil Test Crop Response (STCR) Database & National Fertilizer Guidelines 2024-25
SOIL_REC_00569,Chickpea (Gram),2,15,30,7.53,1.36,0.26,419.0,13.9,282.0,23.0,1.67,11.4,Sandy loam,Medium,Medium,Medium,8.0,20.0,8.0,0.4,43.5,13.3,0.0,0.0,0.0,Nitrogen,HIGH_LEACHING_TEXTURE,"ICAR-IISS / Soil Health Card Portal (DAC&FW, GoI)",ICAR Soil Test Crop Response (STCR) Database & National Fertilizer Guidelines 2024-25
SOIL_REC_00570,Chickpea (Gram),3,30,60,7.87,2.58,0.55,205.7,15.8,136.9,27.7,1.56,3.09,Sandy loam,Low,Medium,Low,10.0,20.0,10.0,4.8,43.5,20.0,0.0,0.0,0.0,Nitrogen,HIGH_EC_SALINITY;ELEVATED_SALINITY;HIGH_LEACHING_TEXTURE,"ICAR-IISS / Soil Health Card Portal (DAC&FW, GoI)",ICAR Soil Test Crop Response (STCR) Database & National Fertilizer Guidelines 2024-25
SOIL_REC_00571,Chickpea (Gram),1,0,15,8.69,0.2,0.68,609.3,10.6,191.6,4.9,0.89,8.11,Alluvial,High,Medium,Medium,3.2,20.0,8.0,7.0,0.0,13.3,125.0,0.0,0.0,Nitrogen,ALKALINE_PH,"ICAR-IISS / Soil Health Card Portal (DAC&FW, GoI)",ICAR Soil Test Crop Response (STCR) Database & National Fertilizer Guidelines 2024-25
SOIL_REC_00572,Chickpea (Gram),2,15,30,7.56,2.05,0.4,253.2,11.2,114.3,7.9,1.09,10.51,Alluvial,Low,Medium,Low,10.0,20.0,10.0,21.7,0.0,20.0,125.0,0.0,0.0,Nitrogen,HIGH_EC_SALINITY;ELEVATED_SALINITY,"ICAR-IISS / Soil Health Card Portal (DAC&FW, GoI)",ICAR Soil Test Crop Response (STCR) Database & National Fertilizer Guidelines 2024-25
SOIL_REC_00573,Chickpea (Gram),3,30,60,6.69,1.28,0.21,278.2,5.6,47.1,22.2,0.43,10.91,Alluvial,Low,Low,Low,10.0,26.0,10.0,0.0,56.5,16.7,0.0,0.0,0.0,Nitrogen,NONE,"ICAR-IISS / Soil Health Card Portal (DAC&FW, GoI)",ICAR Soil Test Crop Response (STCR) Database & National Fertilizer Guidelines 2024-25
SOIL_REC_00574,Chickpea (Gram),1,0,15,6.94,2.77,0.23,441.1,23.5,254.2,26.1,1.17,6.54,Red soil,Medium,Medium,Medium,8.0,20.0,8.0,0.4,43.5,16.0,0.0,0.0,0.0,Nitrogen,HIGH_EC_SALINITY;ELEVATED_SALINITY,"ICAR-IISS / Soil Health Card Portal (DAC&FW, GoI)",ICAR Soil Test Crop Response (STCR) Database & National Fertilizer Guidelines 2024-25
SOIL_REC_00575,Chickpea (Gram),2,15,30,6.09,1.52,0.51,258.8,15.7,117.7,20.9,1.12,10.54,Red soil,Low,Medium,Low,10.0,20.0,10.0,21.7,0.0,16.7,125.0,0.0,0.0,Nitrogen,NONE,"ICAR-IISS / Soil Health Card Portal (DAC&FW, GoI)",ICAR Soil Test Crop Response (STCR) Database & National Fertilizer Guidelines 2024-25
SOIL_REC_00576,Chickpea (Gram),3,30,60,6.28,1.5,0.27,196.5,10.7,221.1,19.9,1.33,3.58,Red soil,Low,Medium,Medium,10.0,20.0,8.0,4.8,43.5,13.3,0.0,0.0,0.0,Nitrogen,NONE,"ICAR-IISS / Soil Health Card Portal (DAC&FW, GoI)",ICAR Soil Test Crop Response (STCR) Database & National Fertilizer Guidelines 2024-25
SOIL_REC_00577,Chickpea (Gram),1,0,15,8.67,0.41,0.84,383.2,42.1,360.2,11.8,1.03,7.47,Black soil,Medium,High,High,7.2,0.0,0.0,15.7,0.0,0.0,0.0,0.0,0.0,Nitrogen,ALKALINE_PH,"ICAR-IISS / Soil Health Card Portal (DAC&FW, GoI)",ICAR Soil Test Crop Response (STCR) Database & National Fertilizer Guidelines 2024-25
SOIL_REC_00578,Chickpea (Gram),2,15,30,7.51,0.84,0.56,338.9,25.6,252.2,19.1,1.13,8.32,Black soil,Medium,High,Medium,8.0,0.0,8.0,17.4,0.0,13.3,0.0,0.0,0.0,Nitrogen,NONE,"ICAR-IISS / Soil Health Card Portal (DAC&FW, GoI)",ICAR Soil Test Crop Response (STCR) Database & National Fertilizer Guidelines 2024-25
SOIL_REC_00579,Chickpea (Gram),3,30,60,8.48,1.59,0.08,173.5,22.0,148.3,13.3,0.76,11.79,Black soil,Low,Medium,Medium,10.0,20.0,8.0,4.8,43.5,13.3,0.0,0.0,0.0,Nitrogen,ALKALINE_PH,"ICAR-IISS / Soil Health Card Portal (DAC&FW, GoI)",ICAR Soil Test Crop Response (STCR) Database & National Fertilizer Guidelines 2024-25
SOIL_REC_00580,Chickpea (Gram),1,0,15,6.45,0.29,1.03,494.7,36.5,292.9,5.7,0.96,4.11,Clay loam,Medium,High,Medium,7.2,0.0,8.0,15.7,0.0,13.3,0.0,0.0,40.0,Nitrogen,NONE,"ICAR-IISS / Soil Health Card Portal (DAC&FW, GoI)",ICAR Soil Test Crop Response (STCR) Database & National Fertilizer Guidelines 2024-25
SOIL_REC_00581,Chickpea (Gram),2,15,30,5.67,2.77,0.69,324.1,13.5,89.8,18.2,1.56,5.14,Clay loam,Medium,Medium,Low,8.0,20.0,10.0,17.4,0.0,20.0,125.0,0.0,0.0,Potassium,HIGH_EC_SALINITY;ACIDIC_PH;ELEVATED_SALINITY,"ICAR-IISS / Soil Health Card Portal (DAC&FW, GoI)",ICAR Soil Test Crop Response (STCR) Database & National Fertilizer Guidelines 2024-25
SOIL_REC_00582,Chickpea (Gram),3,30,60,5.94,0.93,0.48,63.6,5.3,76.4,20.6,0.44,6.74,Clay loam,Low,Low,Low,10.0,26.0,10.0,21.7,0.0,16.7,162.5,0.0,0.0,Nitrogen,ACIDIC_PH,"ICAR-IISS / Soil Health Card Portal (DAC&FW, GoI)",ICAR Soil Test Crop Response (STCR) Database & National Fertilizer Guidelines 2024-25
SOIL_REC_00583,Chickpea (Gram),1,0,15,6.36,2.02,0.61,519.7,42.2,213.4,6.4,0.43,11.37,Loam,Medium,High,Medium,8.0,0.0,8.0,17.4,0.0,16.0,0.0,0.0,40.0,Nitrogen,HIGH_EC_SALINITY;ELEVATED_SALINITY,"ICAR-IISS / Soil Health Card Portal (DAC&FW, GoI)",ICAR Soil Test Crop Response (STCR) Database & National Fertilizer Guidelines 2024-25
SOIL_REC_00584,Chickpea (Gram),2,15,30,6.01,1.49,0.82,378.9,12.0,186.3,21.9,0.54,9.48,Loam,Medium,Medium,Medium,7.2,20.0,8.0,15.7,0.0,13.3,125.0,0.0,0.0,Nitrogen,NONE,"ICAR-IISS / Soil Health Card Portal (DAC&FW, GoI)",ICAR Soil Test Crop Response (STCR) Database & National Fertilizer Guidelines 2024-25
SOIL_REC_00585,Chickpea (Gram),3,30,60,6.64,1.87,0.43,89.0,6.5,116.8,12.4,1.39,9.65,Loam,Low,Low,Low,10.0,26.0,10.0,0.0,56.5,16.7,0.0,0.0,0.0,Nitrogen,ELEVATED_SALINITY,"ICAR-IISS / Soil Health Card Portal (DAC&FW, GoI)",ICAR Soil Test Crop Response (STCR) Database & National Fertilizer Guidelines 2024-25
SOIL_REC_00586,Chickpea (Gram),1,0,15,6.27,1.98,0.52,251.3,28.3,246.5,12.1,1.48,6.13,Alluvial,Low,High,Medium,10.0,0.0,8.0,21.7,0.0,13.3,0.0,0.0,0.0,Nitrogen,ELEVATED_SALINITY,"ICAR-IISS / Soil Health Card Portal (DAC&FW, GoI)",ICAR Soil Test Crop Response (STCR) Database & National Fertilizer Guidelines 2024-25
SOIL_REC_00587,Chickpea (Gram),2,15,30,6.54,1.58,0.79,126.5,21.2,163.0,27.6,1.18,8.69,Alluvial,Low,Medium,Medium,10.0,20.0,8.0,4.8,43.5,13.3,0.0,0.0,0.0,Nitrogen,NONE,"ICAR-IISS / Soil Health Card Portal (DAC&FW, GoI)",ICAR Soil Test Crop Response (STCR) Database & National Fertilizer Guidelines 2024-25
SOIL_REC_00588,Chickpea (Gram),3,30,60,6.4,0.9,0.46,123.8,15.3,128.0,22.9,0.59,8.88,Alluvial,Low,Medium,Low,10.0,20.0,10.0,4.8,43.5,16.7,0.0,0.0,0.0,Nitrogen,NONE,"ICAR-IISS / Soil Health Card Portal (DAC&FW, GoI)",ICAR Soil Test Crop Response (STCR) Database & National Fertilizer Guidelines 2024-25
SOIL_REC_00589,Chickpea (Gram),1,0,15,7.22,1.96,1.09,276.6,6.4,93.1,5.9,0.86,7.49,Loam,Low,Low,Low,9.2,26.0,10.0,20.0,0.0,16.7,162.5,0.0,0.0,Nitrogen,ELEVATED_SALINITY,"ICAR-IISS / Soil Health Card Portal (DAC&FW, GoI)",ICAR Soil Test Crop Response (STCR) Database & National Fertilizer Guidelines 2024-25
SOIL_REC_00590,Chickpea (Gram),2,15,30,7.76,1.11,0.63,184.5,5.6,234.7,5.6,1.15,10.99,Loam,Low,Low,Medium,10.0,26.0,8.0,21.7,0.0,13.3,162.5,0.0,0.0,Nitrogen,NONE,"ICAR-IISS / Soil Health Card Portal (DAC&FW, GoI)",ICAR Soil Test Crop Response (STCR) Database & National Fertilizer Guidelines 2024-25
SOIL_REC_00591,Chickpea (Gram),3,30,60,6.22,1.76,0.13,299.4,4.8,153.8,14.5,1.42,8.66,Loam,Medium,Low,Medium,8.0,26.0,8.0,0.0,56.5,13.3,0.0,0.0,0.0,Phosphorus,NONE,"ICAR-IISS / Soil Health Card Portal (DAC&FW, GoI)",ICAR Soil Test Crop Response (STCR) Database & National Fertilizer Guidelines 2024-25
SOIL_REC_00592,Chickpea (Gram),1,0,15,8.46,2.01,0.39,353.5,45.3,320.0,29.8,0.64,6.56,Loam,Medium,High,Medium,8.0,0.0,8.0,17.4,0.0,16.0,0.0,0.0,0.0,Nitrogen,HIGH_EC_SALINITY;ALKALINE_PH;ELEVATED_SALINITY,"ICAR-IISS / Soil Health Card Portal (DAC&FW, GoI)",ICAR Soil Test Crop Response (STCR) Database & National Fertilizer Guidelines 2024-25
SOIL_REC_00593,Chickpea (Gram),2,15,30,8.48,2.2,0.34,150.7,6.8,277.3,14.7,0.73,3.07,Loam,Low,Low,Medium,10.0,26.0,8.0,0.0,56.5,16.0,0.0,0.0,0.0,Nitrogen,HIGH_EC_SALINITY;ALKALINE_PH;ELEVATED_SALINITY,"ICAR-IISS / Soil Health Card Portal (DAC&FW, GoI)",ICAR Soil Test Crop Response (STCR) Database & National Fertilizer Guidelines 2024-25
SOIL_REC_00594,Chickpea (Gram),3,30,60,8.65,0.89,0.28,182.9,22.5,154.9,9.0,0.99,3.87,Loam,Low,Medium,Medium,10.0,20.0,8.0,21.7,0.0,13.3,125.0,0.0,0.0,Nitrogen,ALKALINE_PH,"ICAR-IISS / Soil Health Card Portal (DAC&FW, GoI)",ICAR Soil Test Crop Response (STCR) Database & National Fertilizer Guidelines 2024-25
SOIL_REC_00595,Chickpea (Gram),1,0,15,6.22,1.87,1.02,477.7,10.3,116.3,20.0,0.6,6.74,Black soil,Medium,Medium,Low,7.2,20.0,10.0,0.0,43.5,16.7,0.0,0.0,0.0,Potassium,ELEVATED_SALINITY,"ICAR-IISS / Soil Health Card Portal (DAC&FW, GoI)",ICAR Soil Test Crop Response (STCR) Database & National Fertilizer Guidelines 2024-25
SOIL_REC_00596,Chickpea (Gram),2,15,30,8.46,0.59,0.57,439.8,25.4,139.4,23.6,1.65,7.96,Black soil,Medium,High,Low,8.0,0.0,10.0,17.4,0.0,16.7,0.0,0.0,0.0,Potassium,ALKALINE_PH,"ICAR-IISS / Soil Health Card Portal (DAC&FW, GoI)",ICAR Soil Test Crop Response (STCR) Database & National Fertilizer Guidelines 2024-25
SOIL_REC_00597,Chickpea (Gram),3,30,60,7.2,2.64,0.31,169.0,20.7,185.6,26.0,1.06,2.53,Black soil,Low,Medium,Medium,10.0,20.0,8.0,4.8,43.5,16.0,0.0,0.0,0.0,Nitrogen,HIGH_EC_SALINITY;ELEVATED_SALINITY,"ICAR-IISS / Soil Health Card Portal (DAC&FW, GoI)",ICAR Soil Test Crop Response (STCR) Database & National Fertilizer Guidelines 2024-25
SOIL_REC_00598,Chickpea (Gram),1,0,15,8.2,1.45,0.69,587.5,21.1,335.5,15.2,1.21,11.61,Red soil,High,Medium,Medium,3.2,20.0,8.0,0.0,43.5,13.3,0.0,0.0,0.0,Nitrogen,ALKALINE_PH,"ICAR-IISS / Soil Health Card Portal (DAC&FW, GoI)",ICAR Soil Test Crop Response (STCR) Database & National Fertilizer Guidelines 2024-25
SOIL_REC_00599,Chickpea (Gram),2,15,30,5.8,1.59,0.8,120.2,19.0,274.5,22.1,0.48,2.87,Red soil,Low,Medium,Medium,10.0,20.0,8.0,21.7,0.0,13.3,125.0,0.0,0.0,Nitrogen,ACIDIC_PH,"ICAR-IISS / Soil Health Card Portal (DAC&FW, GoI)",ICAR Soil Test Crop Response (STCR) Database & National Fertilizer Guidelines 2024-25
SOIL_REC_00600,Chickpea (Gram),3,30,60,6.77,0.7,0.41,284.1,16.2,109.7,6.4,1.21,9.49,Red soil,Medium,Medium,Low,8.0,20.0,10.0,17.4,0.0,16.7,125.0,0.0,0.0,Potassium,NONE,"ICAR-IISS / Soil Health Card Portal (DAC&FW, GoI)",ICAR Soil Test Crop Response (STCR) Database & National Fertilizer Guidelines 2024-25
SOIL_REC_00601,Chickpea (Gram),1,0,15,5.62,0.27,1.1,239.2,22.3,375.4,22.0,1.0,11.67,Loam,Low,Medium,High,9.2,20.0,0.0,20.0,0.0,0.0,125.0,0.0,0.0,Nitrogen,ACIDIC_PH,"ICAR-IISS / Soil Health Card Portal (DAC&FW, GoI)",ICAR Soil Test Crop Response (STCR) Database & National Fertilizer Guidelines 2024-25
SOIL_REC_00602,Chickpea (Gram),2,15,30,8.18,2.71,0.12,217.2,15.1,262.2,15.4,0.54,8.71,Loam,Low,Medium,Medium,10.0,20.0,8.0,4.8,43.5,16.0,0.0,0.0,0.0,Nitrogen,HIGH_EC_SALINITY;ALKALINE_PH;ELEVATED_SALINITY,"ICAR-IISS / Soil Health Card Portal (DAC&FW, GoI)",ICAR Soil Test Crop Response (STCR) Database & National Fertilizer Guidelines 2024-25
SOIL_REC_00603,Chickpea (Gram),3,30,60,7.23,2.64,0.49,194.1,18.6,86.9,6.0,1.38,7.14,Loam,Low,Medium,Low,10.0,20.0,10.0,21.7,0.0,20.0,125.0,0.0,0.0,Nitrogen,HIGH_EC_SALINITY;ELEVATED_SALINITY,"ICAR-IISS / Soil Health Card Portal (DAC&FW, GoI)",ICAR Soil Test Crop Response (STCR) Database & National Fertilizer Guidelines 2024-25
SOIL_REC_00604,Chickpea (Gram),1,0,15,7.06,2.59,0.19,470.6,11.5,152.0,5.4,0.69,10.04,Sandy loam,Medium,Medium,Medium,8.0,20.0,8.0,17.4,0.0,16.0,125.0,0.0,0.0,Nitrogen,HIGH_EC_SALINITY;ELEVATED_SALINITY;HIGH_LEACHING_TEXTURE,"ICAR-IISS / Soil Health Card Portal (DAC&FW, GoI)",ICAR Soil Test Crop Response (STCR) Database & National Fertilizer Guidelines 2024-25
SOIL_REC_00605,Chickpea (Gram),2,15,30,7.01,0.64,0.53,396.7,7.8,201.7,26.4,0.55,10.14,Sandy loam,Medium,Low,Medium,8.0,26.0,8.0,0.0,56.5,13.3,0.0,0.0,0.0,Phosphorus,HIGH_LEACHING_TEXTURE,"ICAR-IISS / Soil Health Card Portal (DAC&FW, GoI)",ICAR Soil Test Crop Response (STCR) Database & National Fertilizer Guidelines 2024-25
SOIL_REC_00606,Chickpea (Gram),3,30,60,6.91,2.31,0.54,229.6,9.8,220.7,20.1,0.42,10.45,Sandy loam,Low,Low,Medium,10.0,26.0,8.0,0.0,56.5,16.0,0.0,0.0,0.0,Nitrogen,HIGH_EC_SALINITY;ELEVATED_SALINITY;HIGH_LEACHING_TEXTURE,"ICAR-IISS / Soil Health Card Portal (DAC&FW, GoI)",ICAR Soil Test Crop Response (STCR) Database & National Fertilizer Guidelines 2024-25
SOIL_REC_00607,Chickpea (Gram),1,0,15,8.02,1.74,0.47,180.4,11.9,239.5,23.5,1.09,6.67,Loam,Low,Medium,Medium,10.0,20.0,8.0,4.8,43.5,13.3,0.0,0.0,0.0,Nitrogen,ALKALINE_PH,"ICAR-IISS / Soil Health Card Portal (DAC&FW, GoI)",ICAR Soil Test Crop Response (STCR) Database & National Fertilizer Guidelines 2024-25
SOIL_REC_00608,Chickpea (Gram),2,15,30,8.55,0.31,0.18,407.8,23.8,277.5,4.4,0.98,2.56,Loam,Medium,Medium,Medium,8.0,20.0,8.0,17.4,0.0,13.3,125.0,0.0,0.0,Nitrogen,ALKALINE_PH,"ICAR-IISS / Soil Health Card Portal (DAC&FW, GoI)",ICAR Soil Test Crop Response (STCR) Database & National Fertilizer Guidelines 2024-25
SOIL_REC_00609,Chickpea (Gram),3,30,60,6.09,0.43,0.38,281.7,11.7,190.3,25.6,1.31,4.46,Loam,Medium,Medium,Medium,8.0,20.0,8.0,17.4,0.0,13.3,125.0,0.0,0.0,Nitrogen,NONE,"ICAR-IISS / Soil Health Card Portal (DAC&FW, GoI)",ICAR Soil Test Crop Response (STCR) Database & National Fertilizer Guidelines 2024-25
SOIL_REC_00610,Chickpea (Gram),1,0,15,6.39,1.37,0.38,207.3,35.1,304.7,24.1,1.18,3.34,Red soil,Low,High,Medium,10.0,0.0,8.0,21.7,0.0,13.3,0.0,0.0,0.0,Nitrogen,NONE,"ICAR-IISS / Soil Health Card Portal (DAC&FW, GoI)",ICAR Soil Test Crop Response (STCR) Database & National Fertilizer Guidelines 2024-25
SOIL_REC_00611,Chickpea (Gram),2,15,30,8.23,0.98,0.41,299.1,10.5,333.9,31.4,1.19,10.7,Red soil,Medium,Medium,Medium,8.0,20.0,8.0,0.4,43.5,13.3,0.0,0.0,0.0,Nitrogen,ALKALINE_PH,"ICAR-IISS / Soil Health Card Portal (DAC&FW, GoI)",ICAR Soil Test Crop Response (STCR) Database & National Fertilizer Guidelines 2024-25
SOIL_REC_00612,Chickpea (Gram),3,30,60,8.76,1.52,0.3,216.6,7.4,54.6,7.2,0.44,10.52,Red soil,Low,Low,Low,10.0,26.0,10.0,21.7,0.0,16.7,162.5,0.0,0.0,Nitrogen,ALKALINE_PH,"ICAR-IISS / Soil Health Card Portal (DAC&FW, GoI)",ICAR Soil Test Crop Response (STCR) Database & National Fertilizer Guidelines 2024-25
SOIL_REC_00613,Chickpea (Gram),1,0,15,7.14,0.62,1.03,147.0,21.3,165.5,11.0,1.19,10.96,Black soil,Low,Medium,Medium,9.2,20.0,8.0,20.0,0.0,13.3,125.0,0.0,0.0,Nitrogen,NONE,"ICAR-IISS / Soil Health Card Portal (DAC&FW, GoI)",ICAR Soil Test Crop Response (STCR) Database & National Fertilizer Guidelines 2024-25
SOIL_REC_00614,Chickpea (Gram),2,15,30,7.0,0.47,0.15,291.5,9.5,75.3,18.4,0.31,4.74,Black soil,Medium,Low,Low,8.0,26.0,10.0,0.0,56.5,16.7,0.0,0.0,0.0,Phosphorus,NONE,"ICAR-IISS / Soil Health Card Portal (DAC&FW, GoI)",ICAR Soil Test Crop Response (STCR) Database & National Fertilizer Guidelines 2024-25
SOIL_REC_00615,Chickpea (Gram),3,30,60,6.97,1.71,0.27,246.8,21.9,86.4,7.1,0.56,4.75,Black soil,Low,Medium,Low,10.0,20.0,10.0,21.7,0.0,16.7,125.0,0.0,0.0,Nitrogen,NONE,"ICAR-IISS / Soil Health Card Portal (DAC&FW, GoI)",ICAR Soil Test Crop Response (STCR) Database & National Fertilizer Guidelines 2024-25
SOIL_REC_00616,Chickpea (Gram),1,0,15,8.37,1.18,0.36,355.5,26.3,410.6,8.1,1.68,6.82,Black soil,Medium,High,High,8.0,0.0,0.0,17.4,0.0,0.0,0.0,0.0,40.0,Nitrogen,ALKALINE_PH,"ICAR-IISS / Soil Health Card Portal (DAC&FW, GoI)",ICAR Soil Test Crop Response (STCR) Database & National Fertilizer Guidelines 2024-25
SOIL_REC_00617,Chickpea (Gram),2,15,30,6.78,0.55,0.63,327.0,35.2,122.1,7.6,1.31,3.07,Black soil,Medium,High,Low,8.0,0.0,10.0,17.4,0.0,16.7,0.0,0.0,40.0,Potassium,NONE,"ICAR-IISS / Soil Health Card Portal (DAC&FW, GoI)",ICAR Soil Test Crop Response (STCR) Database & National Fertilizer Guidelines 2024-25
SOIL_REC_00618,Chickpea (Gram),3,30,60,5.95,2.41,0.29,102.8,10.2,204.6,20.9,1.46,8.56,Black soil,Low,Medium,Medium,10.0,20.0,8.0,21.7,0.0,16.0,125.0,0.0,0.0,Nitrogen,HIGH_EC_SALINITY;ACIDIC_PH;ELEVATED_SALINITY,"ICAR-IISS / Soil Health Card Portal (DAC&FW, GoI)",ICAR Soil Test Crop Response (STCR) Database & National Fertilizer Guidelines 2024-25
SOIL_REC_00619,Chickpea (Gram),1,0,15,8.49,1.7,0.68,234.9,23.3,277.8,28.1,0.55,7.0,Alluvial,Low,Medium,Medium,10.0,20.0,8.0,4.8,43.5,13.3,0.0,0.0,0.0,Nitrogen,ALKALINE_PH,"ICAR-IISS / Soil Health Card Portal (DAC&FW, GoI)",ICAR Soil Test Crop Response (STCR) Database & National Fertilizer Guidelines 2024-25
SOIL_REC_00620,Chickpea (Gram),2,15,30,7.03,0.24,0.42,417.2,12.3,184.7,10.2,1.68,11.49,Alluvial,Medium,Medium,Medium,8.0,20.0,8.0,17.4,0.0,13.3,125.0,0.0,0.0,Nitrogen,NONE,"ICAR-IISS / Soil Health Card Portal (DAC&FW, GoI)",ICAR Soil Test Crop Response (STCR) Database & National Fertilizer Guidelines 2024-25
SOIL_REC_00621,Chickpea (Gram),3,30,60,8.52,2.54,0.27,71.1,23.8,177.0,18.1,0.88,6.25,Alluvial,Low,Medium,Medium,10.0,20.0,8.0,4.8,43.5,16.0,0.0,0.0,0.0,Nitrogen,HIGH_EC_SALINITY;ALKALINE_PH;ELEVATED_SALINITY,"ICAR-IISS / Soil Health Card Portal (DAC&FW, GoI)",ICAR Soil Test Crop Response (STCR) Database & National Fertilizer Guidelines 2024-25
SOIL_REC_00622,Chickpea (Gram),1,0,15,8.21,1.38,0.38,399.2,6.5,353.4,30.6,0.41,5.31,Red soil,Medium,Low,High,8.0,26.0,0.0,0.0,56.5,0.0,0.0,0.0,0.0,Phosphorus,ALKALINE_PH,"ICAR-IISS / Soil Health Card Portal (DAC&FW, GoI)",ICAR Soil Test Crop Response (STCR) Database & National Fertilizer Guidelines 2024-25
SOIL_REC_00623,Chickpea (Gram),2,15,30,7.64,0.44,0.45,204.3,26.7,299.1,24.9,0.24,6.82,Red soil,Low,High,Medium,10.0,0.0,8.0,21.7,0.0,13.3,0.0,0.0,0.0,Nitrogen,NONE,"ICAR-IISS / Soil Health Card Portal (DAC&FW, GoI)",ICAR Soil Test Crop Response (STCR) Database & National Fertilizer Guidelines 2024-25
SOIL_REC_00624,Chickpea (Gram),3,30,60,8.05,2.47,0.27,257.5,10.8,128.6,21.7,1.58,3.17,Red soil,Low,Medium,Low,10.0,20.0,10.0,4.8,43.5,20.0,0.0,0.0,0.0,Nitrogen,HIGH_EC_SALINITY;ALKALINE_PH;ELEVATED_SALINITY,"ICAR-IISS / Soil Health Card Portal (DAC&FW, GoI)",ICAR Soil Test Crop Response (STCR) Database & National Fertilizer Guidelines 2024-25
SOIL_REC_00625,Chickpea (Gram),1,0,15,6.6,0.29,0.55,254.9,45.7,285.3,26.2,1.46,3.27,Red soil,Low,High,Medium,10.0,0.0,8.0,21.7,0.0,13.3,0.0,0.0,0.0,Nitrogen,NONE,"ICAR-IISS / Soil Health Card Portal (DAC&FW, GoI)",ICAR Soil Test Crop Response (STCR) Database & National Fertilizer Guidelines 2024-25
SOIL_REC_00626,Chickpea (Gram),2,15,30,8.41,2.11,0.15,444.5,25.8,307.3,7.1,0.78,8.38,Red soil,Medium,High,Medium,8.0,0.0,8.0,17.4,0.0,16.0,0.0,0.0,40.0,Nitrogen,HIGH_EC_SALINITY;ALKALINE_PH;ELEVATED_SALINITY,"ICAR-IISS / Soil Health Card Portal (DAC&FW, GoI)",ICAR Soil Test Crop Response (STCR) Database & National Fertilizer Guidelines 2024-25
SOIL_REC_00627,Chickpea (Gram),3,30,60,6.71,0.66,0.34,76.8,17.9,81.8,31.5,0.58,3.58,Red soil,Low,Medium,Low,10.0,20.0,10.0,4.8,43.5,16.7,0.0,0.0,0.0,Nitrogen,NONE,"ICAR-IISS / Soil Health Card Portal (DAC&FW, GoI)",ICAR Soil Test Crop Response (STCR) Database & National Fertilizer Guidelines 2024-25
SOIL_REC_00628,Chickpea (Gram),1,0,15,7.93,2.16,0.98,471.4,37.6,363.9,13.0,1.64,7.28,Black soil,Medium,High,High,7.2,0.0,0.0,15.7,0.0,0.0,0.0,0.0,0.0,Nitrogen,ELEVATED_SALINITY,"ICAR-IISS / Soil Health Card Portal (DAC&FW, GoI)",ICAR Soil Test Crop Response (STCR) Database & National Fertilizer Guidelines 2024-25
SOIL_REC_00629,Chickpea (Gram),2,15,30,6.9,0.34,0.38,259.7,20.3,291.5,17.2,1.05,10.34,Black soil,Low,Medium,Medium,10.0,20.0,8.0,4.8,43.5,13.3,0.0,0.0,0.0,Nitrogen,NONE,"ICAR-IISS / Soil Health Card Portal (DAC&FW, GoI)",ICAR Soil Test Crop Response (STCR) Database & National Fertilizer Guidelines 2024-25
SOIL_REC_00630,Chickpea (Gram),3,30,60,8.47,1.38,0.25,228.3,17.6,221.1,28.7,0.5,10.9,Black soil,Low,Medium,Medium,10.0,20.0,8.0,4.8,43.5,13.3,0.0,0.0,0.0,Nitrogen,ALKALINE_PH,"ICAR-IISS / Soil Health Card Portal (DAC&FW, GoI)",ICAR Soil Test Crop Response (STCR) Database & National Fertilizer Guidelines 2024-25
SOIL_REC_00631,Pigeon Pea (Tur),1,0,15,5.76,2.53,0.42,598.3,10.6,189.3,23.5,0.99,10.81,Sandy loam,High,Medium,Medium,4.0,20.0,10.0,8.7,0.0,20.0,125.0,0.0,0.0,Nitrogen,HIGH_EC_SALINITY;ACIDIC_PH;ELEVATED_SALINITY;HIGH_LEACHING_TEXTURE,"ICAR-IISS / Soil Health Card Portal (DAC&FW, GoI)",ICAR Soil Test Crop Response (STCR) Database & National Fertilizer Guidelines 2024-25
SOIL_REC_00632,Pigeon Pea (Tur),2,15,30,7.22,1.83,0.32,453.6,21.6,103.1,13.7,0.91,8.62,Sandy loam,Medium,Medium,Low,10.0,20.0,12.5,4.8,43.5,20.8,0.0,0.0,0.0,Potassium,ELEVATED_SALINITY;HIGH_LEACHING_TEXTURE,"ICAR-IISS / Soil Health Card Portal (DAC&FW, GoI)",ICAR Soil Test Crop Response (STCR) Database & National Fertilizer Guidelines 2024-25
SOIL_REC_00633,Pigeon Pea (Tur),3,30,60,6.46,0.36,0.49,118.1,22.9,161.0,15.5,0.75,8.64,Sandy loam,Low,Medium,Medium,12.5,20.0,10.0,10.2,43.5,16.7,0.0,0.0,0.0,Nitrogen,HIGH_LEACHING_TEXTURE,"ICAR-IISS / Soil Health Card Portal (DAC&FW, GoI)",ICAR Soil Test Crop Response (STCR) Database & National Fertilizer Guidelines 2024-25
SOIL_REC_00634,Pigeon Pea (Tur),1,0,15,7.1,1.93,0.65,394.2,25.2,294.2,29.2,0.69,10.0,Clay loam,Medium,High,Medium,10.0,0.0,10.0,21.7,0.0,16.7,0.0,0.0,0.0,Nitrogen,ELEVATED_SALINITY,"ICAR-IISS / Soil Health Card Portal (DAC&FW, GoI)",ICAR Soil Test Crop Response (STCR) Database & National Fertilizer Guidelines 2024-25
SOIL_REC_00635,Pigeon Pea (Tur),2,15,30,6.25,1.17,0.32,407.1,9.2,144.3,30.8,1.19,4.03,Clay loam,Medium,Low,Low,10.0,26.0,12.5,0.0,56.5,20.8,0.0,0.0,0.0,Phosphorus,NONE,"ICAR-IISS / Soil Health Card Portal (DAC&FW, GoI)",ICAR Soil Test Crop Response (STCR) Database & National Fertilizer Guidelines 2024-25
SOIL_REC_00636,Pigeon Pea (Tur),3,30,60,7.27,0.67,0.16,237.0,22.0,188.0,8.5,0.39,11.94,Clay loam,Low,Medium,Medium,12.5,20.0,10.0,27.2,0.0,16.7,125.0,10.0,0.0,Zinc,NONE,"ICAR-IISS / Soil Health Card Portal (DAC&FW, GoI)",ICAR Soil Test Crop Response (STCR) Database & National Fertilizer Guidelines 2024-25
SOIL_REC_00637,Pigeon Pea (Tur),1,0,15,5.92,0.88,0.33,401.2,7.5,204.1,13.6,0.8,7.63,Alluvial,Medium,Low,Medium,10.0,26.0,10.0,21.7,0.0,16.7,162.5,0.0,0.0,Phosphorus,ACIDIC_PH,"ICAR-IISS / Soil Health Card Portal (DAC&FW, GoI)",ICAR Soil Test Crop Response (STCR) Database & National Fertilizer Guidelines 2024-25
SOIL_REC_00638,Pigeon Pea (Tur),2,15,30,6.04,0.98,0.77,241.7,20.2,106.8,16.8,0.71,2.54,Alluvial,Low,Medium,Low,12.5,20.0,12.5,27.2,0.0,20.8,125.0,0.0,0.0,Nitrogen,NONE,"ICAR-IISS / Soil Health Card Portal (DAC&FW, GoI)",ICAR Soil Test Crop Response (STCR) Database & National Fertilizer Guidelines 2024-25
SOIL_REC_00639,Pigeon Pea (Tur),3,30,60,7.94,2.74,0.23,236.4,13.0,97.2,30.4,1.77,7.95,Alluvial,Low,Medium,Low,12.5,20.0,12.5,10.2,43.5,25.0,0.0,0.0,0.0,Nitrogen,HIGH_EC_SALINITY;ELEVATED_SALINITY,"ICAR-IISS / Soil Health Card Portal (DAC&FW, GoI)",ICAR Soil Test Crop Response (STCR) Database & National Fertilizer Guidelines 2024-25
SOIL_REC_00640,Pigeon Pea (Tur),1,0,15,8.14,2.09,1.03,289.3,10.7,262.4,5.1,1.28,3.61,Loam,Medium,Medium,Medium,9.0,20.0,10.0,19.6,0.0,20.0,125.0,0.0,0.0,Nitrogen,HIGH_EC_SALINITY;ALKALINE_PH;ELEVATED_SALINITY,"ICAR-IISS / Soil Health Card Portal (DAC&FW, GoI)",ICAR Soil Test Crop Response (STCR) Database & National Fertilizer Guidelines 2024-25
SOIL_REC_00641,Pigeon Pea (Tur),2,15,30,5.58,1.81,0.27,224.0,14.8,231.7,9.5,1.04,9.92,Loam,Low,Medium,Medium,12.5,20.0,10.0,27.2,0.0,16.7,125.0,0.0,0.0,Nitrogen,ACIDIC_PH;ELEVATED_SALINITY,"ICAR-IISS / Soil Health Card Portal (DAC&FW, GoI)",ICAR Soil Test Crop Response (STCR) Database & National Fertilizer Guidelines 2024-25
SOIL_REC_00642,Pigeon Pea (Tur),3,30,60,8.03,0.71,0.11,272.4,17.2,217.4,31.3,0.83,7.16,Loam,Low,Medium,Medium,12.5,20.0,10.0,10.2,43.5,16.7,0.0,0.0,0.0,Nitrogen,ALKALINE_PH,"ICAR-IISS / Soil Health Card Portal (DAC&FW, GoI)",ICAR Soil Test Crop Response (STCR) Database & National Fertilizer Guidelines 2024-25
SOIL_REC_00643,Pigeon Pea (Tur),1,0,15,7.5,2.65,1.01,300.5,12.2,397.4,14.3,0.8,5.2,Alluvial,Medium,Medium,High,9.0,20.0,0.0,2.6,43.5,0.0,0.0,0.0,0.0,Nitrogen,ELEVATED_SALINITY,"ICAR-IISS / Soil Health Card Portal (DAC&FW, GoI)",ICAR Soil Test Crop Response (STCR) Database & National Fertilizer Guidelines 2024-25
SOIL_REC_00644,Pigeon Pea (Tur),2,15,30,6.66,2.74,0.74,122.8,27.4,187.4,31.8,1.49,5.24,Alluvial,Low,High,Medium,12.5,0.0,10.0,27.2,0.0,20.0,0.0,0.0,0.0,Nitrogen,HIGH_EC_SALINITY;ELEVATED_SALINITY,"ICAR-IISS / Soil Health Card Portal (DAC&FW, GoI)",ICAR Soil Test Crop Response (STCR) Database & National Fertilizer Guidelines 2024-25
SOIL_REC_00645,Pigeon Pea (Tur),3,30,60,8.16,2.72,0.28,284.1,5.9,150.7,6.4,0.53,7.01,Alluvial,Medium,Low,Medium,10.0,26.0,10.0,21.7,0.0,20.0,162.5,10.0,0.0,Phosphorus,HIGH_EC_SALINITY;ALKALINE_PH;ELEVATED_SALINITY,"ICAR-IISS / Soil Health Card Portal (DAC&FW, GoI)",ICAR Soil Test Crop Response (STCR) Database & National Fertilizer Guidelines 2024-25
SOIL_REC_00646,Pigeon Pea (Tur),1,0,15,8.76,0.37,1.06,498.1,9.7,237.4,29.6,0.86,7.78,Alluvial,Medium,Low,Medium,9.0,26.0,10.0,0.0,56.5,16.7,0.0,0.0,0.0,Phosphorus,ALKALINE_PH,"ICAR-IISS / Soil Health Card Portal (DAC&FW, GoI)",ICAR Soil Test Crop Response (STCR) Database & National Fertilizer Guidelines 2024-25
SOIL_REC_00647,Pigeon Pea (Tur),2,15,30,7.84,2.16,0.21,159.8,16.5,217.0,5.2,1.52,10.43,Alluvial,Low,Medium,Medium,12.5,20.0,10.0,27.2,0.0,20.0,125.0,0.0,0.0,Nitrogen,HIGH_EC_SALINITY;ELEVATED_SALINITY,"ICAR-IISS / Soil Health Card Portal (DAC&FW, GoI)",ICAR Soil Test Crop Response (STCR) Database & National Fertilizer Guidelines 2024-25
SOIL_REC_00648,Pigeon Pea (Tur),3,30,60,6.5,1.65,0.3,66.7,3.1,92.3,30.8,1.53,6.99,Alluvial,Low,Low,Low,12.5,26.0,12.5,5.0,56.5,20.8,0.0,0.0,0.0,Nitrogen,NONE,"ICAR-IISS / Soil Health Card Portal (DAC&FW, GoI)",ICAR Soil Test Crop Response (STCR) Database & National Fertilizer Guidelines 2024-25
SOIL_REC_00649,Pigeon Pea (Tur),1,0,15,7.7,0.95,0.32,573.4,33.1,100.2,25.4,0.99,11.72,Red soil,High,High,Low,4.0,0.0,12.5,8.7,0.0,20.8,0.0,0.0,0.0,Potassium,NONE,"ICAR-IISS / Soil Health Card Portal (DAC&FW, GoI)",ICAR Soil Test Crop Response (STCR) Database & National Fertilizer Guidelines 2024-25
SOIL_REC_00650,Pigeon Pea (Tur),2,15,30,7.48,1.14,0.45,253.5,12.6,252.7,31.3,1.51,6.05,Red soil,Low,Medium,Medium,12.5,20.0,10.0,10.2,43.5,16.7,0.0,0.0,0.0,Nitrogen,NONE,"ICAR-IISS / Soil Health Card Portal (DAC&FW, GoI)",ICAR Soil Test Crop Response (STCR) Database & National Fertilizer Guidelines 2024-25
SOIL_REC_00651,Pigeon Pea (Tur),3,30,60,7.92,0.25,0.2,205.4,6.1,128.0,23.4,0.77,3.0,Red soil,Low,Low,Low,12.5,26.0,12.5,5.0,56.5,20.8,0.0,0.0,0.0,Nitrogen,NONE,"ICAR-IISS / Soil Health Card Portal (DAC&FW, GoI)",ICAR Soil Test Crop Response (STCR) Database & National Fertilizer Guidelines 2024-25
SOIL_REC_00652,Pigeon Pea (Tur),1,0,15,6.88,2.57,0.49,264.9,28.2,427.1,18.4,1.43,4.24,Clay loam,Low,High,High,12.5,0.0,0.0,27.2,0.0,0.0,0.0,0.0,0.0,Nitrogen,ELEVATED_SALINITY,"ICAR-IISS / Soil Health Card Portal (DAC&FW, GoI)",ICAR Soil Test Crop Response (STCR) Database & National Fertilizer Guidelines 2024-25
SOIL_REC_00653,Pigeon Pea (Tur),2,15,30,5.81,2.16,0.5,417.2,30.5,252.4,12.4,1.3,9.04,Clay loam,Medium,High,Medium,10.0,0.0,10.0,21.7,0.0,20.0,0.0,0.0,0.0,Nitrogen,HIGH_EC_SALINITY;ACIDIC_PH;ELEVATED_SALINITY,"ICAR-IISS / Soil Health Card Portal (DAC&FW, GoI)",ICAR Soil Test Crop Response (STCR) Database & National Fertilizer Guidelines 2024-25
SOIL_REC_00654,Pigeon Pea (Tur),3,30,60,5.82,1.71,0.47,63.2,13.9,112.1,17.6,0.74,11.15,Clay loam,Low,Medium,Low,12.5,20.0,12.5,27.2,0.0,20.8,125.0,0.0,0.0,Nitrogen,ACIDIC_PH,"ICAR-IISS / Soil Health Card Portal (DAC&FW, GoI)",ICAR Soil Test Crop Response (STCR) Database & National Fertilizer Guidelines 2024-25
SOIL_REC_00655,Pigeon Pea (Tur),1,0,15,6.22,1.51,0.94,517.6,29.5,338.3,30.7,1.55,9.27,Sandy loam,Medium,High,High,9.0,0.0,0.0,19.6,0.0,0.0,0.0,0.0,0.0,Nitrogen,HIGH_LEACHING_TEXTURE,"ICAR-IISS / Soil Health Card Portal (DAC&FW, GoI)",ICAR Soil Test Crop Response (STCR) Database & National Fertilizer Guidelines 2024-25
SOIL_REC_00656,Pigeon Pea (Tur),2,15,30,7.82,2.29,0.41,433.5,8.2,102.9,4.5,0.76,9.06,Sandy loam,Medium,Low,Low,10.0,26.0,12.5,21.7,0.0,25.0,162.5,0.0,0.0,Phosphorus,HIGH_EC_SALINITY;ELEVATED_SALINITY;HIGH_LEACHING_TEXTURE,"ICAR-IISS / Soil Health Card Portal (DAC&FW, GoI)",ICAR Soil Test Crop Response (STCR) Database & National Fertilizer Guidelines 2024-25
SOIL_REC_00657,Pigeon Pea (Tur),3,30,60,5.96,1.35,0.54,190.8,23.4,76.0,12.5,1.39,3.63,Sandy loam,Low,Medium,Low,12.5,20.0,12.5,27.2,0.0,20.8,125.0,0.0,0.0,Nitrogen,ACIDIC_PH;HIGH_LEACHING_TEXTURE,"ICAR-IISS / Soil Health Card Portal (DAC&FW, GoI)",ICAR Soil Test Crop Response (STCR) Database & National Fertilizer Guidelines 2024-25
SOIL_REC_00658,Pigeon Pea (Tur),1,0,15,8.33,0.57,0.37,182.7,11.5,118.3,23.3,1.45,3.24,Loam,Low,Medium,Low,12.5,20.0,12.5,10.2,43.5,20.8,0.0,0.0,0.0,Nitrogen,ALKALINE_PH,"ICAR-IISS / Soil Health Card Portal (DAC&FW, GoI)",ICAR Soil Test Crop Response (STCR) Database & National Fertilizer Guidelines 2024-25
SOIL_REC_00659,Pigeon Pea (Tur),2,15,30,8.06,2.17,0.14,130.4,29.5,206.1,5.7,0.39,4.9,Loam,Low,High,Medium,12.5,0.0,10.0,27.2,0.0,20.0,0.0,10.0,40.0,Zinc,HIGH_EC_SALINITY;ALKALINE_PH;ELEVATED_SALINITY,"ICAR-IISS / Soil Health Card Portal (DAC&FW, GoI)",ICAR Soil Test Crop Response (STCR) Database & National Fertilizer Guidelines 2024-25
SOIL_REC_00660,Pigeon Pea (Tur),3,30,60,5.72,1.94,0.43,255.6,22.3,82.0,29.2,0.5,5.84,Loam,Low,Medium,Low,12.5,20.0,12.5,27.2,0.0,20.8,125.0,10.0,0.0,Zinc,ACIDIC_PH;ELEVATED_SALINITY,"ICAR-IISS / Soil Health Card Portal (DAC&FW, GoI)",ICAR Soil Test Crop Response (STCR) Database & National Fertilizer Guidelines 2024-25
SOIL_REC_00661,Pigeon Pea (Tur),1,0,15,5.98,2.14,0.41,409.9,20.8,397.8,25.9,1.18,7.3,Sandy loam,Medium,Medium,High,10.0,20.0,0.0,21.7,0.0,0.0,125.0,0.0,0.0,Nitrogen,ACIDIC_PH;ELEVATED_SALINITY;HIGH_LEACHING_TEXTURE,"ICAR-IISS / Soil Health Card Portal (DAC&FW, GoI)",ICAR Soil Test Crop Response (STCR) Database & National Fertilizer Guidelines 2024-25
SOIL_REC_00662,Pigeon Pea (Tur),2,15,30,5.73,2.33,0.66,288.3,27.0,327.9,8.8,1.41,2.54,Sandy loam,Medium,High,Medium,10.0,0.0,10.0,21.7,0.0,20.0,0.0,0.0,40.0,Nitrogen,HIGH_EC_SALINITY;ACIDIC_PH;ELEVATED_SALINITY;HIGH_LEACHING_TEXTURE,"ICAR-IISS / Soil Health Card Portal (DAC&FW, GoI)",ICAR Soil Test Crop Response (STCR) Database & National Fertilizer Guidelines 2024-25
SOIL_REC_00663,Pigeon Pea (Tur),3,30,60,7.89,2.6,0.51,272.8,13.0,170.7,9.2,1.28,3.52,Sandy loam,Low,Medium,Medium,12.5,20.0,10.0,27.2,0.0,20.0,125.0,0.0,0.0,Nitrogen,HIGH_EC_SALINITY;ELEVATED_SALINITY;HIGH_LEACHING_TEXTURE,"ICAR-IISS / Soil Health Card Portal (DAC&FW, GoI)",ICAR Soil Test Crop Response (STCR) Database & National Fertilizer Guidelines 2024-25
SOIL_REC_00664,Pigeon Pea (Tur),1,0,15,8.74,1.3,0.64,323.8,38.0,203.1,17.0,1.03,7.21,Clay loam,Medium,High,Medium,10.0,0.0,10.0,21.7,0.0,16.7,0.0,0.0,0.0,Nitrogen,ALKALINE_PH,"ICAR-IISS / Soil Health Card Portal (DAC&FW, GoI)",ICAR Soil Test Crop Response (STCR) Database & National Fertilizer Guidelines 2024-25
SOIL_REC_00665,Pigeon Pea (Tur),2,15,30,6.69,0.95,0.63,120.8,20.1,171.4,16.8,1.38,9.03,Clay loam,Low,Medium,Medium,12.5,20.0,10.0,10.2,43.5,16.7,0.0,0.0,0.0,Nitrogen,NONE,"ICAR-IISS / Soil Health Card Portal (DAC&FW, GoI)",ICAR Soil Test Crop Response (STCR) Database & National Fertilizer Guidelines 2024-25
SOIL_REC_00666,Pigeon Pea (Tur),3,30,60,8.28,0.79,0.27,306.2,12.0,199.2,29.1,1.48,11.42,Clay loam,Medium,Medium,Medium,10.0,20.0,10.0,4.8,43.5,16.7,0.0,0.0,0.0,Nitrogen,ALKALINE_PH,"ICAR-IISS / Soil Health Card Portal (DAC&FW, GoI)",ICAR Soil Test Crop Response (STCR) Database & National Fertilizer Guidelines 2024-25
SOIL_REC_00667,Pigeon Pea (Tur),1,0,15,6.09,2.8,0.62,172.6,24.4,327.1,6.4,0.43,6.31,Clay loam,Low,Medium,Medium,12.5,20.0,10.0,27.2,0.0,20.0,125.0,10.0,0.0,Zinc,HIGH_EC_SALINITY;ELEVATED_SALINITY,"ICAR-IISS / Soil Health Card Portal (DAC&FW, GoI)",ICAR Soil Test Crop Response (STCR) Database & National Fertilizer Guidelines 2024-25
SOIL_REC_00668,Pigeon Pea (Tur),2,15,30,7.45,0.46,0.77,456.7,6.5,330.8,13.5,1.15,11.91,Clay loam,Medium,Low,Medium,10.0,26.0,10.0,0.0,56.5,16.7,0.0,0.0,0.0,Phosphorus,NONE,"ICAR-IISS / Soil Health Card Portal (DAC&FW, GoI)",ICAR Soil Test Crop Response (STCR) Database & National Fertilizer Guidelines 2024-25
SOIL_REC_00669,Pigeon Pea (Tur),3,30,60,5.91,2.38,0.42,129.6,18.0,149.7,11.6,1.46,8.62,Clay loam,Low,Medium,Medium,12.5,20.0,10.0,27.2,0.0,20.0,125.0,0.0,0.0,Nitrogen,HIGH_EC_SALINITY;ACIDIC_PH;ELEVATED_SALINITY,"ICAR-IISS / Soil Health Card Portal (DAC&FW, GoI)",ICAR Soil Test Crop Response (STCR) Database & National Fertilizer Guidelines 2024-25
SOIL_REC_00670,Pigeon Pea (Tur),1,0,15,6.68,1.93,1.05,613.8,27.5,143.1,16.7,0.4,7.15,Black soil,High,High,Low,3.0,0.0,12.5,6.5,0.0,20.8,0.0,10.0,0.0,Potassium,ELEVATED_SALINITY,"ICAR-IISS / Soil Health Card Portal (DAC&FW, GoI)",ICAR Soil Test Crop Response (STCR) Database & National Fertilizer Guidelines 2024-25
SOIL_REC_00671,Pigeon Pea (Tur),2,15,30,6.26,2.65,0.13,366.7,30.7,202.0,4.7,0.49,8.24,Black soil,Medium,High,Medium,10.0,0.0,10.0,21.7,0.0,20.0,0.0,10.0,40.0,Zinc,HIGH_EC_SALINITY;ELEVATED_SALINITY,"ICAR-IISS / Soil Health Card Portal (DAC&FW, GoI)",ICAR Soil Test Crop Response (STCR) Database & National Fertilizer Guidelines 2024-25
SOIL_REC_00672,Pigeon Pea (Tur),3,30,60,6.58,0.99,0.37,250.0,16.9,138.6,17.8,0.95,5.29,Black soil,Low,Medium,Low,12.5,20.0,12.5,10.2,43.5,20.8,0.0,0.0,0.0,Nitrogen,NONE,"ICAR-IISS / Soil Health Card Portal (DAC&FW, GoI)",ICAR Soil Test Crop Response (STCR) Database & National Fertilizer Guidelines 2024-25
SOIL_REC_00673,Pigeon Pea (Tur),1,0,15,7.12,0.88,0.48,549.8,29.0,432.9,4.9,0.89,11.19,Black soil,Medium,High,High,10.0,0.0,0.0,21.7,0.0,0.0,0.0,0.0,40.0,Nitrogen,NONE,"ICAR-IISS / Soil Health Card Portal (DAC&FW, GoI)",ICAR Soil Test Crop Response (STCR) Database & National Fertilizer Guidelines 2024-25
SOIL_REC_00674,Pigeon Pea (Tur),2,15,30,6.77,1.02,0.38,262.4,5.5,217.8,28.1,0.68,9.21,Black soil,Low,Low,Medium,12.5,26.0,10.0,5.0,56.5,16.7,0.0,0.0,0.0,Nitrogen,NONE,"ICAR-IISS / Soil Health Card Portal (DAC&FW, GoI)",ICAR Soil Test Crop Response (STCR) Database & National Fertilizer Guidelines 2024-25
SOIL_REC_00675,Pigeon Pea (Tur),3,30,60,7.12,0.55,0.41,181.9,5.3,166.5,22.5,1.3,7.94,Black soil,Low,Low,Medium,12.5,26.0,10.0,5.0,56.5,16.7,0.0,0.0,0.0,Nitrogen,NONE,"ICAR-IISS / Soil Health Card Portal (DAC&FW, GoI)",ICAR Soil Test Crop Response (STCR) Database & National Fertilizer Guidelines 2024-25
SOIL_REC_00676,Pigeon Pea (Tur),1,0,15,7.36,0.61,0.2,251.7,30.8,226.0,22.9,1.43,5.2,Black soil,Low,High,Medium,12.5,0.0,10.0,27.2,0.0,16.7,0.0,0.0,0.0,Nitrogen,NONE,"ICAR-IISS / Soil Health Card Portal (DAC&FW, GoI)",ICAR Soil Test Crop Response (STCR) Database & National Fertilizer Guidelines 2024-25
SOIL_REC_00677,Pigeon Pea (Tur),2,15,30,5.7,1.74,0.2,227.4,30.0,225.2,25.4,1.2,6.12,Black soil,Low,High,Medium,12.5,0.0,10.0,27.2,0.0,16.7,0.0,0.0,0.0,Nitrogen,ACIDIC_PH,"ICAR-IISS / Soil Health Card Portal (DAC&FW, GoI)",ICAR Soil Test Crop Response (STCR) Database & National Fertilizer Guidelines 2024-25
SOIL_REC_00678,Pigeon Pea (Tur),3,30,60,6.91,2.78,0.27,74.1,8.1,87.2,12.7,0.34,9.04,Black soil,Low,Low,Low,12.5,26.0,12.5,5.0,56.5,25.0,0.0,10.0,0.0,Zinc,HIGH_EC_SALINITY;ELEVATED_SALINITY,"ICAR-IISS / Soil Health Card Portal (DAC&FW, GoI)",ICAR Soil Test Crop Response (STCR) Database & National Fertilizer Guidelines 2024-25
SOIL_REC_00679,Pigeon Pea (Tur),1,0,15,5.88,0.64,0.66,138.7,33.6,242.1,18.4,0.87,2.69,Clay loam,Low,High,Medium,12.5,0.0,10.0,27.2,0.0,16.7,0.0,0.0,0.0,Nitrogen,ACIDIC_PH,"ICAR-IISS / Soil Health Card Portal (DAC&FW, GoI)",ICAR Soil Test Crop Response (STCR) Database & National Fertilizer Guidelines 2024-25
SOIL_REC_00680,Pigeon Pea (Tur),2,15,30,7.05,0.26,0.34,303.9,14.7,93.9,17.7,1.31,4.46,Clay loam,Medium,Medium,Low,10.0,20.0,12.5,4.8,43.5,20.8,0.0,0.0,0.0,Potassium,NONE,"ICAR-IISS / Soil Health Card Portal (DAC&FW, GoI)",ICAR Soil Test Crop Response (STCR) Database & National Fertilizer Guidelines 2024-25
SOIL_REC_00681,Pigeon Pea (Tur),3,30,60,7.14,2.31,0.39,101.7,9.3,219.5,9.6,1.22,11.75,Clay loam,Low,Low,Medium,12.5,26.0,10.0,27.2,0.0,20.0,162.5,0.0,0.0,Nitrogen,HIGH_EC_SALINITY;ELEVATED_SALINITY,"ICAR-IISS / Soil Health Card Portal (DAC&FW, GoI)",ICAR Soil Test Crop Response (STCR) Database & National Fertilizer Guidelines 2024-25
SOIL_REC_00682,Pigeon Pea (Tur),1,0,15,8.27,1.59,0.42,143.8,47.8,234.7,10.3,1.39,3.37,Sandy loam,Low,High,Medium,12.5,0.0,10.0,27.2,0.0,16.7,0.0,0.0,0.0,Nitrogen,ALKALINE_PH;HIGH_LEACHING_TEXTURE,"ICAR-IISS / Soil Health Card Portal (DAC&FW, GoI)",ICAR Soil Test Crop Response (STCR) Database & National Fertilizer Guidelines 2024-25
SOIL_REC_00683,Pigeon Pea (Tur),2,15,30,8.29,0.45,0.35,115.2,29.7,195.8,9.9,1.47,8.69,Sandy loam,Low,High,Medium,12.5,0.0,10.0,27.2,0.0,16.7,0.0,0.0,40.0,Nitrogen,ALKALINE_PH;HIGH_LEACHING_TEXTURE,"ICAR-IISS / Soil Health Card Portal (DAC&FW, GoI)",ICAR Soil Test Crop Response (STCR) Database & National Fertilizer Guidelines 2024-25
SOIL_REC_00684,Pigeon Pea (Tur),3,30,60,6.5,2.29,0.28,195.0,7.2,117.4,21.5,0.93,9.75,Sandy loam,Low,Low,Low,12.5,26.0,12.5,5.0,56.5,25.0,0.0,0.0,0.0,Nitrogen,HIGH_EC_SALINITY;ELEVATED_SALINITY;HIGH_LEACHING_TEXTURE,"ICAR-IISS / Soil Health Card Portal (DAC&FW, GoI)",ICAR Soil Test Crop Response (STCR) Database & National Fertilizer Guidelines 2024-25
SOIL_REC_00685,Pigeon Pea (Tur),1,0,15,8.41,1.83,0.64,213.3,27.0,327.9,27.1,1.7,5.05,Loam,Low,High,Medium,12.5,0.0,10.0,27.2,0.0,16.7,0.0,0.0,0.0,Nitrogen,ALKALINE_PH;ELEVATED_SALINITY,"ICAR-IISS / Soil Health Card Portal (DAC&FW, GoI)",ICAR Soil Test Crop Response (STCR) Database & National Fertilizer Guidelines 2024-25
SOIL_REC_00686,Pigeon Pea (Tur),2,15,30,7.61,2.3,0.72,430.1,33.9,263.7,5.7,0.52,6.89,Loam,Medium,High,Medium,10.0,0.0,10.0,21.7,0.0,20.0,0.0,10.0,40.0,Zinc,HIGH_EC_SALINITY;ELEVATED_SALINITY,"ICAR-IISS / Soil Health Card Portal (DAC&FW, GoI)",ICAR Soil Test Crop Response (STCR) Database & National Fertilizer Guidelines 2024-25
SOIL_REC_00687,Pigeon Pea (Tur),3,30,60,6.29,2.14,0.44,271.0,11.6,199.8,29.5,1.21,10.54,Loam,Low,Medium,Medium,12.5,20.0,10.0,10.2,43.5,20.0,0.0,0.0,0.0,Nitrogen,HIGH_EC_SALINITY;ELEVATED_SALINITY,"ICAR-IISS / Soil Health Card Portal (DAC&FW, GoI)",ICAR Soil Test Crop Response (STCR) Database & National Fertilizer Guidelines 2024-25
SOIL_REC_00688,Pigeon Pea (Tur),1,0,15,8.22,1.88,0.39,420.6,23.0,130.9,9.4,0.59,10.36,Clay loam,Medium,Medium,Low,10.0,20.0,12.5,21.7,0.0,20.8,125.0,10.0,0.0,Potassium,ALKALINE_PH;ELEVATED_SALINITY,"ICAR-IISS / Soil Health Card Portal (DAC&FW, GoI)",ICAR Soil Test Crop Response (STCR) Database & National Fertilizer Guidelines 2024-25
SOIL_REC_00689,Pigeon Pea (Tur),2,15,30,7.03,1.66,0.42,332.6,5.7,110.5,7.8,0.61,10.13,Clay loam,Medium,Low,Low,10.0,26.0,12.5,21.7,0.0,20.8,162.5,0.0,0.0,Phosphorus,NONE,"ICAR-IISS / Soil Health Card Portal (DAC&FW, GoI)",ICAR Soil Test Crop Response (STCR) Database & National Fertilizer Guidelines 2024-25
SOIL_REC_00690,Pigeon Pea (Tur),3,30,60,7.67,0.66,0.48,300.9,13.2,48.6,28.1,0.33,8.22,Clay loam,Medium,Medium,Low,10.0,20.0,12.5,4.8,43.5,20.8,0.0,10.0,0.0,Potassium,NONE,"ICAR-IISS / Soil Health Card Portal (DAC&FW, GoI)",ICAR Soil Test Crop Response (STCR) Database & National Fertilizer Guidelines 2024-25
SOIL_REC_00691,Pigeon Pea (Tur),1,0,15,8.47,1.26,0.5,448.7,9.8,429.5,24.3,0.42,3.56,Sandy loam,Medium,Low,High,10.0,26.0,0.0,0.0,56.5,0.0,0.0,10.0,0.0,Phosphorus,ALKALINE_PH;HIGH_LEACHING_TEXTURE,"ICAR-IISS / Soil Health Card Portal (DAC&FW, GoI)",ICAR Soil Test Crop Response (STCR) Database & National Fertilizer Guidelines 2024-25
SOIL_REC_00692,Pigeon Pea (Tur),2,15,30,7.92,2.63,0.48,400.9,34.4,319.0,11.1,1.62,4.76,Sandy loam,Medium,High,Medium,10.0,0.0,10.0,21.7,0.0,20.0,0.0,0.0,0.0,Nitrogen,HIGH_EC_SALINITY;ELEVATED_SALINITY;HIGH_LEACHING_TEXTURE,"ICAR-IISS / Soil Health Card Portal (DAC&FW, GoI)",ICAR Soil Test Crop Response (STCR) Database & National Fertilizer Guidelines 2024-25
SOIL_REC_00693,Pigeon Pea (Tur),3,30,60,5.9,2.3,0.23,206.1,11.2,179.7,10.6,0.88,3.87,Sandy loam,Low,Medium,Medium,12.5,20.0,10.0,27.2,0.0,20.0,125.0,0.0,0.0,Nitrogen,HIGH_EC_SALINITY;ACIDIC_PH;ELEVATED_SALINITY;HIGH_LEACHING_TEXTURE,"ICAR-IISS / Soil Health Card Portal (DAC&FW, GoI)",ICAR Soil Test Crop Response (STCR) Database & National Fertilizer Guidelines 2024-25
SOIL_REC_00694,Pigeon Pea (Tur),1,0,15,6.21,0.91,0.54,551.4,8.3,282.0,23.6,0.38,7.68,Loam,Medium,Low,Medium,10.0,26.0,10.0,0.0,56.5,16.7,0.0,10.0,0.0,Phosphorus,NONE,"ICAR-IISS / Soil Health Card Portal (DAC&FW, GoI)",ICAR Soil Test Crop Response (STCR) Database & National Fertilizer Guidelines 2024-25
SOIL_REC_00695,Pigeon Pea (Tur),2,15,30,7.07,0.84,0.31,384.1,9.1,195.8,14.3,0.69,8.63,Loam,Medium,Low,Medium,10.0,26.0,10.0,0.0,56.5,16.7,0.0,0.0,0.0,Phosphorus,NONE,"ICAR-IISS / Soil Health Card Portal (DAC&FW, GoI)",ICAR Soil Test Crop Response (STCR) Database & National Fertilizer Guidelines 2024-25
SOIL_REC_00696,Pigeon Pea (Tur),3,30,60,8.49,0.29,0.43,259.7,4.1,210.1,22.8,0.6,6.15,Loam,Low,Low,Medium,12.5,26.0,10.0,5.0,56.5,16.7,0.0,0.0,0.0,Nitrogen,ALKALINE_PH,"ICAR-IISS / Soil Health Card Portal (DAC&FW, GoI)",ICAR Soil Test Crop Response (STCR) Database & National Fertilizer Guidelines 2024-25
SOIL_REC_00697,Pigeon Pea (Tur),1,0,15,8.66,1.14,0.92,181.0,42.4,398.8,14.9,1.66,6.23,Red soil,Low,High,High,11.5,0.0,0.0,25.0,0.0,0.0,0.0,0.0,0.0,Nitrogen,ALKALINE_PH,"ICAR-IISS / Soil Health Card Portal (DAC&FW, GoI)",ICAR Soil Test Crop Response (STCR) Database & National Fertilizer Guidelines 2024-25
SOIL_REC_00698,Pigeon Pea (Tur),2,15,30,8.73,0.86,0.18,398.5,11.9,124.3,28.9,1.67,8.5,Red soil,Medium,Medium,Low,10.0,20.0,12.5,4.8,43.5,20.8,0.0,0.0,0.0,Potassium,ALKALINE_PH,"ICAR-IISS / Soil Health Card Portal (DAC&FW, GoI)",ICAR Soil Test Crop Response (STCR) Database & National Fertilizer Guidelines 2024-25
SOIL_REC_00699,Pigeon Pea (Tur),3,30,60,8.4,2.19,0.27,68.5,21.2,193.2,30.3,0.95,6.42,Red soil,Low,Medium,Medium,12.5,20.0,10.0,10.2,43.5,20.0,0.0,0.0,0.0,Nitrogen,HIGH_EC_SALINITY;ALKALINE_PH;ELEVATED_SALINITY,"ICAR-IISS / Soil Health Card Portal (DAC&FW, GoI)",ICAR Soil Test Crop Response (STCR) Database & National Fertilizer Guidelines 2024-25
SOIL_REC_00700,Pigeon Pea (Tur),1,0,15,7.87,2.48,0.93,532.2,35.3,272.3,13.9,1.16,10.23,Clay loam,Medium,High,Medium,9.0,0.0,10.0,19.6,0.0,20.0,0.0,0.0,0.0,Nitrogen,HIGH_EC_SALINITY;ELEVATED_SALINITY,"ICAR-IISS / Soil Health Card Portal (DAC&FW, GoI)",ICAR Soil Test Crop Response (STCR) Database & National Fertilizer Guidelines 2024-25
SOIL_REC_00701,Pigeon Pea (Tur),2,15,30,7.93,1.38,0.13,109.5,24.7,237.6,26.1,0.42,6.31,Clay loam,Low,Medium,Medium,12.5,20.0,10.0,10.2,43.5,16.7,0.0,10.0,0.0,Zinc,NONE,"ICAR-IISS / Soil Health Card Portal (DAC&FW, GoI)",ICAR Soil Test Crop Response (STCR) Database & National Fertilizer Guidelines 2024-25
SOIL_REC_00702,Pigeon Pea (Tur),3,30,60,7.57,1.02,0.11,99.5,13.8,219.5,27.3,1.42,10.55,Clay loam,Low,Medium,Medium,12.5,20.0,10.0,10.2,43.5,16.7,0.0,0.0,0.0,Nitrogen,NONE,"ICAR-IISS / Soil Health Card Portal (DAC&FW, GoI)",ICAR Soil Test Crop Response (STCR) Database & National Fertilizer Guidelines 2024-25
SOIL_REC_00703,Pigeon Pea (Tur),1,0,15,6.85,2.64,0.58,556.8,11.6,152.5,20.6,0.72,5.18,Red soil,Medium,Medium,Medium,10.0,20.0,10.0,4.8,43.5,20.0,0.0,0.0,0.0,Nitrogen,HIGH_EC_SALINITY;ELEVATED_SALINITY,"ICAR-IISS / Soil Health Card Portal (DAC&FW, GoI)",ICAR Soil Test Crop Response (STCR) Database & National Fertilizer Guidelines 2024-25
SOIL_REC_00704,Pigeon Pea (Tur),2,15,30,5.78,1.16,0.39,231.5,30.8,221.5,4.6,0.24,7.81,Red soil,Low,High,Medium,12.5,0.0,10.0,27.2,0.0,16.7,0.0,10.0,40.0,Zinc,ACIDIC_PH,"ICAR-IISS / Soil Health Card Portal (DAC&FW, GoI)",ICAR Soil Test Crop Response (STCR) Database & National Fertilizer Guidelines 2024-25
SOIL_REC_00705,Pigeon Pea (Tur),3,30,60,7.52,0.79,0.12,175.6,8.5,198.3,5.4,1.19,8.2,Red soil,Low,Low,Medium,12.5,26.0,10.0,27.2,0.0,16.7,162.5,0.0,0.0,Nitrogen,NONE,"ICAR-IISS / Soil Health Card Portal (DAC&FW, GoI)",ICAR Soil Test Crop Response (STCR) Database & National Fertilizer Guidelines 2024-25
SOIL_REC_00706,Pigeon Pea (Tur),1,0,15,5.79,1.16,1.05,178.7,36.2,246.7,29.8,0.93,8.9,Loam,Low,High,Medium,11.5,0.0,10.0,25.0,0.0,16.7,0.0,0.0,0.0,Nitrogen,ACIDIC_PH,"ICAR-IISS / Soil Health Card Portal (DAC&FW, GoI)",ICAR Soil Test Crop Response (STCR) Database & National Fertilizer Guidelines 2024-25
SOIL_REC_00707,Pigeon Pea (Tur),2,15,30,5.89,2.06,0.25,413.2,29.1,145.2,17.8,0.41,10.64,Loam,Medium,High,Medium,10.0,0.0,10.0,21.7,0.0,20.0,0.0,10.0,0.0,Zinc,HIGH_EC_SALINITY;ACIDIC_PH;ELEVATED_SALINITY,"ICAR-IISS / Soil Health Card Portal (DAC&FW, GoI)",ICAR Soil Test Crop Response (STCR) Database & National Fertilizer Guidelines 2024-25
SOIL_REC_00708,Pigeon Pea (Tur),3,30,60,7.48,2.79,0.21,229.3,11.8,118.5,8.1,0.66,4.99,Loam,Low,Medium,Low,12.5,20.0,12.5,27.2,0.0,25.0,125.0,0.0,0.0,Nitrogen,HIGH_EC_SALINITY;ELEVATED_SALINITY,"ICAR-IISS / Soil Health Card Portal (DAC&FW, GoI)",ICAR Soil Test Crop Response (STCR) Database & National Fertilizer Guidelines 2024-25
SOIL_REC_00709,Pigeon Pea (Tur),1,0,15,6.99,0.85,0.7,443.6,9.6,258.8,28.4,1.76,6.28,Alluvial,Medium,Low,Medium,10.0,26.0,10.0,0.0,56.5,16.7,0.0,0.0,0.0,Phosphorus,NONE,"ICAR-IISS / Soil Health Card Portal (DAC&FW, GoI)",ICAR Soil Test Crop Response (STCR) Database & National Fertilizer Guidelines 2024-25
SOIL_REC_00710,Pigeon Pea (Tur),2,15,30,6.2,1.2,0.41,313.9,6.8,217.9,5.5,1.69,6.97,Alluvial,Medium,Low,Medium,10.0,26.0,10.0,21.7,0.0,16.7,162.5,0.0,0.0,Phosphorus,NONE,"ICAR-IISS / Soil Health Card Portal (DAC&FW, GoI)",ICAR Soil Test Crop Response (STCR) Database & National Fertilizer Guidelines 2024-25
SOIL_REC_00711,Pigeon Pea (Tur),3,30,60,6.67,1.78,0.39,260.6,17.9,190.8,4.2,1.01,6.12,Alluvial,Low,Medium,Medium,12.5,20.0,10.0,27.2,0.0,16.7,125.0,0.0,0.0,Nitrogen,NONE,"ICAR-IISS / Soil Health Card Portal (DAC&FW, GoI)",ICAR Soil Test Crop Response (STCR) Database & National Fertilizer Guidelines 2024-25
SOIL_REC_00712,Pigeon Pea (Tur),1,0,15,7.72,0.54,1.0,140.6,13.5,151.2,17.8,0.74,6.95,Black soil,Low,Medium,Medium,11.5,20.0,10.0,8.0,43.5,16.7,0.0,0.0,0.0,Nitrogen,NONE,"ICAR-IISS / Soil Health Card Portal (DAC&FW, GoI)",ICAR Soil Test Crop Response (STCR) Database & National Fertilizer Guidelines 2024-25
SOIL_REC_00713,Pigeon Pea (Tur),2,15,30,5.8,2.05,0.42,187.7,14.4,331.7,18.0,1.76,5.17,Black soil,Low,Medium,Medium,12.5,20.0,10.0,27.2,0.0,20.0,125.0,0.0,0.0,Nitrogen,HIGH_EC_SALINITY;ACIDIC_PH;ELEVATED_SALINITY,"ICAR-IISS / Soil Health Card Portal (DAC&FW, GoI)",ICAR Soil Test Crop Response (STCR) Database & National Fertilizer Guidelines 2024-25
SOIL_REC_00714,Pigeon Pea (Tur),3,30,60,6.69,1.32,0.5,125.8,20.4,211.8,18.5,0.9,4.07,Black soil,Low,Medium,Medium,12.5,20.0,10.0,10.2,43.5,16.7,0.0,0.0,0.0,Nitrogen,NONE,"ICAR-IISS / Soil Health Card Portal (DAC&FW, GoI)",ICAR Soil Test Crop Response (STCR) Database & National Fertilizer Guidelines 2024-25
SOIL_REC_00715,Pigeon Pea (Tur),1,0,15,8.78,2.19,0.29,546.5,33.6,377.4,5.5,0.44,4.68,Red soil,Medium,High,High,10.0,0.0,0.0,21.7,0.0,0.0,0.0,10.0,40.0,Zinc,ALKALINE_PH;ELEVATED_SALINITY,"ICAR-IISS / Soil Health Card Portal (DAC&FW, GoI)",ICAR Soil Test Crop Response (STCR) Database & National Fertilizer Guidelines 2024-25
SOIL_REC_00716,Pigeon Pea (Tur),2,15,30,5.62,0.88,0.62,253.7,35.8,317.8,5.1,0.77,9.24,Red soil,Low,High,Medium,12.5,0.0,10.0,27.2,0.0,16.7,0.0,0.0,40.0,Nitrogen,ACIDIC_PH,"ICAR-IISS / Soil Health Card Portal (DAC&FW, GoI)",ICAR Soil Test Crop Response (STCR) Database & National Fertilizer Guidelines 2024-25
SOIL_REC_00717,Pigeon Pea (Tur),3,30,60,7.1,1.48,0.48,276.7,5.6,61.8,28.3,0.49,4.1,Red soil,Low,Low,Low,12.5,26.0,12.5,5.0,56.5,20.8,0.0,10.0,0.0,Zinc,NONE,"ICAR-IISS / Soil Health Card Portal (DAC&FW, GoI)",ICAR Soil Test Crop Response (STCR) Database & National Fertilizer Guidelines 2024-25
SOIL_REC_00718,Pigeon Pea (Tur),1,0,15,8.21,1.66,0.78,226.2,47.9,91.5,25.5,0.49,11.24,Alluvial,Low,High,Low,12.5,0.0,12.5,27.2,0.0,20.8,0.0,10.0,0.0,Zinc,ALKALINE_PH,"ICAR-IISS / Soil Health Card Portal (DAC&FW, GoI)",ICAR Soil Test Crop Response (STCR) Database & National Fertilizer Guidelines 2024-25
SOIL_REC_00719,Pigeon Pea (Tur),2,15,30,6.31,1.5,0.18,213.2,13.5,332.5,7.4,0.8,11.33,Alluvial,Low,Medium,Medium,12.5,20.0,10.0,27.2,0.0,16.7,125.0,0.0,0.0,Nitrogen,NONE,"ICAR-IISS / Soil Health Card Portal (DAC&FW, GoI)",ICAR Soil Test Crop Response (STCR) Database & National Fertilizer Guidelines 2024-25
SOIL_REC_00720,Pigeon Pea (Tur),3,30,60,5.85,1.04,0.09,175.1,17.9,131.4,21.6,0.63,8.75,Alluvial,Low,Medium,Low,12.5,20.0,12.5,27.2,0.0,20.8,125.0,0.0,0.0,Nitrogen,ACIDIC_PH,"ICAR-IISS / Soil Health Card Portal (DAC&FW, GoI)",ICAR Soil Test Crop Response (STCR) Database & National Fertilizer Guidelines 2024-25
SOIL_REC_00721,Green Gram (Moong),1,0,15,8.7,1.91,1.05,282.5,36.7,354.4,30.8,1.11,4.51,Clay loam,Medium,High,High,7.2,0.0,0.0,15.7,0.0,0.0,0.0,0.0,0.0,Nitrogen,ALKALINE_PH;ELEVATED_SALINITY,"ICAR-IISS / Soil Health Card Portal (DAC&FW, GoI)",ICAR Soil Test Crop Response (STCR) Database & National Fertilizer Guidelines 2024-25
SOIL_REC_00722,Green Gram (Moong),2,15,30,5.66,1.87,0.34,110.8,6.7,324.5,14.7,0.84,4.19,Clay loam,Low,Low,Medium,10.0,20.8,8.0,21.7,0.0,13.3,130.0,0.0,0.0,Nitrogen,ACIDIC_PH;ELEVATED_SALINITY,"ICAR-IISS / Soil Health Card Portal (DAC&FW, GoI)",ICAR Soil Test Crop Response (STCR) Database & National Fertilizer Guidelines 2024-25
SOIL_REC_00723,Green Gram (Moong),3,30,60,8.68,2.45,0.12,273.1,6.4,185.3,12.0,1.4,8.71,Clay loam,Low,Low,Medium,10.0,20.8,8.0,4.1,45.2,16.0,0.0,0.0,0.0,Nitrogen,HIGH_EC_SALINITY;ALKALINE_PH;ELEVATED_SALINITY,"ICAR-IISS / Soil Health Card Portal (DAC&FW, GoI)",ICAR Soil Test Crop Response (STCR) Database & National Fertilizer Guidelines 2024-25
SOIL_REC_00724,Green Gram (Moong),1,0,15,6.49,2.28,0.85,580.8,44.0,307.3,14.1,0.35,5.99,Sandy loam,High,High,Medium,2.4,0.0,8.0,5.2,0.0,16.0,0.0,0.0,0.0,Nitrogen,HIGH_EC_SALINITY;ELEVATED_SALINITY;HIGH_LEACHING_TEXTURE,"ICAR-IISS / Soil Health Card Portal (DAC&FW, GoI)",ICAR Soil Test Crop Response (STCR) Database & National Fertilizer Guidelines 2024-25
SOIL_REC_00725,Green Gram (Moong),2,15,30,6.16,1.36,0.39,190.7,23.4,91.9,15.8,0.79,4.27,Sandy loam,Low,Medium,Low,10.0,16.0,10.0,21.7,0.0,16.7,100.0,0.0,0.0,Nitrogen,HIGH_LEACHING_TEXTURE,"ICAR-IISS / Soil Health Card Portal (DAC&FW, GoI)",ICAR Soil Test Crop Response (STCR) Database & National Fertilizer Guidelines 2024-25
SOIL_REC_00726,Green Gram (Moong),3,30,60,7.58,0.44,0.32,303.3,17.2,161.6,24.0,1.69,7.51,Sandy loam,Medium,Medium,Medium,8.0,16.0,8.0,3.7,34.8,13.3,0.0,0.0,0.0,Nitrogen,HIGH_LEACHING_TEXTURE,"ICAR-IISS / Soil Health Card Portal (DAC&FW, GoI)",ICAR Soil Test Crop Response (STCR) Database & National Fertilizer Guidelines 2024-25
SOIL_REC_00727,Green Gram (Moong),1,0,15,7.23,0.96,0.57,573.6,26.1,143.5,7.6,1.64,10.49,Red soil,High,High,Low,3.2,0.0,10.0,7.0,0.0,16.7,0.0,0.0,40.0,Potassium,NONE,"ICAR-IISS / Soil Health Card Portal (DAC&FW, GoI)",ICAR Soil Test Crop Response (STCR) Database & National Fertilizer Guidelines 2024-25
SOIL_REC_00728,Green Gram (Moong),2,15,30,7.23,0.97,0.15,118.7,5.9,96.6,15.9,0.35,8.78,Red soil,Low,Low,Low,10.0,20.8,10.0,4.1,45.2,16.7,0.0,0.0,0.0,Nitrogen,NONE,"ICAR-IISS / Soil Health Card Portal (DAC&FW, GoI)",ICAR Soil Test Crop Response (STCR) Database & National Fertilizer Guidelines 2024-25
SOIL_REC_00729,Green Gram (Moong),3,30,60,7.38,0.86,0.2,80.4,13.6,65.5,22.5,0.49,4.23,Red soil,Low,Medium,Low,10.0,16.0,10.0,8.0,34.8,16.7,0.0,0.0,0.0,Nitrogen,NONE,"ICAR-IISS / Soil Health Card Portal (DAC&FW, GoI)",ICAR Soil Test Crop Response (STCR) Database & National Fertilizer Guidelines 2024-25
SOIL_REC_00730,Green Gram (Moong),1,0,15,5.65,1.28,0.82,277.0,36.4,362.6,16.6,1.49,5.74,Black soil,Low,High,High,9.2,0.0,0.0,20.0,0.0,0.0,0.0,0.0,0.0,Nitrogen,ACIDIC_PH,"ICAR-IISS / Soil Health Card Portal (DAC&FW, GoI)",ICAR Soil Test Crop Response (STCR) Database & National Fertilizer Guidelines 2024-25
SOIL_REC_00731,Green Gram (Moong),2,15,30,8.53,2.31,0.26,119.3,35.4,137.5,22.9,0.89,2.67,Black soil,Low,High,Low,10.0,0.0,10.0,21.7,0.0,20.0,0.0,0.0,0.0,Nitrogen,HIGH_EC_SALINITY;ALKALINE_PH;ELEVATED_SALINITY,"ICAR-IISS / Soil Health Card Portal (DAC&FW, GoI)",ICAR Soil Test Crop Response (STCR) Database & National Fertilizer Guidelines 2024-25
SOIL_REC_00732,Green Gram (Moong),3,30,60,6.8,0.23,0.39,175.0,11.5,163.4,24.8,1.36,5.38,Black soil,Low,Medium,Medium,10.0,16.0,8.0,8.0,34.8,13.3,0.0,0.0,0.0,Nitrogen,NONE,"ICAR-IISS / Soil Health Card Portal (DAC&FW, GoI)",ICAR Soil Test Crop Response (STCR) Database & National Fertilizer Guidelines 2024-25
SOIL_REC_00733,Green Gram (Moong),1,0,15,6.69,1.95,0.81,317.5,18.7,135.0,4.4,0.38,2.65,Alluvial,Medium,Medium,Low,7.2,16.0,10.0,15.7,0.0,16.7,100.0,0.0,0.0,Potassium,ELEVATED_SALINITY,"ICAR-IISS / Soil Health Card Portal (DAC&FW, GoI)",ICAR Soil Test Crop Response (STCR) Database & National Fertilizer Guidelines 2024-25
SOIL_REC_00734,Green Gram (Moong),2,15,30,8.7,2.43,0.26,333.2,25.0,185.2,21.5,1.46,4.31,Alluvial,Medium,Medium,Medium,8.0,16.0,8.0,3.7,34.8,16.0,0.0,0.0,0.0,Nitrogen,HIGH_EC_SALINITY;ALKALINE_PH;ELEVATED_SALINITY,"ICAR-IISS / Soil Health Card Portal (DAC&FW, GoI)",ICAR Soil Test Crop Response (STCR) Database & National Fertilizer Guidelines 2024-25
SOIL_REC_00735,Green Gram (Moong),3,30,60,6.49,1.4,0.3,65.5,6.5,72.4,23.7,1.74,6.98,Alluvial,Low,Low,Low,10.0,20.8,10.0,4.1,45.2,16.7,0.0,0.0,0.0,Nitrogen,NONE,"ICAR-IISS / Soil Health Card Portal (DAC&FW, GoI)",ICAR Soil Test Crop Response (STCR) Database & National Fertilizer Guidelines 2024-25
SOIL_REC_00736,Green Gram (Moong),1,0,15,7.43,0.72,0.69,536.9,8.1,92.8,21.7,1.34,11.81,Black soil,Medium,Low,Low,8.0,20.8,10.0,0.0,45.2,16.7,0.0,0.0,0.0,Phosphorus,NONE,"ICAR-IISS / Soil Health Card Portal (DAC&FW, GoI)",ICAR Soil Test Crop Response (STCR) Database & National Fertilizer Guidelines 2024-25
SOIL_REC_00737,Green Gram (Moong),2,15,30,8.3,2.12,0.54,297.9,13.7,199.1,17.6,1.15,8.31,Black soil,Medium,Medium,Medium,8.0,16.0,8.0,3.7,34.8,16.0,0.0,0.0,0.0,Nitrogen,HIGH_EC_SALINITY;ALKALINE_PH;ELEVATED_SALINITY,"ICAR-IISS / Soil Health Card Portal (DAC&FW, GoI)",ICAR Soil Test Crop Response (STCR) Database & National Fertilizer Guidelines 2024-25
SOIL_REC_00738,Green Gram (Moong),3,30,60,7.74,2.32,0.31,238.6,14.1,121.0,12.8,0.3,10.98,Black soil,Low,Medium,Low,10.0,16.0,10.0,8.0,34.8,20.0,0.0,0.0,0.0,Nitrogen,HIGH_EC_SALINITY;ELEVATED_SALINITY,"ICAR-IISS / Soil Health Card Portal (DAC&FW, GoI)",ICAR Soil Test Crop Response (STCR) Database & National Fertilizer Guidelines 2024-25
SOIL_REC_00739,Green Gram (Moong),1,0,15,8.43,0.5,0.74,443.1,24.8,247.0,8.5,1.36,6.96,Black soil,Medium,Medium,Medium,8.0,16.0,8.0,17.4,0.0,13.3,100.0,0.0,0.0,Nitrogen,ALKALINE_PH,"ICAR-IISS / Soil Health Card Portal (DAC&FW, GoI)",ICAR Soil Test Crop Response (STCR) Database & National Fertilizer Guidelines 2024-25
SOIL_REC_00740,Green Gram (Moong),2,15,30,6.95,1.52,0.53,346.9,33.5,297.9,24.0,0.95,10.89,Black soil,Medium,High,Medium,8.0,0.0,8.0,17.4,0.0,13.3,0.0,0.0,0.0,Nitrogen,NONE,"ICAR-IISS / Soil Health Card Portal (DAC&FW, GoI)",ICAR Soil Test Crop Response (STCR) Database & National Fertilizer Guidelines 2024-25
SOIL_REC_00741,Green Gram (Moong),3,30,60,7.89,1.21,0.27,295.3,16.7,109.8,17.2,1.75,4.04,Black soil,Medium,Medium,Low,8.0,16.0,10.0,3.7,34.8,16.7,0.0,0.0,0.0,Potassium,NONE,"ICAR-IISS / Soil Health Card Portal (DAC&FW, GoI)",ICAR Soil Test Crop Response (STCR) Database & National Fertilizer Guidelines 2024-25
SOIL_REC_00742,Green Gram (Moong),1,0,15,6.43,2.15,0.78,184.5,14.4,308.1,6.8,0.87,11.94,Loam,Low,Medium,Medium,10.0,16.0,8.0,21.7,0.0,16.0,100.0,0.0,0.0,Nitrogen,HIGH_EC_SALINITY;ELEVATED_SALINITY,"ICAR-IISS / Soil Health Card Portal (DAC&FW, GoI)",ICAR Soil Test Crop Response (STCR) Database & National Fertilizer Guidelines 2024-25
SOIL_REC_00743,Green Gram (Moong),2,15,30,6.5,0.74,0.15,96.8,32.2,163.9,8.4,1.52,11.0,Loam,Low,High,Medium,10.0,0.0,8.0,21.7,0.0,13.3,0.0,0.0,40.0,Nitrogen,NONE,"ICAR-IISS / Soil Health Card Portal (DAC&FW, GoI)",ICAR Soil Test Crop Response (STCR) Database & National Fertilizer Guidelines 2024-25
SOIL_REC_00744,Green Gram (Moong),3,30,60,5.61,0.37,0.28,214.4,5.5,85.3,11.2,0.74,5.87,Loam,Low,Low,Low,10.0,20.8,10.0,21.7,0.0,16.7,130.0,0.0,0.0,Nitrogen,ACIDIC_PH,"ICAR-IISS / Soil Health Card Portal (DAC&FW, GoI)",ICAR Soil Test Crop Response (STCR) Database & National Fertilizer Guidelines 2024-25
SOIL_REC_00745,Green Gram (Moong),1,0,15,8.04,1.65,1.0,546.7,42.7,307.5,6.9,0.28,11.49,Sandy loam,Medium,High,Medium,7.2,0.0,8.0,15.7,0.0,13.3,0.0,0.0,40.0,Nitrogen,ALKALINE_PH;HIGH_LEACHING_TEXTURE,"ICAR-IISS / Soil Health Card Portal (DAC&FW, GoI)",ICAR Soil Test Crop Response (STCR) Database & National Fertilizer Guidelines 2024-25
SOIL_REC_00746,Green Gram (Moong),2,15,30,8.14,2.7,0.65,455.5,29.1,232.1,28.0,0.36,7.84,Sandy loam,Medium,High,Medium,8.0,0.0,8.0,17.4,0.0,16.0,0.0,0.0,0.0,Nitrogen,HIGH_EC_SALINITY;ALKALINE_PH;ELEVATED_SALINITY;HIGH_LEACHING_TEXTURE,"ICAR-IISS / Soil Health Card Portal (DAC&FW, GoI)",ICAR Soil Test Crop Response (STCR) Database & National Fertilizer Guidelines 2024-25
SOIL_REC_00747,Green Gram (Moong),3,30,60,7.17,0.63,0.13,111.3,10.6,176.1,23.8,1.42,7.23,Sandy loam,Low,Medium,Medium,10.0,16.0,8.0,8.0,34.8,13.3,0.0,0.0,0.0,Nitrogen,HIGH_LEACHING_TEXTURE,"ICAR-IISS / Soil Health Card Portal (DAC&FW, GoI)",ICAR Soil Test Crop Response (STCR) Database & National Fertilizer Guidelines 2024-25
SOIL_REC_00748,Green Gram (Moong),1,0,15,6.01,1.15,0.93,181.5,14.5,439.1,25.5,0.21,10.43,Sandy loam,Low,Medium,High,9.2,16.0,0.0,20.0,0.0,0.0,100.0,0.0,0.0,Nitrogen,HIGH_LEACHING_TEXTURE,"ICAR-IISS / Soil Health Card Portal (DAC&FW, GoI)",ICAR Soil Test Crop Response (STCR) Database & National Fertilizer Guidelines 2024-25
SOIL_REC_00749,Green Gram (Moong),2,15,30,7.06,0.95,0.23,189.8,27.0,179.6,21.6,0.59,9.66,Sandy loam,Low,High,Medium,10.0,0.0,8.0,21.7,0.0,13.3,0.0,0.0,0.0,Nitrogen,HIGH_LEACHING_TEXTURE,"ICAR-IISS / Soil Health Card Portal (DAC&FW, GoI)",ICAR Soil Test Crop Response (STCR) Database & National Fertilizer Guidelines 2024-25
SOIL_REC_00750,Green Gram (Moong),3,30,60,7.25,2.25,0.14,167.2,22.3,206.7,30.7,1.03,8.98,Sandy loam,Low,Medium,Medium,10.0,16.0,8.0,8.0,34.8,16.0,0.0,0.0,0.0,Nitrogen,HIGH_EC_SALINITY;ELEVATED_SALINITY;HIGH_LEACHING_TEXTURE,"ICAR-IISS / Soil Health Card Portal (DAC&FW, GoI)",ICAR Soil Test Crop Response (STCR) Database & National Fertilizer Guidelines 2024-25
SOIL_REC_00751,Green Gram (Moong),1,0,15,6.96,2.2,0.83,378.7,8.9,211.8,15.2,1.44,6.62,Sandy loam,Medium,Low,Medium,7.2,20.8,8.0,0.0,45.2,16.0,0.0,0.0,0.0,Phosphorus,HIGH_EC_SALINITY;ELEVATED_SALINITY;HIGH_LEACHING_TEXTURE,"ICAR-IISS / Soil Health Card Portal (DAC&FW, GoI)",ICAR Soil Test Crop Response (STCR) Database & National Fertilizer Guidelines 2024-25
SOIL_REC_00752,Green Gram (Moong),2,15,30,6.8,0.3,0.77,146.6,22.6,331.5,31.4,1.48,10.82,Sandy loam,Low,Medium,Medium,10.0,16.0,8.0,8.0,34.8,13.3,0.0,0.0,0.0,Nitrogen,HIGH_LEACHING_TEXTURE,"ICAR-IISS / Soil Health Card Portal (DAC&FW, GoI)",ICAR Soil Test Crop Response (STCR) Database & National Fertilizer Guidelines 2024-25
SOIL_REC_00753,Green Gram (Moong),3,30,60,8.71,1.29,0.5,235.2,21.3,174.9,12.8,0.75,10.36,Sandy loam,Low,Medium,Medium,10.0,16.0,8.0,8.0,34.8,13.3,0.0,0.0,0.0,Nitrogen,ALKALINE_PH;HIGH_LEACHING_TEXTURE,"ICAR-IISS / Soil Health Card Portal (DAC&FW, GoI)",ICAR Soil Test Crop Response (STCR) Database & National Fertilizer Guidelines 2024-25
SOIL_REC_00754,Green Gram (Moong),1,0,15,7.51,0.58,0.53,441.9,43.3,314.8,21.3,0.91,5.78,Alluvial,Medium,High,Medium,8.0,0.0,8.0,17.4,0.0,13.3,0.0,0.0,0.0,Nitrogen,NONE,"ICAR-IISS / Soil Health Card Portal (DAC&FW, GoI)",ICAR Soil Test Crop Response (STCR) Database & National Fertilizer Guidelines 2024-25
SOIL_REC_00755,Green Gram (Moong),2,15,30,8.18,1.89,0.66,420.4,7.2,212.6,14.9,1.35,10.86,Alluvial,Medium,Low,Medium,8.0,20.8,8.0,0.0,45.2,13.3,0.0,0.0,0.0,Phosphorus,ALKALINE_PH;ELEVATED_SALINITY,"ICAR-IISS / Soil Health Card Portal (DAC&FW, GoI)",ICAR Soil Test Crop Response (STCR) Database & National Fertilizer Guidelines 2024-25
SOIL_REC_00756,Green Gram (Moong),3,30,60,7.22,1.61,0.18,187.9,9.6,106.3,21.8,0.24,10.96,Alluvial,Low,Low,Low,10.0,20.8,10.0,4.1,45.2,16.7,0.0,0.0,0.0,Nitrogen,NONE,"ICAR-IISS / Soil Health Card Portal (DAC&FW, GoI)",ICAR Soil Test Crop Response (STCR) Database & National Fertilizer Guidelines 2024-25
SOIL_REC_00757,Green Gram (Moong),1,0,15,7.46,0.83,0.89,483.3,47.5,129.8,5.7,0.8,8.46,Alluvial,Medium,High,Low,7.2,0.0,10.0,15.7,0.0,16.7,0.0,0.0,40.0,Potassium,NONE,"ICAR-IISS / Soil Health Card Portal (DAC&FW, GoI)",ICAR Soil Test Crop Response (STCR) Database & National Fertilizer Guidelines 2024-25
SOIL_REC_00758,Green Gram (Moong),2,15,30,6.67,0.32,0.58,136.8,13.9,266.5,16.7,1.77,10.15,Alluvial,Low,Medium,Medium,10.0,16.0,8.0,8.0,34.8,13.3,0.0,0.0,0.0,Nitrogen,NONE,"ICAR-IISS / Soil Health Card Portal (DAC&FW, GoI)",ICAR Soil Test Crop Response (STCR) Database & National Fertilizer Guidelines 2024-25
SOIL_REC_00759,Green Gram (Moong),3,30,60,8.76,1.67,0.5,216.9,14.2,152.2,13.8,0.66,9.96,Alluvial,Low,Medium,Medium,10.0,16.0,8.0,8.0,34.8,13.3,0.0,0.0,0.0,Nitrogen,ALKALINE_PH,"ICAR-IISS / Soil Health Card Portal (DAC&FW, GoI)",ICAR Soil Test Crop Response (STCR) Database & National Fertilizer Guidelines 2024-25
SOIL_REC_00760,Green Gram (Moong),1,0,15,7.39,0.56,0.51,488.8,10.4,275.9,9.4,1.45,6.82,Red soil,Medium,Medium,Medium,8.0,16.0,8.0,17.4,0.0,13.3,100.0,0.0,0.0,Nitrogen,NONE,"ICAR-IISS / Soil Health Card Portal (DAC&FW, GoI)",ICAR Soil Test Crop Response (STCR) Database & National Fertilizer Guidelines 2024-25
SOIL_REC_00761,Green Gram (Moong),2,15,30,5.98,1.31,0.41,124.6,17.9,102.6,10.0,0.32,8.93,Red soil,Low,Medium,Low,10.0,16.0,10.0,21.7,0.0,16.7,100.0,0.0,0.0,Nitrogen,ACIDIC_PH,"ICAR-IISS / Soil Health Card Portal (DAC&FW, GoI)",ICAR Soil Test Crop Response (STCR) Database & National Fertilizer Guidelines 2024-25
SOIL_REC_00762,Green Gram (Moong),3,30,60,6.83,1.65,0.44,278.0,15.3,159.6,31.9,1.3,11.5,Red soil,Low,Medium,Medium,10.0,16.0,8.0,8.0,34.8,13.3,0.0,0.0,0.0,Nitrogen,NONE,"ICAR-IISS / Soil Health Card Portal (DAC&FW, GoI)",ICAR Soil Test Crop Response (STCR) Database & National Fertilizer Guidelines 2024-25
SOIL_REC_00763,Green Gram (Moong),1,0,15,8.71,2.34,0.29,183.6,35.9,136.6,23.7,1.58,3.62,Red soil,Low,High,Low,10.0,0.0,10.0,21.7,0.0,20.0,0.0,0.0,0.0,Nitrogen,HIGH_EC_SALINITY;ALKALINE_PH;ELEVATED_SALINITY,"ICAR-IISS / Soil Health Card Portal (DAC&FW, GoI)",ICAR Soil Test Crop Response (STCR) Database & National Fertilizer Guidelines 2024-25
SOIL_REC_00764,Green Gram (Moong),2,15,30,6.2,1.43,0.64,444.0,16.1,324.5,20.8,0.85,3.65,Red soil,Medium,Medium,Medium,8.0,16.0,8.0,3.7,34.8,13.3,0.0,0.0,0.0,Nitrogen,NONE,"ICAR-IISS / Soil Health Card Portal (DAC&FW, GoI)",ICAR Soil Test Crop Response (STCR) Database & National Fertilizer Guidelines 2024-25
SOIL_REC_00765,Green Gram (Moong),3,30,60,7.39,0.3,0.15,152.9,23.8,99.6,17.6,1.47,3.85,Red soil,Low,Medium,Low,10.0,16.0,10.0,8.0,34.8,16.7,0.0,0.0,0.0,Nitrogen,NONE,"ICAR-IISS / Soil Health Card Portal (DAC&FW, GoI)",ICAR Soil Test Crop Response (STCR) Database & National Fertilizer Guidelines 2024-25
SOIL_REC_00766,Green Gram (Moong),1,0,15,6.89,2.64,0.44,261.7,13.7,356.3,4.1,1.08,3.14,Alluvial,Low,Medium,High,10.0,16.0,0.0,21.7,0.0,0.0,100.0,0.0,0.0,Nitrogen,ELEVATED_SALINITY,"ICAR-IISS / Soil Health Card Portal (DAC&FW, GoI)",ICAR Soil Test Crop Response (STCR) Database & National Fertilizer Guidelines 2024-25
SOIL_REC_00767,Green Gram (Moong),2,15,30,5.65,1.45,0.33,259.6,15.1,169.4,27.4,1.53,3.76,Alluvial,Low,Medium,Medium,10.0,16.0,8.0,21.7,0.0,13.3,100.0,0.0,0.0,Nitrogen,ACIDIC_PH,"ICAR-IISS / Soil Health Card Portal (DAC&FW, GoI)",ICAR Soil Test Crop Response (STCR) Database & National Fertilizer Guidelines 2024-25
SOIL_REC_00768,Green Gram (Moong),3,30,60,5.96,1.85,0.44,226.8,6.1,176.0,6.5,1.2,8.42,Alluvial,Low,Low,Medium,10.0,20.8,8.0,21.7,0.0,13.3,130.0,0.0,0.0,Nitrogen,ACIDIC_PH;ELEVATED_SALINITY,"ICAR-IISS / Soil Health Card Portal (DAC&FW, GoI)",ICAR Soil Test Crop Response (STCR) Database & National Fertilizer Guidelines 2024-25
SOIL_REC_00769,Green Gram (Moong),1,0,15,6.27,1.23,0.66,599.0,43.4,354.9,22.1,1.59,9.22,Black soil,High,High,High,3.2,0.0,0.0,7.0,0.0,0.0,0.0,0.0,0.0,Nitrogen,NONE,"ICAR-IISS / Soil Health Card Portal (DAC&FW, GoI)",ICAR Soil Test Crop Response (STCR) Database & National Fertilizer Guidelines 2024-25
SOIL_REC_00770,Green Gram (Moong),2,15,30,7.39,2.27,0.62,300.4,8.4,218.5,9.4,1.19,7.98,Black soil,Medium,Low,Medium,8.0,20.8,8.0,17.4,0.0,16.0,130.0,0.0,0.0,Phosphorus,HIGH_EC_SALINITY;ELEVATED_SALINITY,"ICAR-IISS / Soil Health Card Portal (DAC&FW, GoI)",ICAR Soil Test Crop Response (STCR) Database & National Fertilizer Guidelines 2024-25
SOIL_REC_00771,Green Gram (Moong),3,30,60,5.67,1.68,0.16,179.0,21.8,66.7,30.2,0.49,2.68,Black soil,Low,Medium,Low,10.0,16.0,10.0,21.7,0.0,16.7,100.0,0.0,0.0,Nitrogen,ACIDIC_PH,"ICAR-IISS / Soil Health Card Portal (DAC&FW, GoI)",ICAR Soil Test Crop Response (STCR) Database & National Fertilizer Guidelines 2024-25
SOIL_REC_00772,Green Gram (Moong),1,0,15,6.31,2.03,0.99,342.1,39.9,308.5,15.3,0.27,10.69,Loam,Medium,High,Medium,7.2,0.0,8.0,15.7,0.0,16.0,0.0,0.0,0.0,Nitrogen,HIGH_EC_SALINITY;ELEVATED_SALINITY,"ICAR-IISS / Soil Health Card Portal (DAC&FW, GoI)",ICAR Soil Test Crop Response (STCR) Database & National Fertilizer Guidelines 2024-25
SOIL_REC_00773,Green Gram (Moong),2,15,30,5.58,1.34,0.41,412.4,14.5,136.9,7.2,0.36,4.1,Loam,Medium,Medium,Low,8.0,16.0,10.0,17.4,0.0,16.7,100.0,0.0,0.0,Potassium,ACIDIC_PH,"ICAR-IISS / Soil Health Card Portal (DAC&FW, GoI)",ICAR Soil Test Crop Response (STCR) Database & National Fertilizer Guidelines 2024-25
SOIL_REC_00774,Green Gram (Moong),3,30,60,5.98,0.86,0.12,136.7,11.6,75.5,21.2,0.72,2.76,Loam,Low,Medium,Low,10.0,16.0,10.0,21.7,0.0,16.7,100.0,0.0,0.0,Nitrogen,ACIDIC_PH,"ICAR-IISS / Soil Health Card Portal (DAC&FW, GoI)",ICAR Soil Test Crop Response (STCR) Database & National Fertilizer Guidelines 2024-25
SOIL_REC_00775,Green Gram (Moong),1,0,15,6.48,0.46,0.29,566.5,16.8,429.0,29.2,0.28,4.78,Sandy loam,High,Medium,High,3.2,16.0,0.0,0.0,34.8,0.0,0.0,0.0,0.0,Nitrogen,HIGH_LEACHING_TEXTURE,"ICAR-IISS / Soil Health Card Portal (DAC&FW, GoI)",ICAR Soil Test Crop Response (STCR) Database & National Fertilizer Guidelines 2024-25
SOIL_REC_00776,Green Gram (Moong),2,15,30,7.47,0.81,0.47,279.2,34.4,140.2,12.9,1.08,3.12,Sandy loam,Low,High,Low,10.0,0.0,10.0,21.7,0.0,16.7,0.0,0.0,0.0,Nitrogen,HIGH_LEACHING_TEXTURE,"ICAR-IISS / Soil Health Card Portal (DAC&FW, GoI)",ICAR Soil Test Crop Response (STCR) Database & National Fertilizer Guidelines 2024-25
SOIL_REC_00777,Green Gram (Moong),3,30,60,5.6,1.85,0.51,64.7,14.6,150.5,6.8,1.42,8.69,Sandy loam,Low,Medium,Medium,10.0,16.0,8.0,21.7,0.0,13.3,100.0,0.0,0.0,Nitrogen,ACIDIC_PH;ELEVATED_SALINITY;HIGH_LEACHING_TEXTURE,"ICAR-IISS / Soil Health Card Portal (DAC&FW, GoI)",ICAR Soil Test Crop Response (STCR) Database & National Fertilizer Guidelines 2024-25
SOIL_REC_00778,Green Gram (Moong),1,0,15,6.51,1.26,0.23,437.9,14.5,438.4,14.5,1.78,9.93,Loam,Medium,Medium,High,8.0,16.0,0.0,3.7,34.8,0.0,0.0,0.0,0.0,Nitrogen,NONE,"ICAR-IISS / Soil Health Card Portal (DAC&FW, GoI)",ICAR Soil Test Crop Response (STCR) Database & National Fertilizer Guidelines 2024-25
SOIL_REC_00779,Green Gram (Moong),2,15,30,7.27,1.3,0.76,259.4,4.5,193.0,27.2,0.66,11.73,Loam,Low,Low,Medium,10.0,20.8,8.0,4.1,45.2,13.3,0.0,0.0,0.0,Nitrogen,NONE,"ICAR-IISS / Soil Health Card Portal (DAC&FW, GoI)",ICAR Soil Test Crop Response (STCR) Database & National Fertilizer Guidelines 2024-25
SOIL_REC_00780,Green Gram (Moong),3,30,60,5.5,2.63,0.3,209.5,20.6,113.4,13.8,1.21,8.06,Loam,Low,Medium,Low,10.0,16.0,10.0,21.7,0.0,20.0,100.0,0.0,0.0,Nitrogen,HIGH_EC_SALINITY;ACIDIC_PH;ELEVATED_SALINITY,"ICAR-IISS / Soil Health Card Portal (DAC&FW, GoI)",ICAR Soil Test Crop Response (STCR) Database & National Fertilizer Guidelines 2024-25
SOIL_REC_00781,Green Gram (Moong),1,0,15,6.43,0.62,0.66,155.0,9.8,341.4,27.3,1.36,11.99,Alluvial,Low,Low,High,10.0,20.8,0.0,4.1,45.2,0.0,0.0,0.0,0.0,Nitrogen,NONE,"ICAR-IISS / Soil Health Card Portal (DAC&FW, GoI)",ICAR Soil Test Crop Response (STCR) Database & National Fertilizer Guidelines 2024-25
SOIL_REC_00782,Green Gram (Moong),2,15,30,8.4,0.75,0.47,390.8,32.3,322.8,21.8,1.77,9.22,Alluvial,Medium,High,Medium,8.0,0.0,8.0,17.4,0.0,13.3,0.0,0.0,0.0,Nitrogen,ALKALINE_PH,"ICAR-IISS / Soil Health Card Portal (DAC&FW, GoI)",ICAR Soil Test Crop Response (STCR) Database & National Fertilizer Guidelines 2024-25
SOIL_REC_00783,Green Gram (Moong),3,30,60,6.4,1.92,0.23,112.7,23.1,104.1,29.6,0.41,11.26,Alluvial,Low,Medium,Low,10.0,16.0,10.0,8.0,34.8,16.7,0.0,0.0,0.0,Nitrogen,ELEVATED_SALINITY,"ICAR-IISS / Soil Health Card Portal (DAC&FW, GoI)",ICAR Soil Test Crop Response (STCR) Database & National Fertilizer Guidelines 2024-25
SOIL_REC_00784,Green Gram (Moong),1,0,15,7.07,2.54,0.79,326.6,43.6,343.2,25.3,1.06,9.98,Alluvial,Medium,High,High,8.0,0.0,0.0,17.4,0.0,0.0,0.0,0.0,0.0,Nitrogen,ELEVATED_SALINITY,"ICAR-IISS / Soil Health Card Portal (DAC&FW, GoI)",ICAR Soil Test Crop Response (STCR) Database & National Fertilizer Guidelines 2024-25
SOIL_REC_00785,Green Gram (Moong),2,15,30,7.64,0.4,0.13,402.0,25.7,249.0,13.9,1.5,10.36,Alluvial,Medium,High,Medium,8.0,0.0,8.0,17.4,0.0,13.3,0.0,0.0,0.0,Nitrogen,NONE,"ICAR-IISS / Soil Health Card Portal (DAC&FW, GoI)",ICAR Soil Test Crop Response (STCR) Database & National Fertilizer Guidelines 2024-25
SOIL_REC_00786,Green Gram (Moong),3,30,60,6.68,0.66,0.44,234.3,3.2,128.3,30.2,0.91,4.6,Alluvial,Low,Low,Low,10.0,20.8,10.0,4.1,45.2,16.7,0.0,0.0,0.0,Nitrogen,NONE,"ICAR-IISS / Soil Health Card Portal (DAC&FW, GoI)",ICAR Soil Test Crop Response (STCR) Database & National Fertilizer Guidelines 2024-25
SOIL_REC_00787,Green Gram (Moong),1,0,15,8.0,1.97,0.82,215.8,40.3,315.1,26.6,0.55,11.81,Sandy loam,Low,High,Medium,9.2,0.0,8.0,20.0,0.0,13.3,0.0,0.0,0.0,Nitrogen,ELEVATED_SALINITY;HIGH_LEACHING_TEXTURE,"ICAR-IISS / Soil Health Card Portal (DAC&FW, GoI)",ICAR Soil Test Crop Response (STCR) Database & National Fertilizer Guidelines 2024-25
SOIL_REC_00788,Green Gram (Moong),2,15,30,8.69,0.3,0.46,354.0,23.6,69.4,31.6,1.22,3.55,Sandy loam,Medium,Medium,Low,8.0,16.0,10.0,3.7,34.8,16.7,0.0,0.0,0.0,Potassium,ALKALINE_PH;HIGH_LEACHING_TEXTURE,"ICAR-IISS / Soil Health Card Portal (DAC&FW, GoI)",ICAR Soil Test Crop Response (STCR) Database & National Fertilizer Guidelines 2024-25
SOIL_REC_00789,Green Gram (Moong),3,30,60,6.42,1.5,0.16,108.4,18.5,166.0,20.9,0.48,8.09,Sandy loam,Low,Medium,Medium,10.0,16.0,8.0,8.0,34.8,13.3,0.0,0.0,0.0,Nitrogen,HIGH_LEACHING_TEXTURE,"ICAR-IISS / Soil Health Card Portal (DAC&FW, GoI)",ICAR Soil Test Crop Response (STCR) Database & National Fertilizer Guidelines 2024-25
SOIL_REC_00790,Green Gram (Moong),1,0,15,5.71,0.88,0.69,234.0,28.0,371.6,9.4,1.28,11.92,Red soil,Low,High,High,10.0,0.0,0.0,21.7,0.0,0.0,0.0,0.0,40.0,Nitrogen,ACIDIC_PH,"ICAR-IISS / Soil Health Card Portal (DAC&FW, GoI)",ICAR Soil Test Crop Response (STCR) Database & National Fertilizer Guidelines 2024-25
SOIL_REC_00791,Green Gram (Moong),2,15,30,7.79,1.59,0.29,300.0,18.8,320.7,21.9,1.71,2.99,Red soil,Medium,Medium,Medium,8.0,16.0,8.0,3.7,34.8,13.3,0.0,0.0,0.0,Nitrogen,NONE,"ICAR-IISS / Soil Health Card Portal (DAC&FW, GoI)",ICAR Soil Test Crop Response (STCR) Database & National Fertilizer Guidelines 2024-25
SOIL_REC_00792,Green Gram (Moong),3,30,60,8.6,1.32,0.55,128.5,17.3,129.0,14.1,1.41,10.9,Red soil,Low,Medium,Low,10.0,16.0,10.0,8.0,34.8,16.7,0.0,0.0,0.0,Nitrogen,ALKALINE_PH,"ICAR-IISS / Soil Health Card Portal (DAC&FW, GoI)",ICAR Soil Test Crop Response (STCR) Database & National Fertilizer Guidelines 2024-25
SOIL_REC_00793,Green Gram (Moong),1,0,15,5.65,2.59,0.66,278.1,22.5,210.5,28.6,1.49,11.91,Loam,Low,Medium,Medium,10.0,16.0,8.0,21.7,0.0,16.0,100.0,0.0,0.0,Nitrogen,HIGH_EC_SALINITY;ACIDIC_PH;ELEVATED_SALINITY,"ICAR-IISS / Soil Health Card Portal (DAC&FW, GoI)",ICAR Soil Test Crop Response (STCR) Database & National Fertilizer Guidelines 2024-25
SOIL_REC_00794,Green Gram (Moong),2,15,30,6.24,1.99,0.79,433.9,10.7,156.4,5.8,1.2,2.76,Loam,Medium,Medium,Medium,8.0,16.0,8.0,17.4,0.0,13.3,100.0,0.0,0.0,Nitrogen,ELEVATED_SALINITY,"ICAR-IISS / Soil Health Card Portal (DAC&FW, GoI)",ICAR Soil Test Crop Response (STCR) Database & National Fertilizer Guidelines 2024-25
SOIL_REC_00795,Green Gram (Moong),3,30,60,6.93,0.26,0.45,293.8,20.7,89.5,17.3,1.73,10.41,Loam,Medium,Medium,Low,8.0,16.0,10.0,3.7,34.8,16.7,0.0,0.0,0.0,Potassium,NONE,"ICAR-IISS / Soil Health Card Portal (DAC&FW, GoI)",ICAR Soil Test Crop Response (STCR) Database & National Fertilizer Guidelines 2024-25
SOIL_REC_00796,Green Gram (Moong),1,0,15,7.21,0.82,0.22,420.0,24.4,124.4,16.5,0.4,11.76,Clay loam,Medium,Medium,Low,8.0,16.0,10.0,3.7,34.8,16.7,0.0,0.0,0.0,Potassium,NONE,"ICAR-IISS / Soil Health Card Portal (DAC&FW, GoI)",ICAR Soil Test Crop Response (STCR) Database & National Fertilizer Guidelines 2024-25
SOIL_REC_00797,Green Gram (Moong),2,15,30,8.53,1.18,0.75,350.0,29.2,84.2,26.5,0.29,8.3,Clay loam,Medium,High,Low,8.0,0.0,10.0,17.4,0.0,16.7,0.0,0.0,0.0,Potassium,ALKALINE_PH,"ICAR-IISS / Soil Health Card Portal (DAC&FW, GoI)",ICAR Soil Test Crop Response (STCR) Database & National Fertilizer Guidelines 2024-25
SOIL_REC_00798,Green Gram (Moong),3,30,60,6.93,0.46,0.1,73.1,20.8,117.3,21.3,0.86,10.71,Clay loam,Low,Medium,Low,10.0,16.0,10.0,8.0,34.8,16.7,0.0,0.0,0.0,Nitrogen,NONE,"ICAR-IISS / Soil Health Card Portal (DAC&FW, GoI)",ICAR Soil Test Crop Response (STCR) Database & National Fertilizer Guidelines 2024-25
SOIL_REC_00799,Green Gram (Moong),1,0,15,7.56,1.38,0.59,334.1,32.0,126.5,22.2,1.28,2.75,Red soil,Medium,High,Low,8.0,0.0,10.0,17.4,0.0,16.7,0.0,0.0,0.0,Potassium,NONE,"ICAR-IISS / Soil Health Card Portal (DAC&FW, GoI)",ICAR Soil Test Crop Response (STCR) Database & National Fertilizer Guidelines 2024-25
SOIL_REC_00800,Green Gram (Moong),2,15,30,7.21,1.73,0.19,94.6,27.0,227.6,27.5,1.65,3.7,Red soil,Low,High,Medium,10.0,0.0,8.0,21.7,0.0,13.3,0.0,0.0,0.0,Nitrogen,NONE,"ICAR-IISS / Soil Health Card Portal (DAC&FW, GoI)",ICAR Soil Test Crop Response (STCR) Database & National Fertilizer Guidelines 2024-25
SOIL_REC_00801,Green Gram (Moong),3,30,60,7.18,1.12,0.3,215.2,6.9,69.8,5.2,0.4,8.05,Red soil,Low,Low,Low,10.0,20.8,10.0,21.7,0.0,16.7,130.0,0.0,0.0,Nitrogen,NONE,"ICAR-IISS / Soil Health Card Portal (DAC&FW, GoI)",ICAR Soil Test Crop Response (STCR) Database & National Fertilizer Guidelines 2024-25
SOIL_REC_00802,Green Gram (Moong),1,0,15,8.67,2.16,0.45,562.6,38.6,143.1,12.6,0.75,6.0,Alluvial,High,High,Low,3.2,0.0,10.0,7.0,0.0,20.0,0.0,0.0,0.0,Potassium,HIGH_EC_SALINITY;ALKALINE_PH;ELEVATED_SALINITY,"ICAR-IISS / Soil Health Card Portal (DAC&FW, GoI)",ICAR Soil Test Crop Response (STCR) Database & National Fertilizer Guidelines 2024-25
SOIL_REC_00803,Green Gram (Moong),2,15,30,5.53,1.72,0.6,111.5,20.5,293.0,28.0,0.88,4.36,Alluvial,Low,Medium,Medium,10.0,16.0,8.0,21.7,0.0,13.3,100.0,0.0,0.0,Nitrogen,ACIDIC_PH,"ICAR-IISS / Soil Health Card Portal (DAC&FW, GoI)",ICAR Soil Test Crop Response (STCR) Database & National Fertilizer Guidelines 2024-25
SOIL_REC_00804,Green Gram (Moong),3,30,60,6.16,2.56,0.45,145.4,17.0,170.1,31.5,1.16,5.65,Alluvial,Low,Medium,Medium,10.0,16.0,8.0,21.7,0.0,16.0,100.0,0.0,0.0,Nitrogen,HIGH_EC_SALINITY;ELEVATED_SALINITY,"ICAR-IISS / Soil Health Card Portal (DAC&FW, GoI)",ICAR Soil Test Crop Response (STCR) Database & National Fertilizer Guidelines 2024-25
SOIL_REC_00805,Green Gram (Moong),1,0,15,7.37,1.07,0.43,284.3,10.4,405.4,29.5,0.99,11.24,Alluvial,Medium,Medium,High,8.0,16.0,0.0,3.7,34.8,0.0,0.0,0.0,0.0,Nitrogen,NONE,"ICAR-IISS / Soil Health Card Portal (DAC&FW, GoI)",ICAR Soil Test Crop Response (STCR) Database & National Fertilizer Guidelines 2024-25
SOIL_REC_00806,Green Gram (Moong),2,15,30,7.61,2.0,0.44,169.9,19.6,275.0,26.8,1.49,6.07,Alluvial,Low,Medium,Medium,10.0,16.0,8.0,8.0,34.8,13.3,0.0,0.0,0.0,Nitrogen,ELEVATED_SALINITY,"ICAR-IISS / Soil Health Card Portal (DAC&FW, GoI)",ICAR Soil Test Crop Response (STCR) Database & National Fertilizer Guidelines 2024-25
SOIL_REC_00807,Green Gram (Moong),3,30,60,6.82,2.35,0.08,62.5,10.5,144.8,8.0,0.9,8.5,Alluvial,Low,Medium,Low,10.0,16.0,10.0,21.7,0.0,20.0,100.0,0.0,0.0,Nitrogen,HIGH_EC_SALINITY;ELEVATED_SALINITY,"ICAR-IISS / Soil Health Card Portal (DAC&FW, GoI)",ICAR Soil Test Crop Response (STCR) Database & National Fertilizer Guidelines 2024-25
SOIL_REC_00808,Green Gram (Moong),1,0,15,5.64,0.28,0.34,207.1,43.2,348.8,13.5,1.09,4.2,Clay loam,Low,High,High,10.0,0.0,0.0,21.7,0.0,0.0,0.0,0.0,0.0,Nitrogen,ACIDIC_PH,"ICAR-IISS / Soil Health Card Portal (DAC&FW, GoI)",ICAR Soil Test Crop Response (STCR) Database & National Fertilizer Guidelines 2024-25
SOIL_REC_00809,Green Gram (Moong),2,15,30,5.57,2.39,0.76,97.9,25.8,169.8,26.0,0.38,11.39,Clay loam,Low,High,Medium,10.0,0.0,8.0,21.7,0.0,16.0,0.0,0.0,0.0,Nitrogen,HIGH_EC_SALINITY;ACIDIC_PH;ELEVATED_SALINITY,"ICAR-IISS / Soil Health Card Portal (DAC&FW, GoI)",ICAR Soil Test Crop Response (STCR) Database & National Fertilizer Guidelines 2024-25
SOIL_REC_00810,Green Gram (Moong),3,30,60,6.51,0.82,0.46,225.2,22.8,220.9,31.9,1.61,10.84,Clay loam,Low,Medium,Medium,10.0,16.0,8.0,8.0,34.8,13.3,0.0,0.0,0.0,Nitrogen,NONE,"ICAR-IISS / Soil Health Card Portal (DAC&FW, GoI)",ICAR Soil Test Crop Response (STCR) Database & National Fertilizer Guidelines 2024-25
SOIL_REC_00811,Black Gram (Urad),1,0,15,5.89,2.5,0.27,214.8,28.4,340.0,12.9,0.89,8.54,Sandy loam,Low,High,High,10.0,0.0,0.0,21.7,0.0,0.0,0.0,0.0,0.0,Nitrogen,ACIDIC_PH;ELEVATED_SALINITY;HIGH_LEACHING_TEXTURE,"ICAR-IISS / Soil Health Card Portal (DAC&FW, GoI)",ICAR Soil Test Crop Response (STCR) Database & National Fertilizer Guidelines 2024-25
SOIL_REC_00812,Black Gram (Urad),2,15,30,8.54,2.18,0.53,410.4,13.8,107.6,10.9,1.21,5.16,Sandy loam,Medium,Medium,Low,8.0,16.0,10.0,17.4,0.0,20.0,100.0,0.0,0.0,Potassium,HIGH_EC_SALINITY;ALKALINE_PH;ELEVATED_SALINITY;HIGH_LEACHING_TEXTURE,"ICAR-IISS / Soil Health Card Portal (DAC&FW, GoI)",ICAR Soil Test Crop Response (STCR) Database & National Fertilizer Guidelines 2024-25
SOIL_REC_00813,Black Gram (Urad),3,30,60,5.92,1.52,0.35,182.2,18.3,186.2,26.1,1.18,4.09,Sandy loam,Low,Medium,Medium,10.0,16.0,8.0,21.7,0.0,13.3,100.0,0.0,0.0,Nitrogen,ACIDIC_PH;HIGH_LEACHING_TEXTURE,"ICAR-IISS / Soil Health Card Portal (DAC&FW, GoI)",ICAR Soil Test Crop Response (STCR) Database & National Fertilizer Guidelines 2024-25
SOIL_REC_00814,Black Gram (Urad),1,0,15,7.98,1.88,0.63,369.3,25.5,205.9,14.5,1.31,9.3,Black soil,Medium,High,Medium,8.0,0.0,8.0,17.4,0.0,13.3,0.0,0.0,0.0,Nitrogen,ELEVATED_SALINITY,"ICAR-IISS / Soil Health Card Portal (DAC&FW, GoI)",ICAR Soil Test Crop Response (STCR) Database & National Fertilizer Guidelines 2024-25
SOIL_REC_00815,Black Gram (Urad),2,15,30,7.13,0.9,0.4,435.4,22.9,77.4,10.1,0.52,10.7,Black soil,Medium,Medium,Low,8.0,16.0,10.0,17.4,0.0,16.7,100.0,0.0,0.0,Potassium,NONE,"ICAR-IISS / Soil Health Card Portal (DAC&FW, GoI)",ICAR Soil Test Crop Response (STCR) Database & National Fertilizer Guidelines 2024-25
SOIL_REC_00816,Black Gram (Urad),3,30,60,6.81,1.0,0.5,202.8,22.6,112.3,19.4,0.41,3.3,Black soil,Low,Medium,Low,10.0,16.0,10.0,8.0,34.8,16.7,0.0,0.0,0.0,Nitrogen,NONE,"ICAR-IISS / Soil Health Card Portal (DAC&FW, GoI)",ICAR Soil Test Crop Response (STCR) Database & National Fertilizer Guidelines 2024-25
SOIL_REC_00817,Black Gram (Urad),1,0,15,7.21,0.8,0.19,376.1,20.1,252.4,16.1,0.79,7.23,Black soil,Medium,Medium,Medium,8.0,16.0,8.0,3.7,34.8,13.3,0.0,0.0,0.0,Nitrogen,NONE,"ICAR-IISS / Soil Health Card Portal (DAC&FW, GoI)",ICAR Soil Test Crop Response (STCR) Database & National Fertilizer Guidelines 2024-25
SOIL_REC_00818,Black Gram (Urad),2,15,30,6.4,0.26,0.43,189.6,6.9,310.9,12.2,1.0,7.69,Black soil,Low,Low,Medium,10.0,20.8,8.0,4.1,45.2,13.3,0.0,0.0,0.0,Nitrogen,NONE,"ICAR-IISS / Soil Health Card Portal (DAC&FW, GoI)",ICAR Soil Test Crop Response (STCR) Database & National Fertilizer Guidelines 2024-25
SOIL_REC_00819,Black Gram (Urad),3,30,60,5.76,0.92,0.18,89.6,10.6,143.3,13.3,1.28,4.88,Black soil,Low,Medium,Low,10.0,16.0,10.0,21.7,0.0,16.7,100.0,0.0,0.0,Nitrogen,ACIDIC_PH,"ICAR-IISS / Soil Health Card Portal (DAC&FW, GoI)",ICAR Soil Test Crop Response (STCR) Database & National Fertilizer Guidelines 2024-25
SOIL_REC_00820,Black Gram (Urad),1,0,15,8.19,1.98,0.41,472.8,47.9,449.4,25.1,1.38,11.17,Red soil,Medium,High,High,8.0,0.0,0.0,17.4,0.0,0.0,0.0,0.0,0.0,Nitrogen,ALKALINE_PH;ELEVATED_SALINITY,"ICAR-IISS / Soil Health Card Portal (DAC&FW, GoI)",ICAR Soil Test Crop Response (STCR) Database & National Fertilizer Guidelines 2024-25
SOIL_REC_00821,Black Gram (Urad),2,15,30,5.53,0.98,0.7,383.7,17.2,177.1,20.2,1.25,6.98,Red soil,Medium,Medium,Medium,8.0,16.0,8.0,17.4,0.0,13.3,100.0,0.0,0.0,Nitrogen,ACIDIC_PH,"ICAR-IISS / Soil Health Card Portal (DAC&FW, GoI)",ICAR Soil Test Crop Response (STCR) Database & National Fertilizer Guidelines 2024-25
SOIL_REC_00822,Black Gram (Urad),3,30,60,7.19,2.18,0.15,159.4,7.8,179.8,17.3,1.03,9.97,Red soil,Low,Low,Medium,10.0,20.8,8.0,4.1,45.2,16.0,0.0,0.0,0.0,Nitrogen,HIGH_EC_SALINITY;ELEVATED_SALINITY,"ICAR-IISS / Soil Health Card Portal (DAC&FW, GoI)",ICAR Soil Test Crop Response (STCR) Database & National Fertilizer Guidelines 2024-25
SOIL_REC_00823,Black Gram (Urad),1,0,15,7.88,1.4,0.9,276.5,13.9,367.2,23.5,0.54,6.77,Black soil,Low,Medium,High,9.2,16.0,0.0,6.3,34.8,0.0,0.0,0.0,0.0,Nitrogen,NONE,"ICAR-IISS / Soil Health Card Portal (DAC&FW, GoI)",ICAR Soil Test Crop Response (STCR) Database & National Fertilizer Guidelines 2024-25
SOIL_REC_00824,Black Gram (Urad),2,15,30,7.34,1.17,0.52,138.1,34.2,70.1,26.7,1.53,5.73,Black soil,Low,High,Low,10.0,0.0,10.0,21.7,0.0,16.7,0.0,0.0,0.0,Nitrogen,NONE,"ICAR-IISS / Soil Health Card Portal (DAC&FW, GoI)",ICAR Soil Test Crop Response (STCR) Database & National Fertilizer Guidelines 2024-25
SOIL_REC_00825,Black Gram (Urad),3,30,60,6.88,1.98,0.27,254.7,14.3,103.7,4.7,1.46,11.26,Black soil,Low,Medium,Low,10.0,16.0,10.0,21.7,0.0,16.7,100.0,0.0,0.0,Nitrogen,ELEVATED_SALINITY,"ICAR-IISS / Soil Health Card Portal (DAC&FW, GoI)",ICAR Soil Test Crop Response (STCR) Database & National Fertilizer Guidelines 2024-25
SOIL_REC_00826,Black Gram (Urad),1,0,15,8.72,2.79,0.69,519.6,44.4,296.6,14.9,0.81,11.51,Loam,Medium,High,Medium,8.0,0.0,8.0,17.4,0.0,16.0,0.0,0.0,0.0,Nitrogen,HIGH_EC_SALINITY;ALKALINE_PH;ELEVATED_SALINITY,"ICAR-IISS / Soil Health Card Portal (DAC&FW, GoI)",ICAR Soil Test Crop Response (STCR) Database & National Fertilizer Guidelines 2024-25
SOIL_REC_00827,Black Gram (Urad),2,15,30,5.71,1.2,0.45,213.3,34.8,240.0,12.5,0.47,8.91,Loam,Low,High,Medium,10.0,0.0,8.0,21.7,0.0,13.3,0.0,0.0,0.0,Nitrogen,ACIDIC_PH,"ICAR-IISS / Soil Health Card Portal (DAC&FW, GoI)",ICAR Soil Test Crop Response (STCR) Database & National Fertilizer Guidelines 2024-25
SOIL_REC_00828,Black Gram (Urad),3,30,60,6.09,2.35,0.36,66.7,7.2,209.0,14.8,0.53,5.27,Loam,Low,Low,Medium,10.0,20.8,8.0,21.7,0.0,16.0,130.0,0.0,0.0,Nitrogen,HIGH_EC_SALINITY;ELEVATED_SALINITY,"ICAR-IISS / Soil Health Card Portal (DAC&FW, GoI)",ICAR Soil Test Crop Response (STCR) Database & National Fertilizer Guidelines 2024-25
SOIL_REC_00829,Black Gram (Urad),1,0,15,5.73,0.35,0.64,205.9,42.1,237.9,8.4,0.38,7.6,Alluvial,Low,High,Medium,10.0,0.0,8.0,21.7,0.0,13.3,0.0,0.0,40.0,Nitrogen,ACIDIC_PH,"ICAR-IISS / Soil Health Card Portal (DAC&FW, GoI)",ICAR Soil Test Crop Response (STCR) Database & National Fertilizer Guidelines 2024-25
SOIL_REC_00830,Black Gram (Urad),2,15,30,7.08,0.38,0.79,414.6,8.6,123.0,16.1,1.34,7.01,Alluvial,Medium,Low,Low,8.0,20.8,10.0,0.0,45.2,16.7,0.0,0.0,0.0,Phosphorus,NONE,"ICAR-IISS / Soil Health Card Portal (DAC&FW, GoI)",ICAR Soil Test Crop Response (STCR) Database & National Fertilizer Guidelines 2024-25
SOIL_REC_00831,Black Gram (Urad),3,30,60,7.49,2.64,0.35,185.6,17.4,94.6,4.2,0.43,3.11,Alluvial,Low,Medium,Low,10.0,16.0,10.0,21.7,0.0,20.0,100.0,0.0,0.0,Nitrogen,HIGH_EC_SALINITY;ELEVATED_SALINITY,"ICAR-IISS / Soil Health Card Portal (DAC&FW, GoI)",ICAR Soil Test Crop Response (STCR) Database & National Fertilizer Guidelines 2024-25
SOIL_REC_00832,Black Gram (Urad),1,0,15,7.5,0.84,0.46,404.6,26.6,256.6,5.1,0.35,8.64,Black soil,Medium,High,Medium,8.0,0.0,8.0,17.4,0.0,13.3,0.0,0.0,40.0,Nitrogen,NONE,"ICAR-IISS / Soil Health Card Portal (DAC&FW, GoI)",ICAR Soil Test Crop Response (STCR) Database & National Fertilizer Guidelines 2024-25
SOIL_REC_00833,Black Gram (Urad),2,15,30,8.53,1.1,0.71,387.1,16.8,289.8,27.8,0.86,4.21,Black soil,Medium,Medium,Medium,8.0,16.0,8.0,3.7,34.8,13.3,0.0,0.0,0.0,Nitrogen,ALKALINE_PH,"ICAR-IISS / Soil Health Card Portal (DAC&FW, GoI)",ICAR Soil Test Crop Response (STCR) Database & National Fertilizer Guidelines 2024-25
SOIL_REC_00834,Black Gram (Urad),3,30,60,7.54,1.32,0.26,224.8,17.7,62.2,23.6,0.27,10.91,Black soil,Low,Medium,Low,10.0,16.0,10.0,8.0,34.8,16.7,0.0,0.0,0.0,Nitrogen,NONE,"ICAR-IISS / Soil Health Card Portal (DAC&FW, GoI)",ICAR Soil Test Crop Response (STCR) Database & National Fertilizer Guidelines 2024-25
SOIL_REC_00835,Black Gram (Urad),1,0,15,6.4,1.83,0.43,578.1,35.3,350.1,10.1,0.99,11.93,Loam,High,High,High,3.2,0.0,0.0,7.0,0.0,0.0,0.0,0.0,0.0,Nitrogen,ELEVATED_SALINITY,"ICAR-IISS / Soil Health Card Portal (DAC&FW, GoI)",ICAR Soil Test Crop Response (STCR) Database & National Fertilizer Guidelines 2024-25
SOIL_REC_00836,Black Gram (Urad),2,15,30,7.32,2.79,0.17,129.5,28.6,155.5,16.6,0.6,7.31,Loam,Low,High,Medium,10.0,0.0,8.0,21.7,0.0,16.0,0.0,0.0,0.0,Nitrogen,HIGH_EC_SALINITY;ELEVATED_SALINITY,"ICAR-IISS / Soil Health Card Portal (DAC&FW, GoI)",ICAR Soil Test Crop Response (STCR) Database & National Fertilizer Guidelines 2024-25
SOIL_REC_00837,Black Gram (Urad),3,30,60,7.03,0.39,0.4,247.4,11.0,179.3,28.0,0.83,2.6,Loam,Low,Medium,Medium,10.0,16.0,8.0,8.0,34.8,13.3,0.0,0.0,0.0,Nitrogen,NONE,"ICAR-IISS / Soil Health Card Portal (DAC&FW, GoI)",ICAR Soil Test Crop Response (STCR) Database & National Fertilizer Guidelines 2024-25
SOIL_REC_00838,Black Gram (Urad),1,0,15,7.84,0.55,0.79,352.1,25.4,119.7,22.4,1.34,6.66,Sandy loam,Medium,High,Low,8.0,0.0,10.0,17.4,0.0,16.7,0.0,0.0,0.0,Potassium,HIGH_LEACHING_TEXTURE,"ICAR-IISS / Soil Health Card Portal (DAC&FW, GoI)",ICAR Soil Test Crop Response (STCR) Database & National Fertilizer Guidelines 2024-25
SOIL_REC_00839,Black Gram (Urad),2,15,30,7.05,0.93,0.23,404.4,23.6,115.4,7.5,1.39,4.1,Sandy loam,Medium,Medium,Low,8.0,16.0,10.0,17.4,0.0,16.7,100.0,0.0,0.0,Potassium,HIGH_LEACHING_TEXTURE,"ICAR-IISS / Soil Health Card Portal (DAC&FW, GoI)",ICAR Soil Test Crop Response (STCR) Database & National Fertilizer Guidelines 2024-25
SOIL_REC_00840,Black Gram (Urad),3,30,60,7.72,0.23,0.2,170.2,6.7,173.6,29.0,1.05,6.7,Sandy loam,Low,Low,Medium,10.0,20.8,8.0,4.1,45.2,13.3,0.0,0.0,0.0,Nitrogen,HIGH_LEACHING_TEXTURE,"ICAR-IISS / Soil Health Card Portal (DAC&FW, GoI)",ICAR Soil Test Crop Response (STCR) Database & National Fertilizer Guidelines 2024-25
SOIL_REC_00841,Black Gram (Urad),1,0,15,8.26,2.31,0.76,478.2,43.7,230.6,12.6,0.28,2.54,Sandy loam,Medium,High,Medium,8.0,0.0,8.0,17.4,0.0,16.0,0.0,0.0,0.0,Nitrogen,HIGH_EC_SALINITY;ALKALINE_PH;ELEVATED_SALINITY;HIGH_LEACHING_TEXTURE,"ICAR-IISS / Soil Health Card Portal (DAC&FW, GoI)",ICAR Soil Test Crop Response (STCR) Database & National Fertilizer Guidelines 2024-25
SOIL_REC_00842,Black Gram (Urad),2,15,30,8.05,2.19,0.77,230.5,12.0,92.2,15.8,1.78,5.7,Sandy loam,Low,Medium,Low,10.0,16.0,10.0,8.0,34.8,20.0,0.0,0.0,0.0,Nitrogen,HIGH_EC_SALINITY;ALKALINE_PH;ELEVATED_SALINITY;HIGH_LEACHING_TEXTURE,"ICAR-IISS / Soil Health Card Portal (DAC&FW, GoI)",ICAR Soil Test Crop Response (STCR) Database & National Fertilizer Guidelines 2024-25
SOIL_REC_00843,Black Gram (Urad),3,30,60,6.13,1.94,0.18,280.6,19.7,194.5,8.7,0.47,6.45,Sandy loam,Medium,Medium,Medium,8.0,16.0,8.0,17.4,0.0,13.3,100.0,0.0,0.0,Nitrogen,ELEVATED_SALINITY;HIGH_LEACHING_TEXTURE,"ICAR-IISS / Soil Health Card Portal (DAC&FW, GoI)",ICAR Soil Test Crop Response (STCR) Database & National Fertilizer Guidelines 2024-25
SOIL_REC_00844,Black Gram (Urad),1,0,15,8.19,1.04,0.75,432.3,45.2,232.2,16.0,0.57,3.51,Sandy loam,Medium,High,Medium,8.0,0.0,8.0,17.4,0.0,13.3,0.0,0.0,0.0,Nitrogen,ALKALINE_PH;HIGH_LEACHING_TEXTURE,"ICAR-IISS / Soil Health Card Portal (DAC&FW, GoI)",ICAR Soil Test Crop Response (STCR) Database & National Fertilizer Guidelines 2024-25
SOIL_REC_00845,Black Gram (Urad),2,15,30,6.57,0.24,0.58,94.5,11.2,126.9,22.4,0.65,8.43,Sandy loam,Low,Medium,Low,10.0,16.0,10.0,8.0,34.8,16.7,0.0,0.0,0.0,Nitrogen,HIGH_LEACHING_TEXTURE,"ICAR-IISS / Soil Health Card Portal (DAC&FW, GoI)",ICAR Soil Test Crop Response (STCR) Database & National Fertilizer Guidelines 2024-25
SOIL_REC_00846,Black Gram (Urad),3,30,60,5.64,2.5,0.27,251.9,13.5,223.3,24.0,1.47,11.26,Sandy loam,Low,Medium,Medium,10.0,16.0,8.0,21.7,0.0,16.0,100.0,0.0,0.0,Nitrogen,HIGH_EC_SALINITY;ACIDIC_PH;ELEVATED_SALINITY;HIGH_LEACHING_TEXTURE,"ICAR-IISS / Soil Health Card Portal (DAC&FW, GoI)",ICAR Soil Test Crop Response (STCR) Database & National Fertilizer Guidelines 2024-25
SOIL_REC_00847,Black Gram (Urad),1,0,15,6.07,2.69,0.72,610.7,35.2,334.0,31.2,1.31,5.65,Alluvial,High,High,Medium,3.2,0.0,8.0,7.0,0.0,16.0,0.0,0.0,0.0,Nitrogen,HIGH_EC_SALINITY;ELEVATED_SALINITY,"ICAR-IISS / Soil Health Card Portal (DAC&FW, GoI)",ICAR Soil Test Crop Response (STCR) Database & National Fertilizer Guidelines 2024-25
SOIL_REC_00848,Black Gram (Urad),2,15,30,7.6,2.5,0.34,409.3,19.7,158.0,21.0,1.14,6.13,Alluvial,Medium,Medium,Medium,8.0,16.0,8.0,3.7,34.8,16.0,0.0,0.0,0.0,Nitrogen,HIGH_EC_SALINITY;ELEVATED_SALINITY,"ICAR-IISS / Soil Health Card Portal (DAC&FW, GoI)",ICAR Soil Test Crop Response (STCR) Database & National Fertilizer Guidelines 2024-25
SOIL_REC_00849,Black Gram (Urad),3,30,60,7.61,0.8,0.35,307.1,7.9,155.9,29.1,0.69,9.51,Alluvial,Medium,Low,Medium,8.0,20.8,8.0,0.0,45.2,13.3,0.0,0.0,0.0,Phosphorus,NONE,"ICAR-IISS / Soil Health Card Portal (DAC&FW, GoI)",ICAR Soil Test Crop Response (STCR) Database & National Fertilizer Guidelines 2024-25
SOIL_REC_00850,Black Gram (Urad),1,0,15,7.55,0.36,0.51,268.3,12.4,163.6,5.1,1.68,8.18,Loam,Low,Medium,Medium,10.0,16.0,8.0,21.7,0.0,13.3,100.0,0.0,0.0,Nitrogen,NONE,"ICAR-IISS / Soil Health Card Portal (DAC&FW, GoI)",ICAR Soil Test Crop Response (STCR) Database & National Fertilizer Guidelines 2024-25
SOIL_REC_00851,Black Gram (Urad),2,15,30,8.62,2.12,0.35,194.3,24.8,272.8,18.6,1.76,8.66,Loam,Low,Medium,Medium,10.0,16.0,8.0,8.0,34.8,16.0,0.0,0.0,0.0,Nitrogen,HIGH_EC_SALINITY;ALKALINE_PH;ELEVATED_SALINITY,"ICAR-IISS / Soil Health Card Portal (DAC&FW, GoI)",ICAR Soil Test Crop Response (STCR) Database & National Fertilizer Guidelines 2024-25
SOIL_REC_00852,Black Gram (Urad),3,30,60,6.45,0.26,0.48,142.8,8.1,142.1,29.4,1.26,4.86,Loam,Low,Low,Low,10.0,20.8,10.0,4.1,45.2,16.7,0.0,0.0,0.0,Nitrogen,NONE,"ICAR-IISS / Soil Health Card Portal (DAC&FW, GoI)",ICAR Soil Test Crop Response (STCR) Database & National Fertilizer Guidelines 2024-25
SOIL_REC_00853,Black Gram (Urad),1,0,15,7.8,0.78,0.98,380.7,13.7,316.7,5.8,0.99,11.56,Red soil,Medium,Medium,Medium,7.2,16.0,8.0,15.7,0.0,13.3,100.0,0.0,0.0,Nitrogen,NONE,"ICAR-IISS / Soil Health Card Portal (DAC&FW, GoI)",ICAR Soil Test Crop Response (STCR) Database & National Fertilizer Guidelines 2024-25
SOIL_REC_00854,Black Gram (Urad),2,15,30,5.67,2.78,0.78,137.1,10.0,215.7,26.3,0.53,7.32,Red soil,Low,Medium,Medium,10.0,16.0,8.0,21.7,0.0,16.0,100.0,0.0,0.0,Nitrogen,HIGH_EC_SALINITY;ACIDIC_PH;ELEVATED_SALINITY,"ICAR-IISS / Soil Health Card Portal (DAC&FW, GoI)",ICAR Soil Test Crop Response (STCR) Database & National Fertilizer Guidelines 2024-25
SOIL_REC_00855,Black Gram (Urad),3,30,60,6.91,1.41,0.15,109.4,11.9,154.1,12.5,1.12,11.69,Red soil,Low,Medium,Medium,10.0,16.0,8.0,8.0,34.8,13.3,0.0,0.0,0.0,Nitrogen,NONE,"ICAR-IISS / Soil Health Card Portal (DAC&FW, GoI)",ICAR Soil Test Crop Response (STCR) Database & National Fertilizer Guidelines 2024-25
SOIL_REC_00856,Black Gram (Urad),1,0,15,6.4,2.23,0.23,606.3,22.7,150.4,16.4,1.01,9.48,Loam,High,Medium,Medium,3.2,16.0,8.0,0.0,34.8,16.0,0.0,0.0,0.0,Nitrogen,HIGH_EC_SALINITY;ELEVATED_SALINITY,"ICAR-IISS / Soil Health Card Portal (DAC&FW, GoI)",ICAR Soil Test Crop Response (STCR) Database & National Fertilizer Guidelines 2024-25
SOIL_REC_00857,Black Gram (Urad),2,15,30,8.01,2.33,0.68,97.4,16.5,298.1,25.2,1.67,8.15,Loam,Low,Medium,Medium,10.0,16.0,8.0,8.0,34.8,16.0,0.0,0.0,0.0,Nitrogen,HIGH_EC_SALINITY;ALKALINE_PH;ELEVATED_SALINITY,"ICAR-IISS / Soil Health Card Portal (DAC&FW, GoI)",ICAR Soil Test Crop Response (STCR) Database & National Fertilizer Guidelines 2024-25
SOIL_REC_00858,Black Gram (Urad),3,30,60,6.0,2.09,0.2,175.9,12.5,112.5,21.0,0.32,3.8,Loam,Low,Medium,Low,10.0,16.0,10.0,21.7,0.0,20.0,100.0,0.0,0.0,Nitrogen,HIGH_EC_SALINITY;ELEVATED_SALINITY,"ICAR-IISS / Soil Health Card Portal (DAC&FW, GoI)",ICAR Soil Test Crop Response (STCR) Database & National Fertilizer Guidelines 2024-25
SOIL_REC_00859,Black Gram (Urad),1,0,15,6.15,2.58,0.15,550.8,36.7,224.7,15.3,0.87,6.25,Black soil,Medium,High,Medium,8.0,0.0,8.0,17.4,0.0,16.0,0.0,0.0,0.0,Nitrogen,HIGH_EC_SALINITY;ELEVATED_SALINITY,"ICAR-IISS / Soil Health Card Portal (DAC&FW, GoI)",ICAR Soil Test Crop Response (STCR) Database & National Fertilizer Guidelines 2024-25
SOIL_REC_00860,Black Gram (Urad),2,15,30,7.95,1.2,0.33,460.3,6.7,306.4,31.8,0.4,11.36,Black soil,Medium,Low,Medium,8.0,20.8,8.0,0.0,45.2,13.3,0.0,0.0,0.0,Phosphorus,NONE,"ICAR-IISS / Soil Health Card Portal (DAC&FW, GoI)",ICAR Soil Test Crop Response (STCR) Database & National Fertilizer Guidelines 2024-25
SOIL_REC_00861,Black Gram (Urad),3,30,60,6.04,2.18,0.53,252.8,18.8,107.7,23.9,1.22,6.0,Black soil,Low,Medium,Low,10.0,16.0,10.0,21.7,0.0,20.0,100.0,0.0,0.0,Nitrogen,HIGH_EC_SALINITY;ELEVATED_SALINITY,"ICAR-IISS / Soil Health Card Portal (DAC&FW, GoI)",ICAR Soil Test Crop Response (STCR) Database & National Fertilizer Guidelines 2024-25
SOIL_REC_00862,Black Gram (Urad),1,0,15,7.65,2.61,0.85,241.2,7.4,382.7,21.7,1.28,9.13,Sandy loam,Low,Low,High,9.2,20.8,0.0,2.4,45.2,0.0,0.0,0.0,0.0,Nitrogen,ELEVATED_SALINITY;HIGH_LEACHING_TEXTURE,"ICAR-IISS / Soil Health Card Portal (DAC&FW, GoI)",ICAR Soil Test Crop Response (STCR) Database & National Fertilizer Guidelines 2024-25
SOIL_REC_00863,Black Gram (Urad),2,15,30,7.63,0.88,0.44,345.4,12.5,230.1,30.6,1.55,2.62,Sandy loam,Medium,Medium,Medium,8.0,16.0,8.0,3.7,34.8,13.3,0.0,0.0,0.0,Nitrogen,HIGH_LEACHING_TEXTURE,"ICAR-IISS / Soil Health Card Portal (DAC&FW, GoI)",ICAR Soil Test Crop Response (STCR) Database & National Fertilizer Guidelines 2024-25
SOIL_REC_00864,Black Gram (Urad),3,30,60,8.04,1.88,0.51,159.4,15.3,207.2,18.5,0.5,6.52,Sandy loam,Low,Medium,Medium,10.0,16.0,8.0,8.0,34.8,13.3,0.0,0.0,0.0,Nitrogen,ALKALINE_PH;ELEVATED_SALINITY;HIGH_LEACHING_TEXTURE,"ICAR-IISS / Soil Health Card Portal (DAC&FW, GoI)",ICAR Soil Test Crop Response (STCR) Database & National Fertilizer Guidelines 2024-25
SOIL_REC_00865,Black Gram (Urad),1,0,15,6.33,0.99,1.07,449.2,22.1,200.9,15.5,1.6,9.41,Black soil,Medium,Medium,Medium,7.2,16.0,8.0,2.0,34.8,13.3,0.0,0.0,0.0,Nitrogen,NONE,"ICAR-IISS / Soil Health Card Portal (DAC&FW, GoI)",ICAR Soil Test Crop Response (STCR) Database & National Fertilizer Guidelines 2024-25
SOIL_REC_00866,Black Gram (Urad),2,15,30,5.79,1.85,0.67,219.1,9.0,269.7,30.0,0.84,5.43,Black soil,Low,Low,Medium,10.0,20.8,8.0,21.7,0.0,13.3,130.0,0.0,0.0,Nitrogen,ACIDIC_PH;ELEVATED_SALINITY,"ICAR-IISS / Soil Health Card Portal (DAC&FW, GoI)",ICAR Soil Test Crop Response (STCR) Database & National Fertilizer Guidelines 2024-25
SOIL_REC_00867,Black Gram (Urad),3,30,60,8.76,2.32,0.08,77.5,17.6,139.5,22.3,1.37,4.12,Black soil,Low,Medium,Low,10.0,16.0,10.0,8.0,34.8,20.0,0.0,0.0,0.0,Nitrogen,HIGH_EC_SALINITY;ALKALINE_PH;ELEVATED_SALINITY,"ICAR-IISS / Soil Health Card Portal (DAC&FW, GoI)",ICAR Soil Test Crop Response (STCR) Database & National Fertilizer Guidelines 2024-25
SOIL_REC_00868,Black Gram (Urad),1,0,15,6.12,0.55,0.61,371.3,10.6,294.2,10.0,0.52,9.62,Clay loam,Medium,Medium,Medium,8.0,16.0,8.0,17.4,0.0,13.3,100.0,0.0,0.0,Nitrogen,NONE,"ICAR-IISS / Soil Health Card Portal (DAC&FW, GoI)",ICAR Soil Test Crop Response (STCR) Database & National Fertilizer Guidelines 2024-25
SOIL_REC_00869,Black Gram (Urad),2,15,30,8.17,0.7,0.81,416.9,18.4,314.0,7.1,1.22,3.26,Clay loam,Medium,Medium,Medium,7.2,16.0,8.0,15.7,0.0,13.3,100.0,0.0,0.0,Nitrogen,ALKALINE_PH,"ICAR-IISS / Soil Health Card Portal (DAC&FW, GoI)",ICAR Soil Test Crop Response (STCR) Database & National Fertilizer Guidelines 2024-25
SOIL_REC_00870,Black Gram (Urad),3,30,60,5.78,0.52,0.11,67.4,7.9,132.3,25.3,0.22,5.03,Clay loam,Low,Low,Low,10.0,20.8,10.0,21.7,0.0,16.7,130.0,0.0,0.0,Nitrogen,ACIDIC_PH,"ICAR-IISS / Soil Health Card Portal (DAC&FW, GoI)",ICAR Soil Test Crop Response (STCR) Database & National Fertilizer Guidelines 2024-25
SOIL_REC_00871,Black Gram (Urad),1,0,15,7.7,2.25,0.19,225.5,39.3,225.2,18.6,1.74,5.03,Sandy loam,Low,High,Medium,10.0,0.0,8.0,21.7,0.0,16.0,0.0,0.0,0.0,Nitrogen,HIGH_EC_SALINITY;ELEVATED_SALINITY;HIGH_LEACHING_TEXTURE,"ICAR-IISS / Soil Health Card Portal (DAC&FW, GoI)",ICAR Soil Test Crop Response (STCR) Database & National Fertilizer Guidelines 2024-25
SOIL_REC_00872,Black Gram (Urad),2,15,30,7.1,2.17,0.54,216.2,26.0,160.1,12.8,0.58,5.93,Sandy loam,Low,High,Medium,10.0,0.0,8.0,21.7,0.0,16.0,0.0,0.0,0.0,Nitrogen,HIGH_EC_SALINITY;ELEVATED_SALINITY;HIGH_LEACHING_TEXTURE,"ICAR-IISS / Soil Health Card Portal (DAC&FW, GoI)",ICAR Soil Test Crop Response (STCR) Database & National Fertilizer Guidelines 2024-25
SOIL_REC_00873,Black Gram (Urad),3,30,60,6.81,1.79,0.54,278.3,19.9,45.6,28.4,0.84,10.44,Sandy loam,Low,Medium,Low,10.0,16.0,10.0,8.0,34.8,16.7,0.0,0.0,0.0,Nitrogen,HIGH_LEACHING_TEXTURE,"ICAR-IISS / Soil Health Card Portal (DAC&FW, GoI)",ICAR Soil Test Crop Response (STCR) Database & National Fertilizer Guidelines 2024-25
SOIL_REC_00874,Black Gram (Urad),1,0,15,5.58,0.52,0.65,595.5,37.6,179.5,16.7,1.3,10.76,Loam,High,High,Medium,3.2,0.0,8.0,7.0,0.0,13.3,0.0,0.0,0.0,Nitrogen,ACIDIC_PH,"ICAR-IISS / Soil Health Card Portal (DAC&FW, GoI)",ICAR Soil Test Crop Response (STCR) Database & National Fertilizer Guidelines 2024-25
SOIL_REC_00875,Black Gram (Urad),2,15,30,7.2,1.92,0.11,329.3,34.2,154.5,21.7,1.6,11.71,Loam,Medium,High,Medium,8.0,0.0,8.0,17.4,0.0,13.3,0.0,0.0,0.0,Nitrogen,ELEVATED_SALINITY,"ICAR-IISS / Soil Health Card Portal (DAC&FW, GoI)",ICAR Soil Test Crop Response (STCR) Database & National Fertilizer Guidelines 2024-25
SOIL_REC_00876,Black Gram (Urad),3,30,60,7.93,1.96,0.19,181.1,18.5,187.9,13.8,1.7,11.44,Loam,Low,Medium,Medium,10.0,16.0,8.0,8.0,34.8,13.3,0.0,0.0,0.0,Nitrogen,ELEVATED_SALINITY,"ICAR-IISS / Soil Health Card Portal (DAC&FW, GoI)",ICAR Soil Test Crop Response (STCR) Database & National Fertilizer Guidelines 2024-25
SOIL_REC_00877,Black Gram (Urad),1,0,15,8.76,2.43,1.01,487.1,18.3,160.2,8.0,1.03,7.93,Black soil,Medium,Medium,Medium,7.2,16.0,8.0,15.7,0.0,16.0,100.0,0.0,0.0,Nitrogen,HIGH_EC_SALINITY;ALKALINE_PH;ELEVATED_SALINITY,"ICAR-IISS / Soil Health Card Portal (DAC&FW, GoI)",ICAR Soil Test Crop Response (STCR) Database & National Fertilizer Guidelines 2024-25
SOIL_REC_00878,Black Gram (Urad),2,15,30,8.33,1.51,0.2,388.8,14.0,249.2,19.4,1.6,4.1,Black soil,Medium,Medium,Medium,8.0,16.0,8.0,3.7,34.8,13.3,0.0,0.0,0.0,Nitrogen,ALKALINE_PH,"ICAR-IISS / Soil Health Card Portal (DAC&FW, GoI)",ICAR Soil Test Crop Response (STCR) Database & National Fertilizer Guidelines 2024-25
SOIL_REC_00879,Black Gram (Urad),3,30,60,6.97,0.5,0.39,120.2,7.4,180.6,22.5,0.34,6.63,Black soil,Low,Low,Medium,10.0,20.8,8.0,4.1,45.2,13.3,0.0,0.0,0.0,Nitrogen,NONE,"ICAR-IISS / Soil Health Card Portal (DAC&FW, GoI)",ICAR Soil Test Crop Response (STCR) Database & National Fertilizer Guidelines 2024-25
SOIL_REC_00880,Black Gram (Urad),1,0,15,5.6,2.62,0.46,311.7,17.8,348.9,22.6,1.72,8.87,Red soil,Medium,Medium,High,8.0,16.0,0.0,17.4,0.0,0.0,100.0,0.0,0.0,Nitrogen,ACIDIC_PH;ELEVATED_SALINITY,"ICAR-IISS / Soil Health Card Portal (DAC&FW, GoI)",ICAR Soil Test Crop Response (STCR) Database & National Fertilizer Guidelines 2024-25
SOIL_REC_00881,Black Gram (Urad),2,15,30,7.7,2.6,0.56,274.5,29.6,157.4,10.3,1.12,11.28,Red soil,Low,High,Medium,10.0,0.0,8.0,21.7,0.0,16.0,0.0,0.0,0.0,Nitrogen,HIGH_EC_SALINITY;ELEVATED_SALINITY,"ICAR-IISS / Soil Health Card Portal (DAC&FW, GoI)",ICAR Soil Test Crop Response (STCR) Database & National Fertilizer Guidelines 2024-25
SOIL_REC_00882,Black Gram (Urad),3,30,60,5.71,1.09,0.51,245.7,18.2,162.7,26.0,1.75,6.65,Red soil,Low,Medium,Medium,10.0,16.0,8.0,21.7,0.0,13.3,100.0,0.0,0.0,Nitrogen,ACIDIC_PH,"ICAR-IISS / Soil Health Card Portal (DAC&FW, GoI)",ICAR Soil Test Crop Response (STCR) Database & National Fertilizer Guidelines 2024-25
SOIL_REC_00883,Black Gram (Urad),1,0,15,6.24,0.5,0.23,164.6,37.1,427.4,24.8,0.39,5.99,Loam,Low,High,High,10.0,0.0,0.0,21.7,0.0,0.0,0.0,0.0,0.0,Nitrogen,NONE,"ICAR-IISS / Soil Health Card Portal (DAC&FW, GoI)",ICAR Soil Test Crop Response (STCR) Database & National Fertilizer Guidelines 2024-25
SOIL_REC_00884,Black Gram (Urad),2,15,30,8.32,2.68,0.52,90.6,6.4,212.1,27.7,1.77,5.54,Loam,Low,Low,Medium,10.0,20.8,8.0,4.1,45.2,16.0,0.0,0.0,0.0,Nitrogen,HIGH_EC_SALINITY;ALKALINE_PH;ELEVATED_SALINITY,"ICAR-IISS / Soil Health Card Portal (DAC&FW, GoI)",ICAR Soil Test Crop Response (STCR) Database & National Fertilizer Guidelines 2024-25
SOIL_REC_00885,Black Gram (Urad),3,30,60,6.7,1.97,0.45,189.9,15.6,85.0,15.1,1.06,6.88,Loam,Low,Medium,Low,10.0,16.0,10.0,8.0,34.8,16.7,0.0,0.0,0.0,Nitrogen,ELEVATED_SALINITY,"ICAR-IISS / Soil Health Card Portal (DAC&FW, GoI)",ICAR Soil Test Crop Response (STCR) Database & National Fertilizer Guidelines 2024-25
SOIL_REC_00886,Black Gram (Urad),1,0,15,8.19,0.97,0.36,460.0,12.2,192.0,24.9,1.56,10.36,Loam,Medium,Medium,Medium,8.0,16.0,8.0,3.7,34.8,13.3,0.0,0.0,0.0,Nitrogen,ALKALINE_PH,"ICAR-IISS / Soil Health Card Portal (DAC&FW, GoI)",ICAR Soil Test Crop Response (STCR) Database & National Fertilizer Guidelines 2024-25
SOIL_REC_00887,Black Gram (Urad),2,15,30,5.61,1.03,0.47,348.2,13.1,296.4,20.1,1.21,4.55,Loam,Medium,Medium,Medium,8.0,16.0,8.0,17.4,0.0,13.3,100.0,0.0,0.0,Nitrogen,ACIDIC_PH,"ICAR-IISS / Soil Health Card Portal (DAC&FW, GoI)",ICAR Soil Test Crop Response (STCR) Database & National Fertilizer Guidelines 2024-25
SOIL_REC_00888,Black Gram (Urad),3,30,60,6.46,2.71,0.1,262.6,6.2,174.0,27.7,1.7,4.64,Loam,Low,Low,Medium,10.0,20.8,8.0,4.1,45.2,16.0,0.0,0.0,0.0,Nitrogen,HIGH_EC_SALINITY;ELEVATED_SALINITY,"ICAR-IISS / Soil Health Card Portal (DAC&FW, GoI)",ICAR Soil Test Crop Response (STCR) Database & National Fertilizer Guidelines 2024-25
SOIL_REC_00889,Black Gram (Urad),1,0,15,5.67,2.45,0.32,363.8,22.5,444.4,22.5,1.56,11.92,Red soil,Medium,Medium,High,8.0,16.0,0.0,17.4,0.0,0.0,100.0,0.0,0.0,Nitrogen,ACIDIC_PH;ELEVATED_SALINITY,"ICAR-IISS / Soil Health Card Portal (DAC&FW, GoI)",ICAR Soil Test Crop Response (STCR) Database & National Fertilizer Guidelines 2024-25
SOIL_REC_00890,Black Gram (Urad),2,15,30,7.31,1.08,0.6,461.4,28.4,173.1,18.8,0.65,9.12,Red soil,Medium,High,Medium,8.0,0.0,8.0,17.4,0.0,13.3,0.0,0.0,0.0,Nitrogen,NONE,"ICAR-IISS / Soil Health Card Portal (DAC&FW, GoI)",ICAR Soil Test Crop Response (STCR) Database & National Fertilizer Guidelines 2024-25
SOIL_REC_00891,Black Gram (Urad),3,30,60,6.14,2.43,0.26,92.7,18.8,149.5,26.5,1.56,9.24,Red soil,Low,Medium,Medium,10.0,16.0,8.0,21.7,0.0,16.0,100.0,0.0,0.0,Nitrogen,HIGH_EC_SALINITY;ELEVATED_SALINITY,"ICAR-IISS / Soil Health Card Portal (DAC&FW, GoI)",ICAR Soil Test Crop Response (STCR) Database & National Fertilizer Guidelines 2024-25
SOIL_REC_00892,Black Gram (Urad),1,0,15,7.66,1.7,0.57,361.2,43.7,165.5,26.5,0.51,8.69,Black soil,Medium,High,Medium,8.0,0.0,8.0,17.4,0.0,13.3,0.0,0.0,0.0,Nitrogen,NONE,"ICAR-IISS / Soil Health Card Portal (DAC&FW, GoI)",ICAR Soil Test Crop Response (STCR) Database & National Fertilizer Guidelines 2024-25
SOIL_REC_00893,Black Gram (Urad),2,15,30,6.7,2.43,0.19,384.6,31.5,169.2,31.5,1.29,4.1,Black soil,Medium,High,Medium,8.0,0.0,8.0,17.4,0.0,16.0,0.0,0.0,0.0,Nitrogen,HIGH_EC_SALINITY;ELEVATED_SALINITY,"ICAR-IISS / Soil Health Card Portal (DAC&FW, GoI)",ICAR Soil Test Crop Response (STCR) Database & National Fertilizer Guidelines 2024-25
SOIL_REC_00894,Black Gram (Urad),3,30,60,5.69,1.12,0.3,296.3,5.5,137.8,13.5,0.89,3.91,Black soil,Medium,Low,Low,8.0,20.8,10.0,17.4,0.0,16.7,130.0,0.0,0.0,Phosphorus,ACIDIC_PH,"ICAR-IISS / Soil Health Card Portal (DAC&FW, GoI)",ICAR Soil Test Crop Response (STCR) Database & National Fertilizer Guidelines 2024-25
SOIL_REC_00895,Black Gram (Urad),1,0,15,6.83,0.29,0.38,364.3,34.9,433.6,22.3,0.8,9.07,Red soil,Medium,High,High,8.0,0.0,0.0,17.4,0.0,0.0,0.0,0.0,0.0,Nitrogen,NONE,"ICAR-IISS / Soil Health Card Portal (DAC&FW, GoI)",ICAR Soil Test Crop Response (STCR) Database & National Fertilizer Guidelines 2024-25
SOIL_REC_00896,Black Gram (Urad),2,15,30,8.12,1.91,0.67,414.3,25.0,141.8,22.3,0.79,3.64,Red soil,Medium,Medium,Low,8.0,16.0,10.0,3.7,34.8,16.7,0.0,0.0,0.0,Potassium,ALKALINE_PH;ELEVATED_SALINITY,"ICAR-IISS / Soil Health Card Portal (DAC&FW, GoI)",ICAR Soil Test Crop Response (STCR) Database & National Fertilizer Guidelines 2024-25
SOIL_REC_00897,Black Gram (Urad),3,30,60,5.77,1.47,0.39,187.4,3.5,148.1,20.0,0.64,9.58,Red soil,Low,Low,Medium,10.0,20.8,8.0,21.7,0.0,13.3,130.0,0.0,0.0,Nitrogen,ACIDIC_PH,"ICAR-IISS / Soil Health Card Portal (DAC&FW, GoI)",ICAR Soil Test Crop Response (STCR) Database & National Fertilizer Guidelines 2024-25
SOIL_REC_00898,Black Gram (Urad),1,0,15,6.1,1.46,0.76,336.8,30.0,125.8,5.8,1.65,10.05,Alluvial,Medium,High,Low,8.0,0.0,10.0,17.4,0.0,16.7,0.0,0.0,40.0,Potassium,NONE,"ICAR-IISS / Soil Health Card Portal (DAC&FW, GoI)",ICAR Soil Test Crop Response (STCR) Database & National Fertilizer Guidelines 2024-25
SOIL_REC_00899,Black Gram (Urad),2,15,30,6.11,2.31,0.13,298.5,21.4,286.8,17.7,1.03,8.05,Alluvial,Medium,Medium,Medium,8.0,16.0,8.0,17.4,0.0,16.0,100.0,0.0,0.0,Nitrogen,HIGH_EC_SALINITY;ELEVATED_SALINITY,"ICAR-IISS / Soil Health Card Portal (DAC&FW, GoI)",ICAR Soil Test Crop Response (STCR) Database & National Fertilizer Guidelines 2024-25
SOIL_REC_00900,Black Gram (Urad),3,30,60,7.86,2.25,0.13,248.2,23.3,206.6,9.1,1.16,4.21,Alluvial,Low,Medium,Medium,10.0,16.0,8.0,21.7,0.0,16.0,100.0,0.0,0.0,Nitrogen,HIGH_EC_SALINITY;ELEVATED_SALINITY,"ICAR-IISS / Soil Health Card Portal (DAC&FW, GoI)",ICAR Soil Test Crop Response (STCR) Database & National Fertilizer Guidelines 2024-25
SOIL_REC_00901,Soybean,1,0,15,6.98,1.02,0.19,407.5,33.4,121.6,11.2,1.4,3.3,Alluvial,Medium,High,Low,12.0,0.0,20.0,26.1,0.0,33.3,0.0,0.0,0.0,Potassium,NONE,"ICAR-IISS / Soil Health Card Portal (DAC&FW, GoI)",ICAR Soil Test Crop Response (STCR) Database & National Fertilizer Guidelines 2024-25
SOIL_REC_00902,Soybean,2,15,30,5.91,0.98,0.8,154.4,35.3,245.2,11.0,0.27,11.49,Alluvial,Low,High,Medium,15.0,0.0,16.0,32.6,0.0,26.7,0.0,0.0,0.0,Nitrogen,ACIDIC_PH,"ICAR-IISS / Soil Health Card Portal (DAC&FW, GoI)",ICAR Soil Test Crop Response (STCR) Database & National Fertilizer Guidelines 2024-25
SOIL_REC_00903,Soybean,3,30,60,8.49,0.96,0.33,95.0,13.3,101.3,29.5,1.79,8.26,Alluvial,Low,Medium,Low,15.0,24.0,20.0,12.2,52.2,33.3,0.0,0.0,0.0,Nitrogen,ALKALINE_PH,"ICAR-IISS / Soil Health Card Portal (DAC&FW, GoI)",ICAR Soil Test Crop Response (STCR) Database & National Fertilizer Guidelines 2024-25
SOIL_REC_00904,Soybean,1,0,15,6.19,0.46,0.93,238.6,13.9,197.9,27.3,1.73,8.22,Alluvial,Low,Medium,Medium,13.8,24.0,16.0,30.0,0.0,26.7,150.0,0.0,0.0,Nitrogen,NONE,"ICAR-IISS / Soil Health Card Portal (DAC&FW, GoI)",ICAR Soil Test Crop Response (STCR) Database & National Fertilizer Guidelines 2024-25
SOIL_REC_00905,Soybean,2,15,30,6.21,1.13,0.2,323.4,6.8,136.3,14.7,1.65,6.3,Alluvial,Medium,Low,Low,12.0,31.2,20.0,0.0,67.8,33.3,0.0,0.0,0.0,Phosphorus,NONE,"ICAR-IISS / Soil Health Card Portal (DAC&FW, GoI)",ICAR Soil Test Crop Response (STCR) Database & National Fertilizer Guidelines 2024-25
SOIL_REC_00906,Soybean,3,30,60,5.77,0.86,0.28,233.6,14.3,57.7,24.5,1.79,9.12,Alluvial,Low,Medium,Low,15.0,24.0,20.0,32.6,0.0,33.3,150.0,0.0,0.0,Nitrogen,ACIDIC_PH,"ICAR-IISS / Soil Health Card Portal (DAC&FW, GoI)",ICAR Soil Test Crop Response (STCR) Database & National Fertilizer Guidelines 2024-25
SOIL_REC_00907,Soybean,1,0,15,7.86,1.67,0.77,375.7,12.9,385.8,12.9,1.46,6.1,Loam,Medium,Medium,High,12.0,24.0,0.0,5.7,52.2,0.0,0.0,0.0,0.0,Nitrogen,NONE,"ICAR-IISS / Soil Health Card Portal (DAC&FW, GoI)",ICAR Soil Test Crop Response (STCR) Database & National Fertilizer Guidelines 2024-25
SOIL_REC_00908,Soybean,2,15,30,8.68,0.84,0.3,289.3,26.0,177.3,13.2,0.34,11.14,Loam,Medium,High,Medium,12.0,0.0,16.0,26.1,0.0,26.7,0.0,0.0,0.0,Nitrogen,ALKALINE_PH,"ICAR-IISS / Soil Health Card Portal (DAC&FW, GoI)",ICAR Soil Test Crop Response (STCR) Database & National Fertilizer Guidelines 2024-25
SOIL_REC_00909,Soybean,3,30,60,8.07,0.58,0.45,128.4,5.1,221.3,10.2,1.72,9.94,Loam,Low,Low,Medium,15.0,31.2,16.0,32.6,0.0,26.7,195.0,0.0,0.0,Nitrogen,ALKALINE_PH,"ICAR-IISS / Soil Health Card Portal (DAC&FW, GoI)",ICAR Soil Test Crop Response (STCR) Database & National Fertilizer Guidelines 2024-25
SOIL_REC_00910,Soybean,1,0,15,6.08,2.09,0.44,530.7,26.6,280.4,23.6,1.58,7.74,Sandy loam,Medium,High,Medium,12.0,0.0,16.0,26.1,0.0,32.0,0.0,0.0,0.0,Nitrogen,HIGH_EC_SALINITY;ELEVATED_SALINITY;HIGH_LEACHING_TEXTURE,"ICAR-IISS / Soil Health Card Portal (DAC&FW, GoI)",ICAR Soil Test Crop Response (STCR) Database & National Fertilizer Guidelines 2024-25
SOIL_REC_00911,Soybean,2,15,30,7.5,2.53,0.23,444.9,16.8,160.7,24.8,1.75,7.55,Sandy loam,Medium,Medium,Medium,12.0,24.0,16.0,5.7,52.2,32.0,0.0,0.0,0.0,Nitrogen,HIGH_EC_SALINITY;ELEVATED_SALINITY;HIGH_LEACHING_TEXTURE,"ICAR-IISS / Soil Health Card Portal (DAC&FW, GoI)",ICAR Soil Test Crop Response (STCR) Database & National Fertilizer Guidelines 2024-25
SOIL_REC_00912,Soybean,3,30,60,7.46,2.41,0.3,91.9,3.2,137.4,8.4,0.4,6.1,Sandy loam,Low,Low,Low,15.0,31.2,20.0,32.6,0.0,40.0,195.0,0.0,0.0,Nitrogen,HIGH_EC_SALINITY;ELEVATED_SALINITY;HIGH_LEACHING_TEXTURE,"ICAR-IISS / Soil Health Card Portal (DAC&FW, GoI)",ICAR Soil Test Crop Response (STCR) Database & National Fertilizer Guidelines 2024-25
SOIL_REC_00913,Soybean,1,0,15,6.38,2.59,0.76,305.1,38.7,334.2,15.7,0.93,6.67,Red soil,Medium,High,Medium,12.0,0.0,16.0,26.1,0.0,32.0,0.0,0.0,0.0,Nitrogen,HIGH_EC_SALINITY;ELEVATED_SALINITY,"ICAR-IISS / Soil Health Card Portal (DAC&FW, GoI)",ICAR Soil Test Crop Response (STCR) Database & National Fertilizer Guidelines 2024-25
SOIL_REC_00914,Soybean,2,15,30,6.67,1.42,0.32,447.2,20.9,261.5,29.9,0.57,8.54,Red soil,Medium,Medium,Medium,12.0,24.0,16.0,5.7,52.2,26.7,0.0,0.0,0.0,Nitrogen,NONE,"ICAR-IISS / Soil Health Card Portal (DAC&FW, GoI)",ICAR Soil Test Crop Response (STCR) Database & National Fertilizer Guidelines 2024-25
SOIL_REC_00915,Soybean,3,30,60,5.79,0.99,0.44,271.3,16.3,58.8,10.7,0.35,7.97,Red soil,Low,Medium,Low,15.0,24.0,20.0,32.6,0.0,33.3,150.0,0.0,0.0,Nitrogen,ACIDIC_PH,"ICAR-IISS / Soil Health Card Portal (DAC&FW, GoI)",ICAR Soil Test Crop Response (STCR) Database & National Fertilizer Guidelines 2024-25
SOIL_REC_00916,Soybean,1,0,15,7.95,1.64,0.62,557.2,46.4,242.6,18.2,1.37,7.06,Sandy loam,Medium,High,Medium,12.0,0.0,16.0,26.1,0.0,26.7,0.0,0.0,0.0,Nitrogen,HIGH_LEACHING_TEXTURE,"ICAR-IISS / Soil Health Card Portal (DAC&FW, GoI)",ICAR Soil Test Crop Response (STCR) Database & National Fertilizer Guidelines 2024-25
SOIL_REC_00917,Soybean,2,15,30,7.2,2.79,0.75,351.7,17.3,233.9,29.5,1.39,9.28,Sandy loam,Medium,Medium,Medium,12.0,24.0,16.0,5.7,52.2,32.0,0.0,0.0,0.0,Nitrogen,HIGH_EC_SALINITY;ELEVATED_SALINITY;HIGH_LEACHING_TEXTURE,"ICAR-IISS / Soil Health Card Portal (DAC&FW, GoI)",ICAR Soil Test Crop Response (STCR) Database & National Fertilizer Guidelines 2024-25
SOIL_REC_00918,Soybean,3,30,60,7.82,2.15,0.19,244.7,23.0,193.2,28.6,1.04,8.29,Sandy loam,Low,Medium,Medium,15.0,24.0,16.0,12.2,52.2,32.0,0.0,0.0,0.0,Nitrogen,HIGH_EC_SALINITY;ELEVATED_SALINITY;HIGH_LEACHING_TEXTURE,"ICAR-IISS / Soil Health Card Portal (DAC&FW, GoI)",ICAR Soil Test Crop Response (STCR) Database & National Fertilizer Guidelines 2024-25
SOIL_REC_00919,Soybean,1,0,15,6.98,0.64,1.03,501.9,44.0,152.9,14.3,0.41,5.86,Alluvial,Medium,High,Medium,10.8,0.0,16.0,23.5,0.0,26.7,0.0,0.0,0.0,Nitrogen,NONE,"ICAR-IISS / Soil Health Card Portal (DAC&FW, GoI)",ICAR Soil Test Crop Response (STCR) Database & National Fertilizer Guidelines 2024-25
SOIL_REC_00920,Soybean,2,15,30,5.67,1.49,0.23,453.6,15.1,250.8,27.3,1.56,10.65,Alluvial,Medium,Medium,Medium,12.0,24.0,16.0,26.1,0.0,26.7,150.0,0.0,0.0,Nitrogen,ACIDIC_PH,"ICAR-IISS / Soil Health Card Portal (DAC&FW, GoI)",ICAR Soil Test Crop Response (STCR) Database & National Fertilizer Guidelines 2024-25
SOIL_REC_00921,Soybean,3,30,60,6.46,1.46,0.2,60.6,16.3,115.9,29.8,1.69,11.61,Alluvial,Low,Medium,Low,15.0,24.0,20.0,12.2,52.2,33.3,0.0,0.0,0.0,Nitrogen,NONE,"ICAR-IISS / Soil Health Card Portal (DAC&FW, GoI)",ICAR Soil Test Crop Response (STCR) Database & National Fertilizer Guidelines 2024-25
SOIL_REC_00922,Soybean,1,0,15,8.22,0.29,0.59,428.9,26.5,218.1,21.2,0.73,5.86,Alluvial,Medium,High,Medium,12.0,0.0,16.0,26.1,0.0,26.7,0.0,0.0,0.0,Nitrogen,ALKALINE_PH,"ICAR-IISS / Soil Health Card Portal (DAC&FW, GoI)",ICAR Soil Test Crop Response (STCR) Database & National Fertilizer Guidelines 2024-25
SOIL_REC_00923,Soybean,2,15,30,5.52,2.51,0.25,222.9,7.7,200.4,6.4,1.02,3.96,Alluvial,Low,Low,Medium,15.0,31.2,16.0,32.6,0.0,32.0,195.0,0.0,0.0,Nitrogen,HIGH_EC_SALINITY;ACIDIC_PH;ELEVATED_SALINITY,"ICAR-IISS / Soil Health Card Portal (DAC&FW, GoI)",ICAR Soil Test Crop Response (STCR) Database & National Fertilizer Guidelines 2024-25
SOIL_REC_00924,Soybean,3,30,60,5.91,1.47,0.15,224.2,7.7,116.2,12.4,0.89,4.23,Alluvial,Low,Low,Low,15.0,31.2,20.0,32.6,0.0,33.3,195.0,0.0,0.0,Nitrogen,ACIDIC_PH,"ICAR-IISS / Soil Health Card Portal (DAC&FW, GoI)",ICAR Soil Test Crop Response (STCR) Database & National Fertilizer Guidelines 2024-25
SOIL_REC_00925,Soybean,1,0,15,5.86,1.34,0.95,200.9,20.9,246.2,14.1,1.59,4.39,Clay loam,Low,Medium,Medium,13.8,24.0,16.0,30.0,0.0,26.7,150.0,0.0,0.0,Nitrogen,ACIDIC_PH,"ICAR-IISS / Soil Health Card Portal (DAC&FW, GoI)",ICAR Soil Test Crop Response (STCR) Database & National Fertilizer Guidelines 2024-25
SOIL_REC_00926,Soybean,2,15,30,6.13,0.3,0.39,369.0,32.9,110.8,9.6,0.97,8.82,Clay loam,Medium,High,Low,12.0,0.0,20.0,26.1,0.0,33.3,0.0,0.0,40.0,Potassium,NONE,"ICAR-IISS / Soil Health Card Portal (DAC&FW, GoI)",ICAR Soil Test Crop Response (STCR) Database & National Fertilizer Guidelines 2024-25
SOIL_REC_00927,Soybean,3,30,60,6.38,1.29,0.34,260.0,18.0,103.5,25.4,1.61,7.27,Clay loam,Low,Medium,Low,15.0,24.0,20.0,12.2,52.2,33.3,0.0,0.0,0.0,Nitrogen,NONE,"ICAR-IISS / Soil Health Card Portal (DAC&FW, GoI)",ICAR Soil Test Crop Response (STCR) Database & National Fertilizer Guidelines 2024-25
SOIL_REC_00928,Soybean,1,0,15,8.28,1.21,0.25,173.9,6.9,146.0,18.0,1.43,4.75,Red soil,Low,Low,Medium,15.0,31.2,16.0,6.1,67.8,26.7,0.0,0.0,0.0,Nitrogen,ALKALINE_PH,"ICAR-IISS / Soil Health Card Portal (DAC&FW, GoI)",ICAR Soil Test Crop Response (STCR) Database & National Fertilizer Guidelines 2024-25
SOIL_REC_00929,Soybean,2,15,30,7.74,1.09,0.81,366.5,18.2,145.7,17.6,1.42,4.85,Red soil,Medium,Medium,Medium,10.8,24.0,16.0,3.0,52.2,26.7,0.0,0.0,0.0,Nitrogen,NONE,"ICAR-IISS / Soil Health Card Portal (DAC&FW, GoI)",ICAR Soil Test Crop Response (STCR) Database & National Fertilizer Guidelines 2024-25
SOIL_REC_00930,Soybean,3,30,60,6.0,1.53,0.19,251.7,21.1,224.0,10.9,1.51,4.38,Red soil,Low,Medium,Medium,15.0,24.0,16.0,32.6,0.0,26.7,150.0,0.0,0.0,Nitrogen,NONE,"ICAR-IISS / Soil Health Card Portal (DAC&FW, GoI)",ICAR Soil Test Crop Response (STCR) Database & National Fertilizer Guidelines 2024-25
SOIL_REC_00931,Soybean,1,0,15,8.08,0.47,0.84,425.6,13.9,397.8,21.6,0.44,3.64,Red soil,Medium,Medium,High,10.8,24.0,0.0,3.0,52.2,0.0,0.0,0.0,0.0,Nitrogen,ALKALINE_PH,"ICAR-IISS / Soil Health Card Portal (DAC&FW, GoI)",ICAR Soil Test Crop Response (STCR) Database & National Fertilizer Guidelines 2024-25
SOIL_REC_00932,Soybean,2,15,30,6.82,0.91,0.25,144.8,5.1,121.4,28.2,0.81,7.49,Red soil,Low,Low,Low,15.0,31.2,20.0,6.1,67.8,33.3,0.0,0.0,0.0,Nitrogen,NONE,"ICAR-IISS / Soil Health Card Portal (DAC&FW, GoI)",ICAR Soil Test Crop Response (STCR) Database & National Fertilizer Guidelines 2024-25
SOIL_REC_00933,Soybean,3,30,60,7.81,2.75,0.18,166.5,4.3,121.9,5.4,0.38,5.95,Red soil,Low,Low,Low,15.0,31.2,20.0,32.6,0.0,40.0,195.0,0.0,0.0,Nitrogen,HIGH_EC_SALINITY;ELEVATED_SALINITY,"ICAR-IISS / Soil Health Card Portal (DAC&FW, GoI)",ICAR Soil Test Crop Response (STCR) Database & National Fertilizer Guidelines 2024-25
SOIL_REC_00934,Soybean,1,0,15,7.85,0.84,1.0,210.9,6.0,327.8,13.0,0.66,5.16,Clay loam,Low,Low,Medium,13.8,31.2,16.0,3.5,67.8,26.7,0.0,0.0,0.0,Nitrogen,NONE,"ICAR-IISS / Soil Health Card Portal (DAC&FW, GoI)",ICAR Soil Test Crop Response (STCR) Database & National Fertilizer Guidelines 2024-25
SOIL_REC_00935,Soybean,2,15,30,7.5,1.32,0.29,274.2,15.0,97.6,22.7,1.29,9.82,Clay loam,Low,Medium,Low,15.0,24.0,20.0,12.2,52.2,33.3,0.0,0.0,0.0,Nitrogen,NONE,"ICAR-IISS / Soil Health Card Portal (DAC&FW, GoI)",ICAR Soil Test Crop Response (STCR) Database & National Fertilizer Guidelines 2024-25
SOIL_REC_00936,Soybean,3,30,60,5.93,1.14,0.46,245.7,15.4,153.8,10.7,0.64,8.05,Clay loam,Low,Medium,Medium,15.0,24.0,16.0,32.6,0.0,26.7,150.0,0.0,0.0,Nitrogen,ACIDIC_PH,"ICAR-IISS / Soil Health Card Portal (DAC&FW, GoI)",ICAR Soil Test Crop Response (STCR) Database & National Fertilizer Guidelines 2024-25
SOIL_REC_00937,Soybean,1,0,15,8.43,0.54,0.86,180.2,30.6,418.4,22.3,0.5,9.19,Sandy loam,Low,High,High,13.8,0.0,0.0,30.0,0.0,0.0,0.0,0.0,0.0,Nitrogen,ALKALINE_PH;HIGH_LEACHING_TEXTURE,"ICAR-IISS / Soil Health Card Portal (DAC&FW, GoI)",ICAR Soil Test Crop Response (STCR) Database & National Fertilizer Guidelines 2024-25
SOIL_REC_00938,Soybean,2,15,30,8.55,0.39,0.5,218.6,27.3,334.7,9.7,1.35,2.92,Sandy loam,Low,High,Medium,15.0,0.0,16.0,32.6,0.0,26.7,0.0,0.0,40.0,Nitrogen,ALKALINE_PH;HIGH_LEACHING_TEXTURE,"ICAR-IISS / Soil Health Card Portal (DAC&FW, GoI)",ICAR Soil Test Crop Response (STCR) Database & National Fertilizer Guidelines 2024-25
SOIL_REC_00939,Soybean,3,30,60,6.13,1.63,0.19,279.3,20.9,208.2,31.3,1.63,6.76,Sandy loam,Low,Medium,Medium,15.0,24.0,16.0,32.6,0.0,26.7,150.0,0.0,0.0,Nitrogen,HIGH_LEACHING_TEXTURE,"ICAR-IISS / Soil Health Card Portal (DAC&FW, GoI)",ICAR Soil Test Crop Response (STCR) Database & National Fertilizer Guidelines 2024-25
SOIL_REC_00940,Soybean,1,0,15,5.89,1.33,0.61,381.9,46.0,374.7,8.7,0.64,11.69,Red soil,Medium,High,High,12.0,0.0,0.0,26.1,0.0,0.0,0.0,0.0,40.0,Nitrogen,ACIDIC_PH,"ICAR-IISS / Soil Health Card Portal (DAC&FW, GoI)",ICAR Soil Test Crop Response (STCR) Database & National Fertilizer Guidelines 2024-25
SOIL_REC_00941,Soybean,2,15,30,6.46,2.69,0.16,454.7,10.5,287.4,17.9,1.05,7.38,Red soil,Medium,Medium,Medium,12.0,24.0,16.0,5.7,52.2,32.0,0.0,0.0,0.0,Nitrogen,HIGH_EC_SALINITY;ELEVATED_SALINITY,"ICAR-IISS / Soil Health Card Portal (DAC&FW, GoI)",ICAR Soil Test Crop Response (STCR) Database & National Fertilizer Guidelines 2024-25
SOIL_REC_00942,Soybean,3,30,60,5.75,1.34,0.32,200.6,11.2,154.3,9.8,0.21,7.93,Red soil,Low,Medium,Medium,15.0,24.0,16.0,32.6,0.0,26.7,150.0,0.0,0.0,Nitrogen,ACIDIC_PH,"ICAR-IISS / Soil Health Card Portal (DAC&FW, GoI)",ICAR Soil Test Crop Response (STCR) Database & National Fertilizer Guidelines 2024-25
SOIL_REC_00943,Soybean,1,0,15,7.8,2.49,0.9,347.7,35.7,279.0,12.5,0.55,9.23,Alluvial,Medium,High,Medium,10.8,0.0,16.0,23.5,0.0,32.0,0.0,0.0,0.0,Nitrogen,HIGH_EC_SALINITY;ELEVATED_SALINITY,"ICAR-IISS / Soil Health Card Portal (DAC&FW, GoI)",ICAR Soil Test Crop Response (STCR) Database & National Fertilizer Guidelines 2024-25
SOIL_REC_00944,Soybean,2,15,30,7.32,0.64,0.14,179.3,5.7,107.5,28.7,1.68,5.07,Alluvial,Low,Low,Low,15.0,31.2,20.0,6.1,67.8,33.3,0.0,0.0,0.0,Nitrogen,NONE,"ICAR-IISS / Soil Health Card Portal (DAC&FW, GoI)",ICAR Soil Test Crop Response (STCR) Database & National Fertilizer Guidelines 2024-25
SOIL_REC_00945,Soybean,3,30,60,8.11,1.87,0.19,265.9,14.2,45.3,13.7,1.17,6.01,Alluvial,Low,Medium,Low,15.0,24.0,20.0,12.2,52.2,33.3,0.0,0.0,0.0,Nitrogen,ALKALINE_PH;ELEVATED_SALINITY,"ICAR-IISS / Soil Health Card Portal (DAC&FW, GoI)",ICAR Soil Test Crop Response (STCR) Database & National Fertilizer Guidelines 2024-25
SOIL_REC_00946,Soybean,1,0,15,8.62,2.5,0.4,186.8,43.7,196.2,31.6,1.2,2.6,Sandy loam,Low,High,Medium,15.0,0.0,16.0,32.6,0.0,32.0,0.0,0.0,0.0,Nitrogen,HIGH_EC_SALINITY;ALKALINE_PH;ELEVATED_SALINITY;HIGH_LEACHING_TEXTURE,"ICAR-IISS / Soil Health Card Portal (DAC&FW, GoI)",ICAR Soil Test Crop Response (STCR) Database & National Fertilizer Guidelines 2024-25
SOIL_REC_00947,Soybean,2,15,30,6.67,2.1,0.31,186.0,5.0,245.0,28.3,1.7,8.04,Sandy loam,Low,Low,Medium,15.0,31.2,16.0,6.1,67.8,32.0,0.0,0.0,0.0,Nitrogen,HIGH_EC_SALINITY;ELEVATED_SALINITY;HIGH_LEACHING_TEXTURE,"ICAR-IISS / Soil Health Card Portal (DAC&FW, GoI)",ICAR Soil Test Crop Response (STCR) Database & National Fertilizer Guidelines 2024-25
SOIL_REC_00948,Soybean,3,30,60,7.88,1.99,0.52,124.3,16.2,153.8,9.8,0.91,5.58,Sandy loam,Low,Medium,Medium,15.0,24.0,16.0,32.6,0.0,26.7,150.0,0.0,0.0,Nitrogen,ELEVATED_SALINITY;HIGH_LEACHING_TEXTURE,"ICAR-IISS / Soil Health Card Portal (DAC&FW, GoI)",ICAR Soil Test Crop Response (STCR) Database & National Fertilizer Guidelines 2024-25
SOIL_REC_00949,Soybean,1,0,15,7.42,2.3,0.87,197.8,15.7,351.5,14.3,1.64,3.39,Loam,Low,Medium,High,13.8,24.0,0.0,9.6,52.2,0.0,0.0,0.0,0.0,Nitrogen,ELEVATED_SALINITY,"ICAR-IISS / Soil Health Card Portal (DAC&FW, GoI)",ICAR Soil Test Crop Response (STCR) Database & National Fertilizer Guidelines 2024-25
SOIL_REC_00950,Soybean,2,15,30,6.1,0.68,0.73,160.8,20.0,264.5,22.1,0.23,4.05,Loam,Low,Medium,Medium,15.0,24.0,16.0,32.6,0.0,26.7,150.0,0.0,0.0,Nitrogen,NONE,"ICAR-IISS / Soil Health Card Portal (DAC&FW, GoI)",ICAR Soil Test Crop Response (STCR) Database & National Fertilizer Guidelines 2024-25
SOIL_REC_00951,Soybean,3,30,60,6.09,1.22,0.36,77.4,4.5,89.1,29.5,1.75,3.45,Loam,Low,Low,Low,15.0,31.2,20.0,32.6,0.0,33.3,195.0,0.0,0.0,Nitrogen,NONE,"ICAR-IISS / Soil Health Card Portal (DAC&FW, GoI)",ICAR Soil Test Crop Response (STCR) Database & National Fertilizer Guidelines 2024-25
SOIL_REC_00952,Soybean,1,0,15,5.95,2.15,0.16,169.9,22.1,129.6,4.4,1.53,11.38,Alluvial,Low,Medium,Low,15.0,24.0,20.0,32.6,0.0,40.0,150.0,0.0,0.0,Nitrogen,HIGH_EC_SALINITY;ACIDIC_PH;ELEVATED_SALINITY,"ICAR-IISS / Soil Health Card Portal (DAC&FW, GoI)",ICAR Soil Test Crop Response (STCR) Database & National Fertilizer Guidelines 2024-25
SOIL_REC_00953,Soybean,2,15,30,5.94,2.2,0.3,442.0,23.4,281.4,4.3,1.47,7.65,Alluvial,Medium,Medium,Medium,12.0,24.0,16.0,26.1,0.0,32.0,150.0,0.0,0.0,Nitrogen,HIGH_EC_SALINITY;ACIDIC_PH;ELEVATED_SALINITY,"ICAR-IISS / Soil Health Card Portal (DAC&FW, GoI)",ICAR Soil Test Crop Response (STCR) Database & National Fertilizer Guidelines 2024-25
SOIL_REC_00954,Soybean,3,30,60,8.2,2.42,0.12,94.8,19.0,205.6,26.8,0.69,7.05,Alluvial,Low,Medium,Medium,15.0,24.0,16.0,12.2,52.2,32.0,0.0,0.0,0.0,Nitrogen,HIGH_EC_SALINITY;ALKALINE_PH;ELEVATED_SALINITY,"ICAR-IISS / Soil Health Card Portal (DAC&FW, GoI)",ICAR Soil Test Crop Response (STCR) Database & National Fertilizer Guidelines 2024-25
SOIL_REC_00955,Soybean,1,0,15,5.68,2.0,0.75,181.5,40.6,127.0,12.3,1.02,10.45,Loam,Low,High,Low,15.0,0.0,20.0,32.6,0.0,33.3,0.0,0.0,0.0,Nitrogen,ACIDIC_PH;ELEVATED_SALINITY,"ICAR-IISS / Soil Health Card Portal (DAC&FW, GoI)",ICAR Soil Test Crop Response (STCR) Database & National Fertilizer Guidelines 2024-25
SOIL_REC_00956,Soybean,2,15,30,5.97,2.57,0.13,250.2,9.1,244.4,10.3,1.61,6.16,Loam,Low,Low,Medium,15.0,31.2,16.0,32.6,0.0,32.0,195.0,0.0,0.0,Nitrogen,HIGH_EC_SALINITY;ACIDIC_PH;ELEVATED_SALINITY,"ICAR-IISS / Soil Health Card Portal (DAC&FW, GoI)",ICAR Soil Test Crop Response (STCR) Database & National Fertilizer Guidelines 2024-25
SOIL_REC_00957,Soybean,3,30,60,8.42,2.34,0.13,102.4,5.3,63.3,30.8,0.77,8.35,Loam,Low,Low,Low,15.0,31.2,20.0,6.1,67.8,40.0,0.0,0.0,0.0,Nitrogen,HIGH_EC_SALINITY;ALKALINE_PH;ELEVATED_SALINITY,"ICAR-IISS / Soil Health Card Portal (DAC&FW, GoI)",ICAR Soil Test Crop Response (STCR) Database & National Fertilizer Guidelines 2024-25
SOIL_REC_00958,Soybean,1,0,15,6.69,2.6,0.23,141.7,12.3,244.3,13.4,0.49,6.54,Sandy loam,Low,Medium,Medium,15.0,24.0,16.0,12.2,52.2,32.0,0.0,0.0,0.0,Nitrogen,HIGH_EC_SALINITY;ELEVATED_SALINITY;HIGH_LEACHING_TEXTURE,"ICAR-IISS / Soil Health Card Portal (DAC&FW, GoI)",ICAR Soil Test Crop Response (STCR) Database & National Fertilizer Guidelines 2024-25
SOIL_REC_00959,Soybean,2,15,30,8.45,1.99,0.56,197.6,32.1,140.7,18.0,0.79,5.02,Sandy loam,Low,High,Low,15.0,0.0,20.0,32.6,0.0,33.3,0.0,0.0,0.0,Nitrogen,ALKALINE_PH;ELEVATED_SALINITY;HIGH_LEACHING_TEXTURE,"ICAR-IISS / Soil Health Card Portal (DAC&FW, GoI)",ICAR Soil Test Crop Response (STCR) Database & National Fertilizer Guidelines 2024-25
SOIL_REC_00960,Soybean,3,30,60,8.49,2.28,0.45,275.4,23.5,185.0,8.1,0.44,6.74,Sandy loam,Low,Medium,Medium,15.0,24.0,16.0,32.6,0.0,32.0,150.0,0.0,0.0,Nitrogen,HIGH_EC_SALINITY;ALKALINE_PH;ELEVATED_SALINITY;HIGH_LEACHING_TEXTURE,"ICAR-IISS / Soil Health Card Portal (DAC&FW, GoI)",ICAR Soil Test Crop Response (STCR) Database & National Fertilizer Guidelines 2024-25
SOIL_REC_00961,Soybean,1,0,15,8.19,0.49,0.56,483.4,12.1,206.3,7.6,1.43,5.85,Black soil,Medium,Medium,Medium,12.0,24.0,16.0,26.1,0.0,26.7,150.0,0.0,0.0,Nitrogen,ALKALINE_PH,"ICAR-IISS / Soil Health Card Portal (DAC&FW, GoI)",ICAR Soil Test Crop Response (STCR) Database & National Fertilizer Guidelines 2024-25
SOIL_REC_00962,Soybean,2,15,30,7.13,1.45,0.81,315.7,24.6,104.8,30.4,1.67,6.14,Black soil,Medium,Medium,Low,10.8,24.0,20.0,3.0,52.2,33.3,0.0,0.0,0.0,Potassium,NONE,"ICAR-IISS / Soil Health Card Portal (DAC&FW, GoI)",ICAR Soil Test Crop Response (STCR) Database & National Fertilizer Guidelines 2024-25
SOIL_REC_00963,Soybean,3,30,60,7.31,1.6,0.31,194.1,7.8,60.1,24.0,1.04,9.88,Black soil,Low,Low,Low,15.0,31.2,20.0,6.1,67.8,33.3,0.0,0.0,0.0,Nitrogen,NONE,"ICAR-IISS / Soil Health Card Portal (DAC&FW, GoI)",ICAR Soil Test Crop Response (STCR) Database & National Fertilizer Guidelines 2024-25
SOIL_REC_00964,Soybean,1,0,15,6.22,0.43,0.49,221.6,41.7,220.5,17.3,0.41,3.55,Red soil,Low,High,Medium,15.0,0.0,16.0,32.6,0.0,26.7,0.0,0.0,0.0,Nitrogen,NONE,"ICAR-IISS / Soil Health Card Portal (DAC&FW, GoI)",ICAR Soil Test Crop Response (STCR) Database & National Fertilizer Guidelines 2024-25
SOIL_REC_00965,Soybean,2,15,30,8.51,1.14,0.72,382.0,8.9,191.8,27.4,1.08,11.35,Red soil,Medium,Low,Medium,12.0,31.2,16.0,0.0,67.8,26.7,0.0,0.0,0.0,Phosphorus,ALKALINE_PH,"ICAR-IISS / Soil Health Card Portal (DAC&FW, GoI)",ICAR Soil Test Crop Response (STCR) Database & National Fertilizer Guidelines 2024-25
SOIL_REC_00966,Soybean,3,30,60,6.89,0.75,0.18,246.7,5.5,170.2,8.0,1.37,9.11,Red soil,Low,Low,Medium,15.0,31.2,16.0,32.6,0.0,26.7,195.0,0.0,0.0,Nitrogen,NONE,"ICAR-IISS / Soil Health Card Portal (DAC&FW, GoI)",ICAR Soil Test Crop Response (STCR) Database & National Fertilizer Guidelines 2024-25
SOIL_REC_00967,Soybean,1,0,15,6.73,2.02,0.78,156.9,41.2,403.4,4.8,0.78,3.25,Black soil,Low,High,High,15.0,0.0,0.0,32.6,0.0,0.0,0.0,0.0,40.0,Nitrogen,ELEVATED_SALINITY,"ICAR-IISS / Soil Health Card Portal (DAC&FW, GoI)",ICAR Soil Test Crop Response (STCR) Database & National Fertilizer Guidelines 2024-25
SOIL_REC_00968,Soybean,2,15,30,5.75,1.68,0.69,146.1,10.2,268.3,24.9,1.32,5.35,Black soil,Low,Medium,Medium,15.0,24.0,16.0,32.6,0.0,26.7,150.0,0.0,0.0,Nitrogen,ACIDIC_PH,"ICAR-IISS / Soil Health Card Portal (DAC&FW, GoI)",ICAR Soil Test Crop Response (STCR) Database & National Fertilizer Guidelines 2024-25
SOIL_REC_00969,Soybean,3,30,60,6.86,1.08,0.45,233.8,9.0,73.1,28.7,0.25,9.64,Black soil,Low,Low,Low,15.0,31.2,20.0,6.1,67.8,33.3,0.0,0.0,0.0,Nitrogen,NONE,"ICAR-IISS / Soil Health Card Portal (DAC&FW, GoI)",ICAR Soil Test Crop Response (STCR) Database & National Fertilizer Guidelines 2024-25
SOIL_REC_00970,Soybean,1,0,15,6.03,1.23,0.55,594.1,25.1,346.1,11.2,1.12,5.41,Alluvial,High,High,High,4.8,0.0,0.0,10.4,0.0,0.0,0.0,0.0,0.0,Nitrogen,NONE,"ICAR-IISS / Soil Health Card Portal (DAC&FW, GoI)",ICAR Soil Test Crop Response (STCR) Database & National Fertilizer Guidelines 2024-25
SOIL_REC_00971,Soybean,2,15,30,6.25,2.62,0.31,124.5,16.4,324.3,24.8,0.84,3.03,Alluvial,Low,Medium,Medium,15.0,24.0,16.0,12.2,52.2,32.0,0.0,0.0,0.0,Nitrogen,HIGH_EC_SALINITY;ELEVATED_SALINITY,"ICAR-IISS / Soil Health Card Portal (DAC&FW, GoI)",ICAR Soil Test Crop Response (STCR) Database & National Fertilizer Guidelines 2024-25
SOIL_REC_00972,Soybean,3,30,60,6.79,2.34,0.54,211.3,4.6,169.6,17.4,1.24,6.35,Alluvial,Low,Low,Medium,15.0,31.2,16.0,6.1,67.8,32.0,0.0,0.0,0.0,Nitrogen,HIGH_EC_SALINITY;ELEVATED_SALINITY,"ICAR-IISS / Soil Health Card Portal (DAC&FW, GoI)",ICAR Soil Test Crop Response (STCR) Database & National Fertilizer Guidelines 2024-25
SOIL_REC_00973,Soybean,1,0,15,6.04,2.29,0.76,217.4,10.6,118.0,20.9,1.55,2.77,Black soil,Low,Medium,Low,15.0,24.0,20.0,32.6,0.0,40.0,150.0,0.0,0.0,Nitrogen,HIGH_EC_SALINITY;ELEVATED_SALINITY,"ICAR-IISS / Soil Health Card Portal (DAC&FW, GoI)",ICAR Soil Test Crop Response (STCR) Database & National Fertilizer Guidelines 2024-25
SOIL_REC_00974,Soybean,2,15,30,6.43,1.61,0.16,313.9,28.3,151.0,19.4,1.22,2.81,Black soil,Medium,High,Medium,12.0,0.0,16.0,26.1,0.0,26.7,0.0,0.0,0.0,Nitrogen,NONE,"ICAR-IISS / Soil Health Card Portal (DAC&FW, GoI)",ICAR Soil Test Crop Response (STCR) Database & National Fertilizer Guidelines 2024-25
SOIL_REC_00975,Soybean,3,30,60,6.39,2.74,0.34,200.9,19.6,53.2,12.8,1.71,2.58,Black soil,Low,Medium,Low,15.0,24.0,20.0,12.2,52.2,40.0,0.0,0.0,0.0,Nitrogen,HIGH_EC_SALINITY;ELEVATED_SALINITY,"ICAR-IISS / Soil Health Card Portal (DAC&FW, GoI)",ICAR Soil Test Crop Response (STCR) Database & National Fertilizer Guidelines 2024-25
SOIL_REC_00976,Soybean,1,0,15,7.98,2.69,0.63,277.2,22.4,218.1,7.6,1.28,5.65,Clay loam,Low,Medium,Medium,15.0,24.0,16.0,32.6,0.0,32.0,150.0,0.0,0.0,Nitrogen,HIGH_EC_SALINITY;ELEVATED_SALINITY,"ICAR-IISS / Soil Health Card Portal (DAC&FW, GoI)",ICAR Soil Test Crop Response (STCR) Database & National Fertilizer Guidelines 2024-25
SOIL_REC_00977,Soybean,2,15,30,8.46,1.51,0.47,380.6,5.2,282.4,17.4,1.59,2.86,Clay loam,Medium,Low,Medium,12.0,31.2,16.0,0.0,67.8,26.7,0.0,0.0,0.0,Phosphorus,ALKALINE_PH,"ICAR-IISS / Soil Health Card Portal (DAC&FW, GoI)",ICAR Soil Test Crop Response (STCR) Database & National Fertilizer Guidelines 2024-25
SOIL_REC_00978,Soybean,3,30,60,6.03,1.97,0.11,216.5,23.0,86.7,10.0,1.29,3.84,Clay loam,Low,Medium,Low,15.0,24.0,20.0,32.6,0.0,33.3,150.0,0.0,0.0,Nitrogen,ELEVATED_SALINITY,"ICAR-IISS / Soil Health Card Portal (DAC&FW, GoI)",ICAR Soil Test Crop Response (STCR) Database & National Fertilizer Guidelines 2024-25
SOIL_REC_00979,Soybean,1,0,15,6.03,2.71,0.64,484.4,33.4,424.9,13.6,1.46,5.72,Red soil,Medium,High,High,12.0,0.0,0.0,26.1,0.0,0.0,0.0,0.0,0.0,Nitrogen,ELEVATED_SALINITY,"ICAR-IISS / Soil Health Card Portal (DAC&FW, GoI)",ICAR Soil Test Crop Response (STCR) Database & National Fertilizer Guidelines 2024-25
SOIL_REC_00980,Soybean,2,15,30,6.69,2.43,0.42,424.0,28.9,172.2,9.8,1.18,3.21,Red soil,Medium,High,Medium,12.0,0.0,16.0,26.1,0.0,32.0,0.0,0.0,40.0,Nitrogen,HIGH_EC_SALINITY;ELEVATED_SALINITY,"ICAR-IISS / Soil Health Card Portal (DAC&FW, GoI)",ICAR Soil Test Crop Response (STCR) Database & National Fertilizer Guidelines 2024-25
SOIL_REC_00981,Soybean,3,30,60,6.0,1.83,0.31,261.2,6.0,201.7,19.3,1.75,9.92,Red soil,Low,Low,Medium,15.0,31.2,16.0,32.6,0.0,26.7,195.0,0.0,0.0,Nitrogen,ELEVATED_SALINITY,"ICAR-IISS / Soil Health Card Portal (DAC&FW, GoI)",ICAR Soil Test Crop Response (STCR) Database & National Fertilizer Guidelines 2024-25
SOIL_REC_00982,Soybean,1,0,15,7.15,1.38,0.31,267.8,8.9,297.5,13.9,0.31,9.25,Sandy loam,Low,Low,Medium,15.0,31.2,16.0,6.1,67.8,26.7,0.0,0.0,0.0,Nitrogen,HIGH_LEACHING_TEXTURE,"ICAR-IISS / Soil Health Card Portal (DAC&FW, GoI)",ICAR Soil Test Crop Response (STCR) Database & National Fertilizer Guidelines 2024-25
SOIL_REC_00983,Soybean,2,15,30,7.02,2.76,0.81,376.2,18.4,317.0,30.3,1.75,7.14,Sandy loam,Medium,Medium,Medium,10.8,24.0,16.0,3.0,52.2,32.0,0.0,0.0,0.0,Nitrogen,HIGH_EC_SALINITY;ELEVATED_SALINITY;HIGH_LEACHING_TEXTURE,"ICAR-IISS / Soil Health Card Portal (DAC&FW, GoI)",ICAR Soil Test Crop Response (STCR) Database & National Fertilizer Guidelines 2024-25
SOIL_REC_00984,Soybean,3,30,60,6.7,0.95,0.27,214.9,17.3,124.3,18.3,1.2,5.48,Sandy loam,Low,Medium,Low,15.0,24.0,20.0,12.2,52.2,33.3,0.0,0.0,0.0,Nitrogen,HIGH_LEACHING_TEXTURE,"ICAR-IISS / Soil Health Card Portal (DAC&FW, GoI)",ICAR Soil Test Crop Response (STCR) Database & National Fertilizer Guidelines 2024-25
SOIL_REC_00985,Soybean,1,0,15,7.75,1.52,0.4,557.8,34.7,313.4,22.0,1.39,4.83,Sandy loam,Medium,High,Medium,12.0,0.0,16.0,26.1,0.0,26.7,0.0,0.0,0.0,Nitrogen,HIGH_LEACHING_TEXTURE,"ICAR-IISS / Soil Health Card Portal (DAC&FW, GoI)",ICAR Soil Test Crop Response (STCR) Database & National Fertilizer Guidelines 2024-25
SOIL_REC_00986,Soybean,2,15,30,8.21,0.22,0.72,199.0,9.5,175.3,6.0,0.82,6.89,Sandy loam,Low,Low,Medium,15.0,31.2,16.0,32.6,0.0,26.7,195.0,0.0,0.0,Nitrogen,ALKALINE_PH;HIGH_LEACHING_TEXTURE,"ICAR-IISS / Soil Health Card Portal (DAC&FW, GoI)",ICAR Soil Test Crop Response (STCR) Database & National Fertilizer Guidelines 2024-25
SOIL_REC_00987,Soybean,3,30,60,5.81,1.41,0.38,285.0,12.8,60.4,24.5,1.67,11.26,Sandy loam,Medium,Medium,Low,12.0,24.0,20.0,26.1,0.0,33.3,150.0,0.0,0.0,Potassium,ACIDIC_PH;HIGH_LEACHING_TEXTURE,"ICAR-IISS / Soil Health Card Portal (DAC&FW, GoI)",ICAR Soil Test Crop Response (STCR) Database & National Fertilizer Guidelines 2024-25
SOIL_REC_00988,Soybean,1,0,15,6.16,1.05,0.45,618.2,26.4,342.8,17.3,0.65,2.86,Black soil,High,High,High,4.8,0.0,0.0,10.4,0.0,0.0,0.0,0.0,0.0,Nitrogen,NONE,"ICAR-IISS / Soil Health Card Portal (DAC&FW, GoI)",ICAR Soil Test Crop Response (STCR) Database & National Fertilizer Guidelines 2024-25
SOIL_REC_00989,Soybean,2,15,30,6.01,1.42,0.57,210.1,5.5,229.8,14.6,1.7,5.93,Black soil,Low,Low,Medium,15.0,31.2,16.0,32.6,0.0,26.7,195.0,0.0,0.0,Nitrogen,NONE,"ICAR-IISS / Soil Health Card Portal (DAC&FW, GoI)",ICAR Soil Test Crop Response (STCR) Database & National Fertilizer Guidelines 2024-25
SOIL_REC_00990,Soybean,3,30,60,6.92,1.43,0.1,277.0,23.0,168.1,11.6,1.22,3.29,Black soil,Low,Medium,Medium,15.0,24.0,16.0,32.6,0.0,26.7,150.0,0.0,0.0,Nitrogen,NONE,"ICAR-IISS / Soil Health Card Portal (DAC&FW, GoI)",ICAR Soil Test Crop Response (STCR) Database & National Fertilizer Guidelines 2024-25
SOIL_REC_00991,Groundnut,1,0,15,6.4,0.41,0.98,345.7,23.6,167.1,29.0,0.49,3.01,Sandy loam,Medium,Medium,Medium,9.0,20.0,20.0,2.6,43.5,33.3,0.0,0.0,0.0,Nitrogen,HIGH_LEACHING_TEXTURE,"ICAR-IISS / Soil Health Card Portal (DAC&FW, GoI)",ICAR Soil Test Crop Response (STCR) Database & National Fertilizer Guidelines 2024-25
SOIL_REC_00992,Groundnut,2,15,30,8.45,1.31,0.8,201.3,10.8,321.8,17.5,1.06,9.95,Sandy loam,Low,Medium,Medium,12.5,20.0,20.0,10.2,43.5,33.3,0.0,0.0,0.0,Nitrogen,ALKALINE_PH;HIGH_LEACHING_TEXTURE,"ICAR-IISS / Soil Health Card Portal (DAC&FW, GoI)",ICAR Soil Test Crop Response (STCR) Database & National Fertilizer Guidelines 2024-25
SOIL_REC_00993,Groundnut,3,30,60,8.69,1.34,0.51,202.6,20.3,146.0,29.0,0.52,9.37,Sandy loam,Low,Medium,Medium,12.5,20.0,20.0,10.2,43.5,33.3,0.0,0.0,0.0,Nitrogen,ALKALINE_PH;HIGH_LEACHING_TEXTURE,"ICAR-IISS / Soil Health Card Portal (DAC&FW, GoI)",ICAR Soil Test Crop Response (STCR) Database & National Fertilizer Guidelines 2024-25
SOIL_REC_00994,Groundnut,1,0,15,7.53,1.04,1.09,589.5,37.2,355.2,12.9,0.44,6.86,Alluvial,High,High,High,3.0,0.0,0.0,6.5,0.0,0.0,0.0,0.0,0.0,Nitrogen,NONE,"ICAR-IISS / Soil Health Card Portal (DAC&FW, GoI)",ICAR Soil Test Crop Response (STCR) Database & National Fertilizer Guidelines 2024-25
SOIL_REC_00995,Groundnut,2,15,30,5.99,2.45,0.19,453.7,17.3,208.1,4.1,0.92,10.41,Alluvial,Medium,Medium,Medium,10.0,20.0,20.0,21.7,0.0,40.0,125.0,0.0,0.0,Nitrogen,HIGH_EC_SALINITY;ACIDIC_PH;ELEVATED_SALINITY,"ICAR-IISS / Soil Health Card Portal (DAC&FW, GoI)",ICAR Soil Test Crop Response (STCR) Database & National Fertilizer Guidelines 2024-25
SOIL_REC_00996,Groundnut,3,30,60,5.91,1.37,0.54,84.4,7.6,221.2,15.8,1.07,4.08,Alluvial,Low,Low,Medium,12.5,26.0,20.0,27.2,0.0,33.3,162.5,0.0,0.0,Nitrogen,ACIDIC_PH,"ICAR-IISS / Soil Health Card Portal (DAC&FW, GoI)",ICAR Soil Test Crop Response (STCR) Database & National Fertilizer Guidelines 2024-25
SOIL_REC_00997,Groundnut,1,0,15,6.21,0.75,0.33,459.8,46.1,223.3,14.2,0.68,5.42,Black soil,Medium,High,Medium,10.0,0.0,20.0,21.7,0.0,33.3,0.0,0.0,0.0,Nitrogen,NONE,"ICAR-IISS / Soil Health Card Portal (DAC&FW, GoI)",ICAR Soil Test Crop Response (STCR) Database & National Fertilizer Guidelines 2024-25
SOIL_REC_00998,Groundnut,2,15,30,8.2,0.52,0.47,464.6,17.5,162.5,27.2,0.88,11.75,Black soil,Medium,Medium,Medium,10.0,20.0,20.0,4.8,43.5,33.3,0.0,0.0,0.0,Nitrogen,ALKALINE_PH,"ICAR-IISS / Soil Health Card Portal (DAC&FW, GoI)",ICAR Soil Test Crop Response (STCR) Database & National Fertilizer Guidelines 2024-25
SOIL_REC_00999,Groundnut,3,30,60,6.61,2.61,0.29,153.3,14.6,74.3,16.2,0.66,8.77,Black soil,Low,Medium,Low,12.5,20.0,25.0,10.2,43.5,50.0,0.0,0.0,0.0,Nitrogen,HIGH_EC_SALINITY;ELEVATED_SALINITY,"ICAR-IISS / Soil Health Card Portal (DAC&FW, GoI)",ICAR Soil Test Crop Response (STCR) Database & National Fertilizer Guidelines 2024-25
SOIL_REC_01000,Groundnut,1,0,15,6.94,0.94,0.74,582.6,42.0,448.3,26.6,0.37,8.67,Red soil,High,High,High,4.0,0.0,0.0,8.7,0.0,0.0,0.0,0.0,0.0,Nitrogen,NONE,"ICAR-IISS / Soil Health Card Portal (DAC&FW, GoI)",ICAR Soil Test Crop Response (STCR) Database & National Fertilizer Guidelines 2024-25
SOIL_REC_01001,Groundnut,2,15,30,7.53,1.27,0.47,371.9,33.7,94.4,16.4,1.13,2.81,Red soil,Medium,High,Low,10.0,0.0,25.0,21.7,0.0,41.7,0.0,0.0,0.0,Potassium,NONE,"ICAR-IISS / Soil Health Card Portal (DAC&FW, GoI)",ICAR Soil Test Crop Response (STCR) Database & National Fertilizer Guidelines 2024-25
SOIL_REC_01002,Groundnut,3,30,60,6.46,1.29,0.18,173.7,11.0,80.2,17.1,0.4,11.69,Red soil,Low,Medium,Low,12.5,20.0,25.0,10.2,43.5,41.7,0.0,0.0,0.0,Nitrogen,NONE,"ICAR-IISS / Soil Health Card Portal (DAC&FW, GoI)",ICAR Soil Test Crop Response (STCR) Database & National Fertilizer Guidelines 2024-25
SOIL_REC_01003,Groundnut,1,0,15,6.86,2.33,0.82,490.6,6.3,224.9,10.3,0.65,10.86,Black soil,Medium,Low,Medium,9.0,26.0,20.0,19.6,0.0,40.0,162.5,0.0,0.0,Phosphorus,HIGH_EC_SALINITY;ELEVATED_SALINITY,"ICAR-IISS / Soil Health Card Portal (DAC&FW, GoI)",ICAR Soil Test Crop Response (STCR) Database & National Fertilizer Guidelines 2024-25
SOIL_REC_01004,Groundnut,2,15,30,6.37,2.38,0.68,245.5,12.1,310.6,15.6,0.22,3.96,Black soil,Low,Medium,Medium,12.5,20.0,20.0,10.2,43.5,40.0,0.0,0.0,0.0,Nitrogen,HIGH_EC_SALINITY;ELEVATED_SALINITY,"ICAR-IISS / Soil Health Card Portal (DAC&FW, GoI)",ICAR Soil Test Crop Response (STCR) Database & National Fertilizer Guidelines 2024-25
SOIL_REC_01005,Groundnut,3,30,60,6.74,2.32,0.46,210.0,10.0,217.6,31.8,0.59,11.75,Black soil,Low,Medium,Medium,12.5,20.0,20.0,10.2,43.5,40.0,0.0,0.0,0.0,Nitrogen,HIGH_EC_SALINITY;ELEVATED_SALINITY,"ICAR-IISS / Soil Health Card Portal (DAC&FW, GoI)",ICAR Soil Test Crop Response (STCR) Database & National Fertilizer Guidelines 2024-25
SOIL_REC_01006,Groundnut,1,0,15,7.53,1.22,0.2,586.0,24.0,428.2,14.9,1.36,6.33,Loam,High,Medium,High,4.0,20.0,0.0,0.0,43.5,0.0,0.0,0.0,0.0,Nitrogen,NONE,"ICAR-IISS / Soil Health Card Portal (DAC&FW, GoI)",ICAR Soil Test Crop Response (STCR) Database & National Fertilizer Guidelines 2024-25
SOIL_REC_01007,Groundnut,2,15,30,6.55,0.61,0.28,356.3,8.5,99.5,20.2,0.83,9.74,Loam,Medium,Low,Low,10.0,26.0,25.0,0.0,56.5,41.7,0.0,0.0,0.0,Phosphorus,NONE,"ICAR-IISS / Soil Health Card Portal (DAC&FW, GoI)",ICAR Soil Test Crop Response (STCR) Database & National Fertilizer Guidelines 2024-25
SOIL_REC_01008,Groundnut,3,30,60,8.52,2.38,0.15,140.6,5.0,49.6,4.3,1.43,3.95,Loam,Low,Low,Low,12.5,26.0,25.0,27.2,0.0,50.0,162.5,0.0,0.0,Nitrogen,HIGH_EC_SALINITY;ALKALINE_PH;ELEVATED_SALINITY,"ICAR-IISS / Soil Health Card Portal (DAC&FW, GoI)",ICAR Soil Test Crop Response (STCR) Database & National Fertilizer Guidelines 2024-25
SOIL_REC_01009,Groundnut,1,0,15,7.84,2.59,0.22,311.2,37.2,137.0,16.7,1.21,5.9,Alluvial,Medium,High,Low,10.0,0.0,25.0,21.7,0.0,50.0,0.0,0.0,0.0,Potassium,HIGH_EC_SALINITY;ELEVATED_SALINITY,"ICAR-IISS / Soil Health Card Portal (DAC&FW, GoI)",ICAR Soil Test Crop Response (STCR) Database & National Fertilizer Guidelines 2024-25
SOIL_REC_01010,Groundnut,2,15,30,6.29,2.53,0.32,290.8,12.2,278.1,26.0,1.43,8.76,Alluvial,Medium,Medium,Medium,10.0,20.0,20.0,4.8,43.5,40.0,0.0,0.0,0.0,Nitrogen,HIGH_EC_SALINITY;ELEVATED_SALINITY,"ICAR-IISS / Soil Health Card Portal (DAC&FW, GoI)",ICAR Soil Test Crop Response (STCR) Database & National Fertilizer Guidelines 2024-25
SOIL_REC_01011,Groundnut,3,30,60,6.41,2.63,0.37,219.6,15.2,63.6,16.9,1.15,3.52,Alluvial,Low,Medium,Low,12.5,20.0,25.0,10.2,43.5,50.0,0.0,0.0,0.0,Nitrogen,HIGH_EC_SALINITY;ELEVATED_SALINITY,"ICAR-IISS / Soil Health Card Portal (DAC&FW, GoI)",ICAR Soil Test Crop Response (STCR) Database & National Fertilizer Guidelines 2024-25
SOIL_REC_01012,Groundnut,1,0,15,6.36,0.67,0.22,542.3,44.3,164.9,6.8,1.47,6.43,Clay loam,Medium,High,Medium,10.0,0.0,20.0,21.7,0.0,33.3,0.0,0.0,40.0,Nitrogen,NONE,"ICAR-IISS / Soil Health Card Portal (DAC&FW, GoI)",ICAR Soil Test Crop Response (STCR) Database & National Fertilizer Guidelines 2024-25
SOIL_REC_01013,Groundnut,2,15,30,7.11,1.83,0.26,247.5,32.5,238.6,16.6,0.46,5.34,Clay loam,Low,High,Medium,12.5,0.0,20.0,27.2,0.0,33.3,0.0,0.0,0.0,Nitrogen,ELEVATED_SALINITY,"ICAR-IISS / Soil Health Card Portal (DAC&FW, GoI)",ICAR Soil Test Crop Response (STCR) Database & National Fertilizer Guidelines 2024-25
SOIL_REC_01014,Groundnut,3,30,60,8.48,1.92,0.37,273.7,5.5,106.7,13.7,1.79,8.2,Clay loam,Low,Low,Low,12.5,26.0,25.0,5.0,56.5,41.7,0.0,0.0,0.0,Nitrogen,ALKALINE_PH;ELEVATED_SALINITY,"ICAR-IISS / Soil Health Card Portal (DAC&FW, GoI)",ICAR Soil Test Crop Response (STCR) Database & National Fertilizer Guidelines 2024-25
SOIL_REC_01015,Groundnut,1,0,15,6.02,2.13,1.03,216.4,7.2,98.3,18.3,0.44,10.74,Sandy loam,Low,Low,Low,11.5,26.0,25.0,25.0,0.0,50.0,162.5,0.0,0.0,Nitrogen,HIGH_EC_SALINITY;ELEVATED_SALINITY;HIGH_LEACHING_TEXTURE,"ICAR-IISS / Soil Health Card Portal (DAC&FW, GoI)",ICAR Soil Test Crop Response (STCR) Database & National Fertilizer Guidelines 2024-25
SOIL_REC_01016,Groundnut,2,15,30,5.88,0.76,0.35,172.4,27.4,321.3,11.5,0.97,11.56,Sandy loam,Low,High,Medium,12.5,0.0,20.0,27.2,0.0,33.3,0.0,0.0,0.0,Nitrogen,ACIDIC_PH;HIGH_LEACHING_TEXTURE,"ICAR-IISS / Soil Health Card Portal (DAC&FW, GoI)",ICAR Soil Test Crop Response (STCR) Database & National Fertilizer Guidelines 2024-25
SOIL_REC_01017,Groundnut,3,30,60,6.65,1.63,0.21,246.3,13.4,137.3,15.2,0.51,4.14,Sandy loam,Low,Medium,Low,12.5,20.0,25.0,10.2,43.5,41.7,0.0,0.0,0.0,Nitrogen,HIGH_LEACHING_TEXTURE,"ICAR-IISS / Soil Health Card Portal (DAC&FW, GoI)",ICAR Soil Test Crop Response (STCR) Database & National Fertilizer Guidelines 2024-25
SOIL_REC_01018,Groundnut,1,0,15,8.29,2.07,1.06,171.4,39.3,301.5,8.6,0.53,9.36,Red soil,Low,High,Medium,11.5,0.0,20.0,25.0,0.0,40.0,0.0,0.0,40.0,Nitrogen,HIGH_EC_SALINITY;ALKALINE_PH;ELEVATED_SALINITY,"ICAR-IISS / Soil Health Card Portal (DAC&FW, GoI)",ICAR Soil Test Crop Response (STCR) Database & National Fertilizer Guidelines 2024-25
SOIL_REC_01019,Groundnut,2,15,30,6.93,1.36,0.54,191.9,14.5,96.5,14.7,0.52,5.85,Red soil,Low,Medium,Low,12.5,20.0,25.0,10.2,43.5,41.7,0.0,0.0,0.0,Nitrogen,NONE,"ICAR-IISS / Soil Health Card Portal (DAC&FW, GoI)",ICAR Soil Test Crop Response (STCR) Database & National Fertilizer Guidelines 2024-25
SOIL_REC_01020,Groundnut,3,30,60,8.46,2.33,0.29,282.4,23.1,90.6,15.5,1.17,10.83,Red soil,Medium,Medium,Low,10.0,20.0,25.0,4.8,43.5,50.0,0.0,0.0,0.0,Potassium,HIGH_EC_SALINITY;ALKALINE_PH;ELEVATED_SALINITY,"ICAR-IISS / Soil Health Card Portal (DAC&FW, GoI)",ICAR Soil Test Crop Response (STCR) Database & National Fertilizer Guidelines 2024-25
SOIL_REC_01021,Groundnut,1,0,15,6.66,0.28,0.32,281.3,39.2,218.8,6.0,1.25,6.03,Alluvial,Medium,High,Medium,10.0,0.0,20.0,21.7,0.0,33.3,0.0,0.0,40.0,Nitrogen,NONE,"ICAR-IISS / Soil Health Card Portal (DAC&FW, GoI)",ICAR Soil Test Crop Response (STCR) Database & National Fertilizer Guidelines 2024-25
SOIL_REC_01022,Groundnut,2,15,30,8.07,0.52,0.34,94.1,14.9,193.2,26.3,1.64,7.84,Alluvial,Low,Medium,Medium,12.5,20.0,20.0,10.2,43.5,33.3,0.0,0.0,0.0,Nitrogen,ALKALINE_PH,"ICAR-IISS / Soil Health Card Portal (DAC&FW, GoI)",ICAR Soil Test Crop Response (STCR) Database & National Fertilizer Guidelines 2024-25
SOIL_REC_01023,Groundnut,3,30,60,6.77,1.76,0.33,85.7,8.8,154.4,28.7,1.58,3.21,Alluvial,Low,Low,Medium,12.5,26.0,20.0,5.0,56.5,33.3,0.0,0.0,0.0,Nitrogen,NONE,"ICAR-IISS / Soil Health Card Portal (DAC&FW, GoI)",ICAR Soil Test Crop Response (STCR) Database & National Fertilizer Guidelines 2024-25
SOIL_REC_01024,Groundnut,1,0,15,6.89,2.17,0.45,280.1,14.3,379.0,18.0,1.78,6.5,Red soil,Medium,Medium,High,10.0,20.0,0.0,4.8,43.5,0.0,0.0,0.0,0.0,Nitrogen,ELEVATED_SALINITY,"ICAR-IISS / Soil Health Card Portal (DAC&FW, GoI)",ICAR Soil Test Crop Response (STCR) Database & National Fertilizer Guidelines 2024-25
SOIL_REC_01025,Groundnut,2,15,30,5.91,0.64,0.35,233.6,22.7,144.5,22.0,1.57,11.89,Red soil,Low,Medium,Low,12.5,20.0,25.0,27.2,0.0,41.7,125.0,0.0,0.0,Nitrogen,ACIDIC_PH,"ICAR-IISS / Soil Health Card Portal (DAC&FW, GoI)",ICAR Soil Test Crop Response (STCR) Database & National Fertilizer Guidelines 2024-25
SOIL_REC_01026,Groundnut,3,30,60,8.51,0.94,0.47,160.7,21.8,210.2,5.1,1.23,3.16,Red soil,Low,Medium,Medium,12.5,20.0,20.0,27.2,0.0,33.3,125.0,0.0,0.0,Nitrogen,ALKALINE_PH,"ICAR-IISS / Soil Health Card Portal (DAC&FW, GoI)",ICAR Soil Test Crop Response (STCR) Database & National Fertilizer Guidelines 2024-25
SOIL_REC_01027,Groundnut,1,0,15,8.24,1.28,0.44,278.6,20.5,118.7,25.7,0.99,2.95,Sandy loam,Low,Medium,Low,12.5,20.0,25.0,10.2,43.5,41.7,0.0,0.0,0.0,Nitrogen,ALKALINE_PH;HIGH_LEACHING_TEXTURE,"ICAR-IISS / Soil Health Card Portal (DAC&FW, GoI)",ICAR Soil Test Crop Response (STCR) Database & National Fertilizer Guidelines 2024-25
SOIL_REC_01028,Groundnut,2,15,30,6.48,2.76,0.46,330.4,33.2,295.1,30.3,0.36,4.63,Sandy loam,Medium,High,Medium,10.0,0.0,20.0,21.7,0.0,40.0,0.0,0.0,0.0,Nitrogen,HIGH_EC_SALINITY;ELEVATED_SALINITY;HIGH_LEACHING_TEXTURE,"ICAR-IISS / Soil Health Card Portal (DAC&FW, GoI)",ICAR Soil Test Crop Response (STCR) Database & National Fertilizer Guidelines 2024-25
SOIL_REC_01029,Groundnut,3,30,60,8.22,0.56,0.55,275.3,18.2,85.7,6.5,1.36,10.22,Sandy loam,Low,Medium,Low,12.5,20.0,25.0,27.2,0.0,41.7,125.0,0.0,0.0,Nitrogen,ALKALINE_PH;HIGH_LEACHING_TEXTURE,"ICAR-IISS / Soil Health Card Portal (DAC&FW, GoI)",ICAR Soil Test Crop Response (STCR) Database & National Fertilizer Guidelines 2024-25
SOIL_REC_01030,Groundnut,1,0,15,8.77,2.63,0.97,249.8,39.0,129.9,30.5,0.32,5.63,Alluvial,Low,High,Low,11.5,0.0,25.0,25.0,0.0,50.0,0.0,0.0,0.0,Nitrogen,HIGH_EC_SALINITY;ALKALINE_PH;ELEVATED_SALINITY,"ICAR-IISS / Soil Health Card Portal (DAC&FW, GoI)",ICAR Soil Test Crop Response (STCR) Database & National Fertilizer Guidelines 2024-25
SOIL_REC_01031,Groundnut,2,15,30,7.52,2.31,0.3,153.9,8.8,191.9,7.5,1.58,9.65,Alluvial,Low,Low,Medium,12.5,26.0,20.0,27.2,0.0,40.0,162.5,0.0,0.0,Nitrogen,HIGH_EC_SALINITY;ELEVATED_SALINITY,"ICAR-IISS / Soil Health Card Portal (DAC&FW, GoI)",ICAR Soil Test Crop Response (STCR) Database & National Fertilizer Guidelines 2024-25
SOIL_REC_01032,Groundnut,3,30,60,8.43,2.71,0.27,171.7,5.6,140.0,20.2,1.26,11.78,Alluvial,Low,Low,Low,12.5,26.0,25.0,5.0,56.5,50.0,0.0,0.0,0.0,Nitrogen,HIGH_EC_SALINITY;ALKALINE_PH;ELEVATED_SALINITY,"ICAR-IISS / Soil Health Card Portal (DAC&FW, GoI)",ICAR Soil Test Crop Response (STCR) Database & National Fertilizer Guidelines 2024-25
SOIL_REC_01033,Groundnut,1,0,15,8.05,1.46,0.24,503.1,35.9,217.1,27.4,0.59,8.65,Clay loam,Medium,High,Medium,10.0,0.0,20.0,21.7,0.0,33.3,0.0,0.0,0.0,Nitrogen,ALKALINE_PH,"ICAR-IISS / Soil Health Card Portal (DAC&FW, GoI)",ICAR Soil Test Crop Response (STCR) Database & National Fertilizer Guidelines 2024-25
SOIL_REC_01034,Groundnut,2,15,30,8.32,2.01,0.17,275.5,11.2,248.5,17.1,0.82,7.13,Clay loam,Low,Medium,Medium,12.5,20.0,20.0,10.2,43.5,40.0,0.0,0.0,0.0,Nitrogen,HIGH_EC_SALINITY;ALKALINE_PH;ELEVATED_SALINITY,"ICAR-IISS / Soil Health Card Portal (DAC&FW, GoI)",ICAR Soil Test Crop Response (STCR) Database & National Fertilizer Guidelines 2024-25
SOIL_REC_01035,Groundnut,3,30,60,6.62,2.32,0.44,188.5,9.6,215.0,23.8,1.25,10.55,Clay loam,Low,Low,Medium,12.5,26.0,20.0,5.0,56.5,40.0,0.0,0.0,0.0,Nitrogen,HIGH_EC_SALINITY;ELEVATED_SALINITY,"ICAR-IISS / Soil Health Card Portal (DAC&FW, GoI)",ICAR Soil Test Crop Response (STCR) Database & National Fertilizer Guidelines 2024-25
SOIL_REC_01036,Groundnut,1,0,15,8.52,0.77,0.5,607.5,42.5,274.8,25.8,0.5,5.14,Sandy loam,High,High,Medium,4.0,0.0,20.0,8.7,0.0,33.3,0.0,0.0,0.0,Nitrogen,ALKALINE_PH;HIGH_LEACHING_TEXTURE,"ICAR-IISS / Soil Health Card Portal (DAC&FW, GoI)",ICAR Soil Test Crop Response (STCR) Database & National Fertilizer Guidelines 2024-25
SOIL_REC_01037,Groundnut,2,15,30,6.04,1.0,0.73,333.1,9.1,304.1,24.9,0.58,10.99,Sandy loam,Medium,Low,Medium,10.0,26.0,20.0,21.7,0.0,33.3,162.5,0.0,0.0,Phosphorus,HIGH_LEACHING_TEXTURE,"ICAR-IISS / Soil Health Card Portal (DAC&FW, GoI)",ICAR Soil Test Crop Response (STCR) Database & National Fertilizer Guidelines 2024-25
SOIL_REC_01038,Groundnut,3,30,60,6.12,0.27,0.39,173.2,8.6,211.8,6.4,0.89,3.93,Sandy loam,Low,Low,Medium,12.5,26.0,20.0,27.2,0.0,33.3,162.5,0.0,0.0,Nitrogen,HIGH_LEACHING_TEXTURE,"ICAR-IISS / Soil Health Card Portal (DAC&FW, GoI)",ICAR Soil Test Crop Response (STCR) Database & National Fertilizer Guidelines 2024-25
SOIL_REC_01039,Groundnut,1,0,15,6.92,1.07,0.57,304.9,8.1,227.7,30.0,0.51,4.3,Alluvial,Medium,Low,Medium,10.0,26.0,20.0,0.0,56.5,33.3,0.0,0.0,0.0,Phosphorus,NONE,"ICAR-IISS / Soil Health Card Portal (DAC&FW, GoI)",ICAR Soil Test Crop Response (STCR) Database & National Fertilizer Guidelines 2024-25
SOIL_REC_01040,Groundnut,2,15,30,6.08,0.92,0.55,284.5,7.9,81.0,11.0,0.38,3.59,Alluvial,Medium,Low,Low,10.0,26.0,25.0,21.7,0.0,41.7,162.5,0.0,0.0,Phosphorus,NONE,"ICAR-IISS / Soil Health Card Portal (DAC&FW, GoI)",ICAR Soil Test Crop Response (STCR) Database & National Fertilizer Guidelines 2024-25
SOIL_REC_01041,Groundnut,3,30,60,8.45,1.7,0.19,193.0,8.8,203.9,23.6,0.85,6.23,Alluvial,Low,Low,Medium,12.5,26.0,20.0,5.0,56.5,33.3,0.0,0.0,0.0,Nitrogen,ALKALINE_PH,"ICAR-IISS / Soil Health Card Portal (DAC&FW, GoI)",ICAR Soil Test Crop Response (STCR) Database & National Fertilizer Guidelines 2024-25
SOIL_REC_01042,Groundnut,1,0,15,7.92,2.49,0.4,222.9,39.0,215.1,12.1,1.15,9.47,Loam,Low,High,Medium,12.5,0.0,20.0,27.2,0.0,40.0,0.0,0.0,0.0,Nitrogen,HIGH_EC_SALINITY;ELEVATED_SALINITY,"ICAR-IISS / Soil Health Card Portal (DAC&FW, GoI)",ICAR Soil Test Crop Response (STCR) Database & National Fertilizer Guidelines 2024-25
SOIL_REC_01043,Groundnut,2,15,30,5.81,1.51,0.61,268.8,14.1,312.3,10.7,0.7,3.16,Loam,Low,Medium,Medium,12.5,20.0,20.0,27.2,0.0,33.3,125.0,0.0,0.0,Nitrogen,ACIDIC_PH,"ICAR-IISS / Soil Health Card Portal (DAC&FW, GoI)",ICAR Soil Test Crop Response (STCR) Database & National Fertilizer Guidelines 2024-25
SOIL_REC_01044,Groundnut,3,30,60,6.12,2.54,0.14,63.2,13.0,105.1,9.0,0.62,3.23,Loam,Low,Medium,Low,12.5,20.0,25.0,27.2,0.0,50.0,125.0,0.0,0.0,Nitrogen,HIGH_EC_SALINITY;ELEVATED_SALINITY,"ICAR-IISS / Soil Health Card Portal (DAC&FW, GoI)",ICAR Soil Test Crop Response (STCR) Database & National Fertilizer Guidelines 2024-25
SOIL_REC_01045,Groundnut,1,0,15,8.01,0.23,0.48,356.9,6.0,404.4,17.2,0.27,2.67,Red soil,Medium,Low,High,10.0,26.0,0.0,0.0,56.5,0.0,0.0,0.0,0.0,Phosphorus,ALKALINE_PH,"ICAR-IISS / Soil Health Card Portal (DAC&FW, GoI)",ICAR Soil Test Crop Response (STCR) Database & National Fertilizer Guidelines 2024-25
SOIL_REC_01046,Groundnut,2,15,30,7.74,0.96,0.28,278.7,28.3,276.8,6.8,1.49,5.69,Red soil,Low,High,Medium,12.5,0.0,20.0,27.2,0.0,33.3,0.0,0.0,40.0,Nitrogen,NONE,"ICAR-IISS / Soil Health Card Portal (DAC&FW, GoI)",ICAR Soil Test Crop Response (STCR) Database & National Fertilizer Guidelines 2024-25
SOIL_REC_01047,Groundnut,3,30,60,7.12,1.11,0.33,225.9,8.3,127.6,27.2,0.68,5.67,Red soil,Low,Low,Low,12.5,26.0,25.0,5.0,56.5,41.7,0.0,0.0,0.0,Nitrogen,NONE,"ICAR-IISS / Soil Health Card Portal (DAC&FW, GoI)",ICAR Soil Test Crop Response (STCR) Database & National Fertilizer Guidelines 2024-25
SOIL_REC_01048,Groundnut,1,0,15,8.06,2.43,1.01,417.9,10.7,336.9,24.4,0.23,11.8,Alluvial,Medium,Medium,High,9.0,20.0,0.0,2.6,43.5,0.0,0.0,0.0,0.0,Nitrogen,ALKALINE_PH;ELEVATED_SALINITY,"ICAR-IISS / Soil Health Card Portal (DAC&FW, GoI)",ICAR Soil Test Crop Response (STCR) Database & National Fertilizer Guidelines 2024-25
SOIL_REC_01049,Groundnut,2,15,30,8.33,1.91,0.21,276.7,12.2,267.6,31.3,0.78,9.57,Alluvial,Low,Medium,Medium,12.5,20.0,20.0,10.2,43.5,33.3,0.0,0.0,0.0,Nitrogen,ALKALINE_PH;ELEVATED_SALINITY,"ICAR-IISS / Soil Health Card Portal (DAC&FW, GoI)",ICAR Soil Test Crop Response (STCR) Database & National Fertilizer Guidelines 2024-25
SOIL_REC_01050,Groundnut,3,30,60,6.14,2.68,0.38,301.4,21.4,167.2,29.2,0.92,11.6,Alluvial,Medium,Medium,Medium,10.0,20.0,20.0,21.7,0.0,40.0,125.0,0.0,0.0,Nitrogen,HIGH_EC_SALINITY;ELEVATED_SALINITY,"ICAR-IISS / Soil Health Card Portal (DAC&FW, GoI)",ICAR Soil Test Crop Response (STCR) Database & National Fertilizer Guidelines 2024-25
SOIL_REC_01051,Groundnut,1,0,15,6.08,2.57,0.48,285.6,30.7,430.3,11.7,0.5,8.01,Alluvial,Medium,High,High,10.0,0.0,0.0,21.7,0.0,0.0,0.0,0.0,0.0,Nitrogen,ELEVATED_SALINITY,"ICAR-IISS / Soil Health Card Portal (DAC&FW, GoI)",ICAR Soil Test Crop Response (STCR) Database & National Fertilizer Guidelines 2024-25
SOIL_REC_01052,Groundnut,2,15,30,7.82,2.37,0.2,388.2,22.3,281.5,13.7,0.38,2.58,Alluvial,Medium,Medium,Medium,10.0,20.0,20.0,4.8,43.5,40.0,0.0,0.0,0.0,Nitrogen,HIGH_EC_SALINITY;ELEVATED_SALINITY,"ICAR-IISS / Soil Health Card Portal (DAC&FW, GoI)",ICAR Soil Test Crop Response (STCR) Database & National Fertilizer Guidelines 2024-25
SOIL_REC_01053,Groundnut,3,30,60,8.56,0.58,0.4,190.8,9.1,145.5,8.6,0.98,3.11,Alluvial,Low,Low,Medium,12.5,26.0,20.0,27.2,0.0,33.3,162.5,0.0,0.0,Nitrogen,ALKALINE_PH,"ICAR-IISS / Soil Health Card Portal (DAC&FW, GoI)",ICAR Soil Test Crop Response (STCR) Database & National Fertilizer Guidelines 2024-25
SOIL_REC_01054,Groundnut,1,0,15,5.55,0.31,0.42,416.5,8.2,200.1,16.0,1.26,2.51,Clay loam,Medium,Low,Medium,10.0,26.0,20.0,21.7,0.0,33.3,162.5,0.0,0.0,Phosphorus,ACIDIC_PH,"ICAR-IISS / Soil Health Card Portal (DAC&FW, GoI)",ICAR Soil Test Crop Response (STCR) Database & National Fertilizer Guidelines 2024-25
SOIL_REC_01055,Groundnut,2,15,30,6.33,1.11,0.31,412.1,25.5,275.1,8.3,0.34,5.07,Clay loam,Medium,High,Medium,10.0,0.0,20.0,21.7,0.0,33.3,0.0,0.0,40.0,Nitrogen,NONE,"ICAR-IISS / Soil Health Card Portal (DAC&FW, GoI)",ICAR Soil Test Crop Response (STCR) Database & National Fertilizer Guidelines 2024-25
SOIL_REC_01056,Groundnut,3,30,60,8.79,0.71,0.35,80.2,7.6,130.2,13.9,1.5,8.55,Clay loam,Low,Low,Low,12.5,26.0,25.0,5.0,56.5,41.7,0.0,0.0,0.0,Nitrogen,ALKALINE_PH,"ICAR-IISS / Soil Health Card Portal (DAC&FW, GoI)",ICAR Soil Test Crop Response (STCR) Database & National Fertilizer Guidelines 2024-25
SOIL_REC_01057,Groundnut,1,0,15,6.82,2.55,1.0,580.1,31.1,152.4,16.2,1.6,10.14,Black soil,High,High,Medium,3.0,0.0,20.0,6.5,0.0,40.0,0.0,0.0,0.0,Nitrogen,HIGH_EC_SALINITY;ELEVATED_SALINITY,"ICAR-IISS / Soil Health Card Portal (DAC&FW, GoI)",ICAR Soil Test Crop Response (STCR) Database & National Fertilizer Guidelines 2024-25
SOIL_REC_01058,Groundnut,2,15,30,5.96,2.2,0.29,246.1,10.8,149.8,12.3,1.68,6.88,Black soil,Low,Medium,Medium,12.5,20.0,20.0,27.2,0.0,40.0,125.0,0.0,0.0,Nitrogen,HIGH_EC_SALINITY;ACIDIC_PH;ELEVATED_SALINITY,"ICAR-IISS / Soil Health Card Portal (DAC&FW, GoI)",ICAR Soil Test Crop Response (STCR) Database & National Fertilizer Guidelines 2024-25
SOIL_REC_01059,Groundnut,3,30,60,6.11,2.23,0.47,84.0,14.1,169.9,18.1,1.3,5.9,Black soil,Low,Medium,Medium,12.5,20.0,20.0,27.2,0.0,40.0,125.0,0.0,0.0,Nitrogen,HIGH_EC_SALINITY;ELEVATED_SALINITY,"ICAR-IISS / Soil Health Card Portal (DAC&FW, GoI)",ICAR Soil Test Crop Response (STCR) Database & National Fertilizer Guidelines 2024-25
SOIL_REC_01060,Groundnut,1,0,15,6.91,1.29,0.54,133.8,29.5,434.7,15.8,1.41,8.34,Clay loam,Low,High,High,12.5,0.0,0.0,27.2,0.0,0.0,0.0,0.0,0.0,Nitrogen,NONE,"ICAR-IISS / Soil Health Card Portal (DAC&FW, GoI)",ICAR Soil Test Crop Response (STCR) Database & National Fertilizer Guidelines 2024-25
SOIL_REC_01061,Groundnut,2,15,30,6.5,0.83,0.48,137.7,21.6,220.2,12.2,1.41,6.23,Clay loam,Low,Medium,Medium,12.5,20.0,20.0,10.2,43.5,33.3,0.0,0.0,0.0,Nitrogen,NONE,"ICAR-IISS / Soil Health Card Portal (DAC&FW, GoI)",ICAR Soil Test Crop Response (STCR) Database & National Fertilizer Guidelines 2024-25
SOIL_REC_01062,Groundnut,3,30,60,6.83,0.22,0.46,278.7,12.7,54.8,5.5,1.53,8.67,Clay loam,Low,Medium,Low,12.5,20.0,25.0,27.2,0.0,41.7,125.0,0.0,0.0,Nitrogen,NONE,"ICAR-IISS / Soil Health Card Portal (DAC&FW, GoI)",ICAR Soil Test Crop Response (STCR) Database & National Fertilizer Guidelines 2024-25
SOIL_REC_01063,Groundnut,1,0,15,7.46,2.34,0.69,465.3,42.3,133.7,20.4,1.02,9.31,Clay loam,Medium,High,Low,10.0,0.0,25.0,21.7,0.0,50.0,0.0,0.0,0.0,Potassium,HIGH_EC_SALINITY;ELEVATED_SALINITY,"ICAR-IISS / Soil Health Card Portal (DAC&FW, GoI)",ICAR Soil Test Crop Response (STCR) Database & National Fertilizer Guidelines 2024-25
SOIL_REC_01064,Groundnut,2,15,30,7.82,1.54,0.51,452.7,8.8,309.2,21.9,0.45,8.47,Clay loam,Medium,Low,Medium,10.0,26.0,20.0,0.0,56.5,33.3,0.0,0.0,0.0,Phosphorus,NONE,"ICAR-IISS / Soil Health Card Portal (DAC&FW, GoI)",ICAR Soil Test Crop Response (STCR) Database & National Fertilizer Guidelines 2024-25
SOIL_REC_01065,Groundnut,3,30,60,7.87,2.63,0.46,215.9,7.2,57.1,8.3,1.61,7.44,Clay loam,Low,Low,Low,12.5,26.0,25.0,27.2,0.0,50.0,162.5,0.0,0.0,Nitrogen,HIGH_EC_SALINITY;ELEVATED_SALINITY,"ICAR-IISS / Soil Health Card Portal (DAC&FW, GoI)",ICAR Soil Test Crop Response (STCR) Database & National Fertilizer Guidelines 2024-25
SOIL_REC_01066,Groundnut,1,0,15,6.17,1.43,0.94,341.9,8.3,133.9,15.3,1.77,10.29,Loam,Medium,Low,Low,9.0,26.0,25.0,19.6,0.0,41.7,162.5,0.0,0.0,Phosphorus,NONE,"ICAR-IISS / Soil Health Card Portal (DAC&FW, GoI)",ICAR Soil Test Crop Response (STCR) Database & National Fertilizer Guidelines 2024-25
SOIL_REC_01067,Groundnut,2,15,30,8.28,1.62,0.7,345.5,31.6,234.1,16.1,1.22,4.26,Loam,Medium,High,Medium,10.0,0.0,20.0,21.7,0.0,33.3,0.0,0.0,0.0,Nitrogen,ALKALINE_PH,"ICAR-IISS / Soil Health Card Portal (DAC&FW, GoI)",ICAR Soil Test Crop Response (STCR) Database & National Fertilizer Guidelines 2024-25
SOIL_REC_01068,Groundnut,3,30,60,8.2,1.91,0.16,245.4,14.5,130.7,12.1,1.27,11.61,Loam,Low,Medium,Low,12.5,20.0,25.0,10.2,43.5,41.7,0.0,0.0,0.0,Nitrogen,ALKALINE_PH;ELEVATED_SALINITY,"ICAR-IISS / Soil Health Card Portal (DAC&FW, GoI)",ICAR Soil Test Crop Response (STCR) Database & National Fertilizer Guidelines 2024-25
SOIL_REC_01069,Groundnut,1,0,15,6.71,0.92,0.52,519.9,25.5,382.9,8.1,0.65,3.64,Black soil,Medium,High,High,10.0,0.0,0.0,21.7,0.0,0.0,0.0,0.0,40.0,Nitrogen,NONE,"ICAR-IISS / Soil Health Card Portal (DAC&FW, GoI)",ICAR Soil Test Crop Response (STCR) Database & National Fertilizer Guidelines 2024-25
SOIL_REC_01070,Groundnut,2,15,30,6.79,1.71,0.14,333.9,25.2,187.5,29.4,0.77,3.82,Black soil,Medium,High,Medium,10.0,0.0,20.0,21.7,0.0,33.3,0.0,0.0,0.0,Nitrogen,NONE,"ICAR-IISS / Soil Health Card Portal (DAC&FW, GoI)",ICAR Soil Test Crop Response (STCR) Database & National Fertilizer Guidelines 2024-25
SOIL_REC_01071,Groundnut,3,30,60,8.41,1.39,0.08,99.6,13.5,200.0,9.9,1.64,7.49,Black soil,Low,Medium,Medium,12.5,20.0,20.0,27.2,0.0,33.3,125.0,0.0,0.0,Nitrogen,ALKALINE_PH,"ICAR-IISS / Soil Health Card Portal (DAC&FW, GoI)",ICAR Soil Test Crop Response (STCR) Database & National Fertilizer Guidelines 2024-25
SOIL_REC_01072,Groundnut,1,0,15,5.71,1.91,0.48,479.6,20.3,347.5,26.0,0.65,9.74,Alluvial,Medium,Medium,High,10.0,20.0,0.0,21.7,0.0,0.0,125.0,0.0,0.0,Nitrogen,ACIDIC_PH;ELEVATED_SALINITY,"ICAR-IISS / Soil Health Card Portal (DAC&FW, GoI)",ICAR Soil Test Crop Response (STCR) Database & National Fertilizer Guidelines 2024-25
SOIL_REC_01073,Groundnut,2,15,30,6.5,1.22,0.77,331.9,16.4,194.9,22.5,1.12,11.31,Alluvial,Medium,Medium,Medium,10.0,20.0,20.0,4.8,43.5,33.3,0.0,0.0,0.0,Nitrogen,NONE,"ICAR-IISS / Soil Health Card Portal (DAC&FW, GoI)",ICAR Soil Test Crop Response (STCR) Database & National Fertilizer Guidelines 2024-25
SOIL_REC_01074,Groundnut,3,30,60,8.06,1.57,0.14,141.0,23.1,107.7,21.3,0.85,2.93,Alluvial,Low,Medium,Low,12.5,20.0,25.0,10.2,43.5,41.7,0.0,0.0,0.0,Nitrogen,ALKALINE_PH,"ICAR-IISS / Soil Health Card Portal (DAC&FW, GoI)",ICAR Soil Test Crop Response (STCR) Database & National Fertilizer Guidelines 2024-25
SOIL_REC_01075,Groundnut,1,0,15,6.03,0.45,0.25,587.1,26.0,363.6,31.5,1.49,9.46,Red soil,High,High,High,4.0,0.0,0.0,8.7,0.0,0.0,0.0,0.0,0.0,Nitrogen,NONE,"ICAR-IISS / Soil Health Card Portal (DAC&FW, GoI)",ICAR Soil Test Crop Response (STCR) Database & National Fertilizer Guidelines 2024-25
SOIL_REC_01076,Groundnut,2,15,30,6.28,2.54,0.24,424.7,28.3,180.9,5.8,1.18,3.59,Red soil,Medium,High,Medium,10.0,0.0,20.0,21.7,0.0,40.0,0.0,0.0,40.0,Nitrogen,HIGH_EC_SALINITY;ELEVATED_SALINITY,"ICAR-IISS / Soil Health Card Portal (DAC&FW, GoI)",ICAR Soil Test Crop Response (STCR) Database & National Fertilizer Guidelines 2024-25
SOIL_REC_01077,Groundnut,3,30,60,8.29,0.39,0.44,211.6,20.7,211.2,13.0,1.32,6.09,Red soil,Low,Medium,Medium,12.5,20.0,20.0,10.2,43.5,33.3,0.0,0.0,0.0,Nitrogen,ALKALINE_PH,"ICAR-IISS / Soil Health Card Portal (DAC&FW, GoI)",ICAR Soil Test Crop Response (STCR) Database & National Fertilizer Guidelines 2024-25
SOIL_REC_01078,Groundnut,1,0,15,7.39,0.72,0.39,338.8,18.0,162.4,8.5,1.5,10.18,Red soil,Medium,Medium,Medium,10.0,20.0,20.0,21.7,0.0,33.3,125.0,0.0,0.0,Nitrogen,NONE,"ICAR-IISS / Soil Health Card Portal (DAC&FW, GoI)",ICAR Soil Test Crop Response (STCR) Database & National Fertilizer Guidelines 2024-25
SOIL_REC_01079,Groundnut,2,15,30,6.13,1.71,0.56,340.7,10.9,286.2,29.0,0.78,6.38,Red soil,Medium,Medium,Medium,10.0,20.0,20.0,21.7,0.0,33.3,125.0,0.0,0.0,Nitrogen,NONE,"ICAR-IISS / Soil Health Card Portal (DAC&FW, GoI)",ICAR Soil Test Crop Response (STCR) Database & National Fertilizer Guidelines 2024-25
SOIL_REC_01080,Groundnut,3,30,60,7.3,0.39,0.16,242.5,22.1,160.6,17.9,1.53,7.92,Red soil,Low,Medium,Medium,12.5,20.0,20.0,10.2,43.5,33.3,0.0,0.0,0.0,Nitrogen,NONE,"ICAR-IISS / Soil Health Card Portal (DAC&FW, GoI)",ICAR Soil Test Crop Response (STCR) Database & National Fertilizer Guidelines 2024-25
SOIL_REC_01081,Mustard,1,0,15,7.15,1.13,1.0,546.7,39.7,248.0,21.5,1.6,7.91,Black soil,Medium,High,Medium,28.8,0.0,12.0,62.6,0.0,20.0,0.0,0.0,0.0,Nitrogen,NONE,"ICAR-IISS / Soil Health Card Portal (DAC&FW, GoI)",ICAR Soil Test Crop Response (STCR) Database & National Fertilizer Guidelines 2024-25
SOIL_REC_01082,Mustard,2,15,30,5.92,1.54,0.18,277.0,6.1,213.4,4.6,1.51,5.25,Black soil,Low,Low,Medium,40.0,20.8,12.0,87.0,0.0,20.0,130.0,0.0,0.0,Nitrogen,ACIDIC_PH,"ICAR-IISS / Soil Health Card Portal (DAC&FW, GoI)",ICAR Soil Test Crop Response (STCR) Database & National Fertilizer Guidelines 2024-25
SOIL_REC_01083,Mustard,3,30,60,8.23,1.22,0.25,278.1,6.3,96.9,19.0,0.59,7.42,Black soil,Low,Low,Low,40.0,20.8,15.0,69.3,45.2,25.0,0.0,10.0,0.0,Zinc,ALKALINE_PH,"ICAR-IISS / Soil Health Card Portal (DAC&FW, GoI)",ICAR Soil Test Crop Response (STCR) Database & National Fertilizer Guidelines 2024-25
SOIL_REC_01084,Mustard,1,0,15,7.15,1.24,0.2,468.8,10.7,259.6,29.7,0.62,2.78,Alluvial,Medium,Medium,Medium,32.0,16.0,12.0,55.9,34.8,20.0,0.0,0.0,0.0,Nitrogen,NONE,"ICAR-IISS / Soil Health Card Portal (DAC&FW, GoI)",ICAR Soil Test Crop Response (STCR) Database & National Fertilizer Guidelines 2024-25
SOIL_REC_01085,Mustard,2,15,30,6.62,0.88,0.35,376.8,8.9,215.2,24.5,1.68,8.8,Alluvial,Medium,Low,Medium,32.0,20.8,12.0,52.0,45.2,20.0,0.0,0.0,0.0,Phosphorus,NONE,"ICAR-IISS / Soil Health Card Portal (DAC&FW, GoI)",ICAR Soil Test Crop Response (STCR) Database & National Fertilizer Guidelines 2024-25
SOIL_REC_01086,Mustard,3,30,60,8.4,0.81,0.11,297.0,22.0,171.6,25.4,0.26,11.82,Alluvial,Medium,Medium,Medium,32.0,16.0,12.0,55.9,34.8,20.0,0.0,10.0,0.0,Zinc,ALKALINE_PH,"ICAR-IISS / Soil Health Card Portal (DAC&FW, GoI)",ICAR Soil Test Crop Response (STCR) Database & National Fertilizer Guidelines 2024-25
SOIL_REC_01087,Mustard,1,0,15,7.47,1.79,0.23,395.7,45.8,187.4,5.2,0.26,7.32,Black soil,Medium,High,Medium,32.0,0.0,12.0,69.6,0.0,20.0,0.0,10.0,40.0,Zinc,NONE,"ICAR-IISS / Soil Health Card Portal (DAC&FW, GoI)",ICAR Soil Test Crop Response (STCR) Database & National Fertilizer Guidelines 2024-25
SOIL_REC_01088,Mustard,2,15,30,7.65,1.32,0.33,408.7,35.1,73.3,5.5,1.44,10.21,Black soil,Medium,High,Low,32.0,0.0,15.0,69.6,0.0,25.0,0.0,0.0,40.0,Potassium,NONE,"ICAR-IISS / Soil Health Card Portal (DAC&FW, GoI)",ICAR Soil Test Crop Response (STCR) Database & National Fertilizer Guidelines 2024-25
SOIL_REC_01089,Mustard,3,30,60,7.26,2.44,0.4,244.5,14.6,54.4,25.4,1.31,6.58,Black soil,Low,Medium,Low,40.0,16.0,15.0,73.3,34.8,30.0,0.0,0.0,0.0,Nitrogen,HIGH_EC_SALINITY;ELEVATED_SALINITY,"ICAR-IISS / Soil Health Card Portal (DAC&FW, GoI)",ICAR Soil Test Crop Response (STCR) Database & National Fertilizer Guidelines 2024-25
SOIL_REC_01090,Mustard,1,0,15,7.31,0.5,0.26,427.8,43.9,216.6,13.6,1.67,4.76,Black soil,Medium,High,Medium,32.0,0.0,12.0,69.6,0.0,20.0,0.0,0.0,0.0,Nitrogen,NONE,"ICAR-IISS / Soil Health Card Portal (DAC&FW, GoI)",ICAR Soil Test Crop Response (STCR) Database & National Fertilizer Guidelines 2024-25
SOIL_REC_01091,Mustard,2,15,30,5.8,0.23,0.41,372.2,29.9,212.3,5.3,1.48,10.8,Black soil,Medium,High,Medium,32.0,0.0,12.0,69.6,0.0,20.0,0.0,0.0,40.0,Nitrogen,ACIDIC_PH,"ICAR-IISS / Soil Health Card Portal (DAC&FW, GoI)",ICAR Soil Test Crop Response (STCR) Database & National Fertilizer Guidelines 2024-25
SOIL_REC_01092,Mustard,3,30,60,6.32,0.35,0.1,169.6,8.9,101.5,20.9,1.62,11.98,Black soil,Low,Low,Low,40.0,20.8,15.0,69.3,45.2,25.0,0.0,0.0,0.0,Nitrogen,NONE,"ICAR-IISS / Soil Health Card Portal (DAC&FW, GoI)",ICAR Soil Test Crop Response (STCR) Database & National Fertilizer Guidelines 2024-25
SOIL_REC_01093,Mustard,1,0,15,7.5,1.44,0.27,158.4,16.5,285.7,17.9,1.38,5.89,Loam,Low,Medium,Medium,40.0,16.0,12.0,73.3,34.8,20.0,0.0,0.0,0.0,Nitrogen,NONE,"ICAR-IISS / Soil Health Card Portal (DAC&FW, GoI)",ICAR Soil Test Crop Response (STCR) Database & National Fertilizer Guidelines 2024-25
SOIL_REC_01094,Mustard,2,15,30,8.52,0.77,0.62,443.0,29.1,146.5,22.3,1.04,5.04,Loam,Medium,High,Medium,32.0,0.0,12.0,69.6,0.0,20.0,0.0,0.0,0.0,Nitrogen,ALKALINE_PH,"ICAR-IISS / Soil Health Card Portal (DAC&FW, GoI)",ICAR Soil Test Crop Response (STCR) Database & National Fertilizer Guidelines 2024-25
SOIL_REC_01095,Mustard,3,30,60,7.8,1.51,0.1,285.1,17.8,156.9,11.8,0.53,3.8,Loam,Medium,Medium,Medium,32.0,16.0,12.0,69.6,0.0,20.0,100.0,10.0,0.0,Zinc,NONE,"ICAR-IISS / Soil Health Card Portal (DAC&FW, GoI)",ICAR Soil Test Crop Response (STCR) Database & National Fertilizer Guidelines 2024-25
SOIL_REC_01096,Mustard,1,0,15,6.26,2.13,0.35,306.2,40.3,141.1,31.4,1.32,8.67,Alluvial,Medium,High,Low,32.0,0.0,15.0,69.6,0.0,30.0,0.0,0.0,0.0,Potassium,HIGH_EC_SALINITY;ELEVATED_SALINITY,"ICAR-IISS / Soil Health Card Portal (DAC&FW, GoI)",ICAR Soil Test Crop Response (STCR) Database & National Fertilizer Guidelines 2024-25
SOIL_REC_01097,Mustard,2,15,30,7.0,0.5,0.47,102.7,13.3,171.2,27.2,0.34,5.15,Alluvial,Low,Medium,Medium,40.0,16.0,12.0,73.3,34.8,20.0,0.0,10.0,0.0,Zinc,NONE,"ICAR-IISS / Soil Health Card Portal (DAC&FW, GoI)",ICAR Soil Test Crop Response (STCR) Database & National Fertilizer Guidelines 2024-25
SOIL_REC_01098,Mustard,3,30,60,7.51,1.49,0.48,156.2,3.9,82.0,9.2,0.89,3.0,Alluvial,Low,Low,Low,40.0,20.8,15.0,87.0,0.0,25.0,130.0,0.0,0.0,Nitrogen,NONE,"ICAR-IISS / Soil Health Card Portal (DAC&FW, GoI)",ICAR Soil Test Crop Response (STCR) Database & National Fertilizer Guidelines 2024-25
SOIL_REC_01099,Mustard,1,0,15,5.6,2.18,1.04,575.0,37.7,211.0,27.2,0.62,9.66,Clay loam,High,High,Medium,9.6,0.0,12.0,20.9,0.0,24.0,0.0,0.0,0.0,Nitrogen,HIGH_EC_SALINITY;ACIDIC_PH;ELEVATED_SALINITY,"ICAR-IISS / Soil Health Card Portal (DAC&FW, GoI)",ICAR Soil Test Crop Response (STCR) Database & National Fertilizer Guidelines 2024-25
SOIL_REC_01100,Mustard,2,15,30,6.21,0.27,0.63,323.1,31.8,278.8,30.0,1.4,10.17,Clay loam,Medium,High,Medium,32.0,0.0,12.0,69.6,0.0,20.0,0.0,0.0,0.0,Nitrogen,NONE,"ICAR-IISS / Soil Health Card Portal (DAC&FW, GoI)",ICAR Soil Test Crop Response (STCR) Database & National Fertilizer Guidelines 2024-25
SOIL_REC_01101,Mustard,3,30,60,7.33,2.68,0.52,131.9,23.8,141.3,15.9,1.35,9.81,Clay loam,Low,Medium,Low,40.0,16.0,15.0,73.3,34.8,30.0,0.0,0.0,0.0,Nitrogen,HIGH_EC_SALINITY;ELEVATED_SALINITY,"ICAR-IISS / Soil Health Card Portal (DAC&FW, GoI)",ICAR Soil Test Crop Response (STCR) Database & National Fertilizer Guidelines 2024-25
SOIL_REC_01102,Mustard,1,0,15,6.04,1.19,0.86,582.3,11.5,95.5,26.4,1.72,3.31,Clay loam,High,Medium,Low,9.6,16.0,15.0,20.9,0.0,25.0,100.0,0.0,0.0,Potassium,NONE,"ICAR-IISS / Soil Health Card Portal (DAC&FW, GoI)",ICAR Soil Test Crop Response (STCR) Database & National Fertilizer Guidelines 2024-25
SOIL_REC_01103,Mustard,2,15,30,6.32,1.61,0.35,238.0,23.9,165.2,22.5,1.45,10.2,Clay loam,Low,Medium,Medium,40.0,16.0,12.0,73.3,34.8,20.0,0.0,0.0,0.0,Nitrogen,NONE,"ICAR-IISS / Soil Health Card Portal (DAC&FW, GoI)",ICAR Soil Test Crop Response (STCR) Database & National Fertilizer Guidelines 2024-25
SOIL_REC_01104,Mustard,3,30,60,7.51,0.52,0.35,140.2,8.6,77.2,17.0,0.9,6.93,Clay loam,Low,Low,Low,40.0,20.8,15.0,69.3,45.2,25.0,0.0,0.0,0.0,Nitrogen,NONE,"ICAR-IISS / Soil Health Card Portal (DAC&FW, GoI)",ICAR Soil Test Crop Response (STCR) Database & National Fertilizer Guidelines 2024-25
SOIL_REC_01105,Mustard,1,0,15,7.08,2.4,0.36,149.3,45.4,189.5,21.1,0.7,3.11,Clay loam,Low,High,Medium,40.0,0.0,12.0,87.0,0.0,24.0,0.0,0.0,0.0,Nitrogen,HIGH_EC_SALINITY;ELEVATED_SALINITY,"ICAR-IISS / Soil Health Card Portal (DAC&FW, GoI)",ICAR Soil Test Crop Response (STCR) Database & National Fertilizer Guidelines 2024-25
SOIL_REC_01106,Mustard,2,15,30,6.09,2.19,0.31,415.9,8.5,237.7,8.1,1.19,2.97,Clay loam,Medium,Low,Medium,32.0,20.8,12.0,69.6,0.0,24.0,130.0,0.0,0.0,Phosphorus,HIGH_EC_SALINITY;ELEVATED_SALINITY,"ICAR-IISS / Soil Health Card Portal (DAC&FW, GoI)",ICAR Soil Test Crop Response (STCR) Database & National Fertilizer Guidelines 2024-25
SOIL_REC_01107,Mustard,3,30,60,5.88,0.3,0.4,275.1,15.2,52.6,24.1,0.3,9.29,Clay loam,Low,Medium,Low,40.0,16.0,15.0,87.0,0.0,25.0,100.0,10.0,0.0,Zinc,ACIDIC_PH,"ICAR-IISS / Soil Health Card Portal (DAC&FW, GoI)",ICAR Soil Test Crop Response (STCR) Database & National Fertilizer Guidelines 2024-25
SOIL_REC_01108,Mustard,1,0,15,8.72,0.24,0.95,544.7,28.7,106.1,10.6,0.37,7.32,Clay loam,Medium,High,Low,28.8,0.0,15.0,62.6,0.0,25.0,0.0,10.0,0.0,Potassium,ALKALINE_PH,"ICAR-IISS / Soil Health Card Portal (DAC&FW, GoI)",ICAR Soil Test Crop Response (STCR) Database & National Fertilizer Guidelines 2024-25
SOIL_REC_01109,Mustard,2,15,30,5.87,0.4,0.26,303.9,30.6,251.4,6.0,0.88,5.19,Clay loam,Medium,High,Medium,32.0,0.0,12.0,69.6,0.0,20.0,0.0,0.0,40.0,Nitrogen,ACIDIC_PH,"ICAR-IISS / Soil Health Card Portal (DAC&FW, GoI)",ICAR Soil Test Crop Response (STCR) Database & National Fertilizer Guidelines 2024-25
SOIL_REC_01110,Mustard,3,30,60,5.58,1.78,0.25,303.8,21.8,112.4,30.4,0.67,2.8,Clay loam,Medium,Medium,Low,32.0,16.0,15.0,69.6,0.0,25.0,100.0,0.0,0.0,Potassium,ACIDIC_PH,"ICAR-IISS / Soil Health Card Portal (DAC&FW, GoI)",ICAR Soil Test Crop Response (STCR) Database & National Fertilizer Guidelines 2024-25
SOIL_REC_01111,Mustard,1,0,15,5.65,2.62,1.02,132.8,31.6,380.9,18.3,1.45,7.33,Clay loam,Low,High,High,36.8,0.0,0.0,80.0,0.0,0.0,0.0,0.0,0.0,Nitrogen,ACIDIC_PH;ELEVATED_SALINITY,"ICAR-IISS / Soil Health Card Portal (DAC&FW, GoI)",ICAR Soil Test Crop Response (STCR) Database & National Fertilizer Guidelines 2024-25
SOIL_REC_01112,Mustard,2,15,30,7.42,1.09,0.27,401.5,5.5,263.6,14.7,1.8,3.25,Clay loam,Medium,Low,Medium,32.0,20.8,12.0,52.0,45.2,20.0,0.0,0.0,0.0,Phosphorus,NONE,"ICAR-IISS / Soil Health Card Portal (DAC&FW, GoI)",ICAR Soil Test Crop Response (STCR) Database & National Fertilizer Guidelines 2024-25
SOIL_REC_01113,Mustard,3,30,60,5.76,2.63,0.18,185.9,15.1,143.7,15.7,1.37,10.55,Clay loam,Low,Medium,Low,40.0,16.0,15.0,87.0,0.0,30.0,100.0,0.0,0.0,Nitrogen,HIGH_EC_SALINITY;ACIDIC_PH;ELEVATED_SALINITY,"ICAR-IISS / Soil Health Card Portal (DAC&FW, GoI)",ICAR Soil Test Crop Response (STCR) Database & National Fertilizer Guidelines 2024-25
SOIL_REC_01114,Mustard,1,0,15,8.13,1.78,0.78,380.2,19.3,160.2,20.1,1.66,5.62,Alluvial,Medium,Medium,Medium,32.0,16.0,12.0,55.9,34.8,20.0,0.0,0.0,0.0,Nitrogen,ALKALINE_PH,"ICAR-IISS / Soil Health Card Portal (DAC&FW, GoI)",ICAR Soil Test Crop Response (STCR) Database & National Fertilizer Guidelines 2024-25
SOIL_REC_01115,Mustard,2,15,30,8.14,2.74,0.28,208.1,35.1,254.6,16.5,1.73,6.39,Alluvial,Low,High,Medium,40.0,0.0,12.0,87.0,0.0,24.0,0.0,0.0,0.0,Nitrogen,HIGH_EC_SALINITY;ALKALINE_PH;ELEVATED_SALINITY,"ICAR-IISS / Soil Health Card Portal (DAC&FW, GoI)",ICAR Soil Test Crop Response (STCR) Database & National Fertilizer Guidelines 2024-25
SOIL_REC_01116,Mustard,3,30,60,5.76,1.66,0.11,150.6,13.2,86.5,26.0,0.57,10.36,Alluvial,Low,Medium,Low,40.0,16.0,15.0,87.0,0.0,25.0,100.0,10.0,0.0,Zinc,ACIDIC_PH,"ICAR-IISS / Soil Health Card Portal (DAC&FW, GoI)",ICAR Soil Test Crop Response (STCR) Database & National Fertilizer Guidelines 2024-25
SOIL_REC_01117,Mustard,1,0,15,8.55,0.84,1.01,457.1,34.0,308.0,26.3,0.75,3.62,Loam,Medium,High,Medium,28.8,0.0,12.0,62.6,0.0,20.0,0.0,0.0,0.0,Nitrogen,ALKALINE_PH,"ICAR-IISS / Soil Health Card Portal (DAC&FW, GoI)",ICAR Soil Test Crop Response (STCR) Database & National Fertilizer Guidelines 2024-25
SOIL_REC_01118,Mustard,2,15,30,6.85,1.51,0.22,275.3,32.3,121.0,9.0,0.93,4.08,Loam,Low,High,Low,40.0,0.0,15.0,87.0,0.0,25.0,0.0,0.0,40.0,Nitrogen,NONE,"ICAR-IISS / Soil Health Card Portal (DAC&FW, GoI)",ICAR Soil Test Crop Response (STCR) Database & National Fertilizer Guidelines 2024-25
SOIL_REC_01119,Mustard,3,30,60,6.88,2.19,0.41,177.5,5.1,201.5,27.3,0.24,4.09,Loam,Low,Low,Medium,40.0,20.8,12.0,69.3,45.2,24.0,0.0,10.0,0.0,Zinc,HIGH_EC_SALINITY;ELEVATED_SALINITY,"ICAR-IISS / Soil Health Card Portal (DAC&FW, GoI)",ICAR Soil Test Crop Response (STCR) Database & National Fertilizer Guidelines 2024-25
SOIL_REC_01120,Mustard,1,0,15,5.94,2.45,1.02,572.1,20.9,234.8,19.6,1.34,3.63,Sandy loam,High,Medium,Medium,9.6,16.0,12.0,20.9,0.0,24.0,100.0,0.0,0.0,Nitrogen,HIGH_EC_SALINITY;ACIDIC_PH;ELEVATED_SALINITY;HIGH_LEACHING_TEXTURE,"ICAR-IISS / Soil Health Card Portal (DAC&FW, GoI)",ICAR Soil Test Crop Response (STCR) Database & National Fertilizer Guidelines 2024-25
SOIL_REC_01121,Mustard,2,15,30,8.46,2.54,0.53,321.2,35.8,79.7,24.7,0.77,6.76,Sandy loam,Medium,High,Low,32.0,0.0,15.0,69.6,0.0,30.0,0.0,0.0,0.0,Potassium,HIGH_EC_SALINITY;ALKALINE_PH;ELEVATED_SALINITY;HIGH_LEACHING_TEXTURE,"ICAR-IISS / Soil Health Card Portal (DAC&FW, GoI)",ICAR Soil Test Crop Response (STCR) Database & National Fertilizer Guidelines 2024-25
SOIL_REC_01122,Mustard,3,30,60,6.85,1.37,0.47,132.3,13.0,69.2,9.1,1.43,11.21,Sandy loam,Low,Medium,Low,40.0,16.0,15.0,87.0,0.0,25.0,100.0,0.0,0.0,Nitrogen,HIGH_LEACHING_TEXTURE,"ICAR-IISS / Soil Health Card Portal (DAC&FW, GoI)",ICAR Soil Test Crop Response (STCR) Database & National Fertilizer Guidelines 2024-25
SOIL_REC_01123,Mustard,1,0,15,5.78,2.53,0.71,304.9,33.3,226.6,16.3,1.01,8.09,Alluvial,Medium,High,Medium,32.0,0.0,12.0,69.6,0.0,24.0,0.0,0.0,0.0,Nitrogen,HIGH_EC_SALINITY;ACIDIC_PH;ELEVATED_SALINITY,"ICAR-IISS / Soil Health Card Portal (DAC&FW, GoI)",ICAR Soil Test Crop Response (STCR) Database & National Fertilizer Guidelines 2024-25
SOIL_REC_01124,Mustard,2,15,30,8.62,0.45,0.32,217.9,22.3,309.8,20.2,1.55,6.55,Alluvial,Low,Medium,Medium,40.0,16.0,12.0,73.3,34.8,20.0,0.0,0.0,0.0,Nitrogen,ALKALINE_PH,"ICAR-IISS / Soil Health Card Portal (DAC&FW, GoI)",ICAR Soil Test Crop Response (STCR) Database & National Fertilizer Guidelines 2024-25
SOIL_REC_01125,Mustard,3,30,60,6.57,1.03,0.16,95.8,20.1,177.2,31.7,0.54,7.43,Alluvial,Low,Medium,Medium,40.0,16.0,12.0,73.3,34.8,20.0,0.0,10.0,0.0,Zinc,NONE,"ICAR-IISS / Soil Health Card Portal (DAC&FW, GoI)",ICAR Soil Test Crop Response (STCR) Database & National Fertilizer Guidelines 2024-25
SOIL_REC_01126,Mustard,1,0,15,8.4,1.02,0.48,202.8,18.1,265.2,10.3,0.47,11.42,Alluvial,Low,Medium,Medium,40.0,16.0,12.0,87.0,0.0,20.0,100.0,10.0,0.0,Zinc,ALKALINE_PH,"ICAR-IISS / Soil Health Card Portal (DAC&FW, GoI)",ICAR Soil Test Crop Response (STCR) Database & National Fertilizer Guidelines 2024-25
SOIL_REC_01127,Mustard,2,15,30,6.36,1.78,0.19,176.9,13.3,93.4,19.5,1.01,4.1,Alluvial,Low,Medium,Low,40.0,16.0,15.0,73.3,34.8,25.0,0.0,0.0,0.0,Nitrogen,NONE,"ICAR-IISS / Soil Health Card Portal (DAC&FW, GoI)",ICAR Soil Test Crop Response (STCR) Database & National Fertilizer Guidelines 2024-25
SOIL_REC_01128,Mustard,3,30,60,7.47,0.3,0.5,194.5,7.1,132.9,27.0,0.79,5.18,Alluvial,Low,Low,Low,40.0,20.8,15.0,69.3,45.2,25.0,0.0,0.0,0.0,Nitrogen,NONE,"ICAR-IISS / Soil Health Card Portal (DAC&FW, GoI)",ICAR Soil Test Crop Response (STCR) Database & National Fertilizer Guidelines 2024-25
SOIL_REC_01129,Mustard,1,0,15,6.91,1.36,0.27,346.9,44.6,347.9,29.7,0.39,10.94,Alluvial,Medium,High,High,32.0,0.0,0.0,69.6,0.0,0.0,0.0,10.0,0.0,Zinc,NONE,"ICAR-IISS / Soil Health Card Portal (DAC&FW, GoI)",ICAR Soil Test Crop Response (STCR) Database & National Fertilizer Guidelines 2024-25
SOIL_REC_01130,Mustard,2,15,30,7.13,0.43,0.21,194.4,25.6,329.0,26.5,1.39,4.61,Alluvial,Low,High,Medium,40.0,0.0,12.0,87.0,0.0,20.0,0.0,0.0,0.0,Nitrogen,NONE,"ICAR-IISS / Soil Health Card Portal (DAC&FW, GoI)",ICAR Soil Test Crop Response (STCR) Database & National Fertilizer Guidelines 2024-25
SOIL_REC_01131,Mustard,3,30,60,5.75,0.61,0.23,173.4,18.4,166.0,6.1,1.3,10.98,Alluvial,Low,Medium,Medium,40.0,16.0,12.0,87.0,0.0,20.0,100.0,0.0,0.0,Nitrogen,ACIDIC_PH,"ICAR-IISS / Soil Health Card Portal (DAC&FW, GoI)",ICAR Soil Test Crop Response (STCR) Database & National Fertilizer Guidelines 2024-25
SOIL_REC_01132,Mustard,1,0,15,6.93,2.62,0.9,278.8,41.3,328.0,28.6,0.26,8.53,Sandy loam,Low,High,Medium,36.8,0.0,12.0,80.0,0.0,24.0,0.0,10.0,0.0,Zinc,HIGH_EC_SALINITY;ELEVATED_SALINITY;HIGH_LEACHING_TEXTURE,"ICAR-IISS / Soil Health Card Portal (DAC&FW, GoI)",ICAR Soil Test Crop Response (STCR) Database & National Fertilizer Guidelines 2024-25
SOIL_REC_01133,Mustard,2,15,30,5.53,0.56,0.38,443.7,25.7,139.1,8.2,1.5,9.47,Sandy loam,Medium,High,Low,32.0,0.0,15.0,69.6,0.0,25.0,0.0,0.0,40.0,Potassium,ACIDIC_PH;HIGH_LEACHING_TEXTURE,"ICAR-IISS / Soil Health Card Portal (DAC&FW, GoI)",ICAR Soil Test Crop Response (STCR) Database & National Fertilizer Guidelines 2024-25
SOIL_REC_01134,Mustard,3,30,60,6.43,0.72,0.49,297.7,21.0,179.9,4.1,0.31,7.8,Sandy loam,Medium,Medium,Medium,32.0,16.0,12.0,69.6,0.0,20.0,100.0,10.0,0.0,Zinc,HIGH_LEACHING_TEXTURE,"ICAR-IISS / Soil Health Card Portal (DAC&FW, GoI)",ICAR Soil Test Crop Response (STCR) Database & National Fertilizer Guidelines 2024-25
SOIL_REC_01135,Mustard,1,0,15,7.84,0.3,0.8,426.7,32.5,174.5,13.8,1.05,11.57,Loam,Medium,High,Medium,32.0,0.0,12.0,69.6,0.0,20.0,0.0,0.0,0.0,Nitrogen,NONE,"ICAR-IISS / Soil Health Card Portal (DAC&FW, GoI)",ICAR Soil Test Crop Response (STCR) Database & National Fertilizer Guidelines 2024-25
SOIL_REC_01136,Mustard,2,15,30,8.4,2.39,0.74,340.5,19.9,237.6,20.7,1.07,5.31,Loam,Medium,Medium,Medium,32.0,16.0,12.0,55.9,34.8,24.0,0.0,0.0,0.0,Nitrogen,HIGH_EC_SALINITY;ALKALINE_PH;ELEVATED_SALINITY,"ICAR-IISS / Soil Health Card Portal (DAC&FW, GoI)",ICAR Soil Test Crop Response (STCR) Database & National Fertilizer Guidelines 2024-25
SOIL_REC_01137,Mustard,3,30,60,6.22,2.7,0.5,251.0,11.8,125.5,10.9,0.88,4.17,Loam,Low,Medium,Low,40.0,16.0,15.0,87.0,0.0,30.0,100.0,0.0,0.0,Nitrogen,HIGH_EC_SALINITY;ELEVATED_SALINITY,"ICAR-IISS / Soil Health Card Portal (DAC&FW, GoI)",ICAR Soil Test Crop Response (STCR) Database & National Fertilizer Guidelines 2024-25
SOIL_REC_01138,Mustard,1,0,15,7.68,1.1,0.53,184.0,43.1,392.4,28.2,1.16,9.03,Clay loam,Low,High,High,40.0,0.0,0.0,87.0,0.0,0.0,0.0,0.0,0.0,Nitrogen,NONE,"ICAR-IISS / Soil Health Card Portal (DAC&FW, GoI)",ICAR Soil Test Crop Response (STCR) Database & National Fertilizer Guidelines 2024-25
SOIL_REC_01139,Mustard,2,15,30,5.6,0.9,0.27,409.1,17.4,219.3,13.0,1.28,6.41,Clay loam,Medium,Medium,Medium,32.0,16.0,12.0,69.6,0.0,20.0,100.0,0.0,0.0,Nitrogen,ACIDIC_PH,"ICAR-IISS / Soil Health Card Portal (DAC&FW, GoI)",ICAR Soil Test Crop Response (STCR) Database & National Fertilizer Guidelines 2024-25
SOIL_REC_01140,Mustard,3,30,60,8.17,1.31,0.2,73.7,13.2,84.4,21.8,0.27,6.75,Clay loam,Low,Medium,Low,40.0,16.0,15.0,73.3,34.8,25.0,0.0,10.0,0.0,Zinc,ALKALINE_PH,"ICAR-IISS / Soil Health Card Portal (DAC&FW, GoI)",ICAR Soil Test Crop Response (STCR) Database & National Fertilizer Guidelines 2024-25
SOIL_REC_01141,Mustard,1,0,15,7.39,0.63,0.35,432.6,45.8,310.8,13.2,1.17,2.69,Loam,Medium,High,Medium,32.0,0.0,12.0,69.6,0.0,20.0,0.0,0.0,0.0,Nitrogen,NONE,"ICAR-IISS / Soil Health Card Portal (DAC&FW, GoI)",ICAR Soil Test Crop Response (STCR) Database & National Fertilizer Guidelines 2024-25
SOIL_REC_01142,Mustard,2,15,30,7.88,2.29,0.18,354.3,33.2,274.5,19.5,1.25,7.43,Loam,Medium,High,Medium,32.0,0.0,12.0,69.6,0.0,24.0,0.0,0.0,0.0,Nitrogen,HIGH_EC_SALINITY;ELEVATED_SALINITY,"ICAR-IISS / Soil Health Card Portal (DAC&FW, GoI)",ICAR Soil Test Crop Response (STCR) Database & National Fertilizer Guidelines 2024-25
SOIL_REC_01143,Mustard,3,30,60,6.69,0.72,0.15,193.9,21.1,86.3,26.4,1.66,5.65,Loam,Low,Medium,Low,40.0,16.0,15.0,73.3,34.8,25.0,0.0,0.0,0.0,Nitrogen,NONE,"ICAR-IISS / Soil Health Card Portal (DAC&FW, GoI)",ICAR Soil Test Crop Response (STCR) Database & National Fertilizer Guidelines 2024-25
SOIL_REC_01144,Mustard,1,0,15,7.32,0.85,0.16,542.7,37.7,279.6,18.0,1.47,2.9,Loam,Medium,High,Medium,32.0,0.0,12.0,69.6,0.0,20.0,0.0,0.0,0.0,Nitrogen,NONE,"ICAR-IISS / Soil Health Card Portal (DAC&FW, GoI)",ICAR Soil Test Crop Response (STCR) Database & National Fertilizer Guidelines 2024-25
SOIL_REC_01145,Mustard,2,15,30,6.43,0.26,0.56,348.0,5.6,270.0,26.8,0.8,6.31,Loam,Medium,Low,Medium,32.0,20.8,12.0,52.0,45.2,20.0,0.0,0.0,0.0,Phosphorus,NONE,"ICAR-IISS / Soil Health Card Portal (DAC&FW, GoI)",ICAR Soil Test Crop Response (STCR) Database & National Fertilizer Guidelines 2024-25
SOIL_REC_01146,Mustard,3,30,60,8.2,2.48,0.48,79.1,13.6,171.6,24.5,0.23,9.56,Loam,Low,Medium,Medium,40.0,16.0,12.0,73.3,34.8,24.0,0.0,10.0,0.0,Zinc,HIGH_EC_SALINITY;ALKALINE_PH;ELEVATED_SALINITY,"ICAR-IISS / Soil Health Card Portal (DAC&FW, GoI)",ICAR Soil Test Crop Response (STCR) Database & National Fertilizer Guidelines 2024-25
SOIL_REC_01147,Mustard,1,0,15,7.5,0.59,0.85,516.3,14.2,308.0,12.7,0.72,7.37,Alluvial,Medium,Medium,Medium,28.8,16.0,12.0,48.9,34.8,20.0,0.0,0.0,0.0,Nitrogen,NONE,"ICAR-IISS / Soil Health Card Portal (DAC&FW, GoI)",ICAR Soil Test Crop Response (STCR) Database & National Fertilizer Guidelines 2024-25
SOIL_REC_01148,Mustard,2,15,30,5.58,0.91,0.26,189.1,25.2,194.8,12.2,0.35,11.69,Alluvial,Low,High,Medium,40.0,0.0,12.0,87.0,0.0,20.0,0.0,10.0,0.0,Zinc,ACIDIC_PH,"ICAR-IISS / Soil Health Card Portal (DAC&FW, GoI)",ICAR Soil Test Crop Response (STCR) Database & National Fertilizer Guidelines 2024-25
SOIL_REC_01149,Mustard,3,30,60,7.35,1.46,0.51,193.3,8.1,48.1,17.9,0.83,6.04,Alluvial,Low,Low,Low,40.0,20.8,15.0,69.3,45.2,25.0,0.0,0.0,0.0,Nitrogen,NONE,"ICAR-IISS / Soil Health Card Portal (DAC&FW, GoI)",ICAR Soil Test Crop Response (STCR) Database & National Fertilizer Guidelines 2024-25
SOIL_REC_01150,Mustard,1,0,15,7.86,1.38,0.7,132.4,38.4,251.0,17.4,0.37,5.45,Alluvial,Low,High,Medium,40.0,0.0,12.0,87.0,0.0,20.0,0.0,10.0,0.0,Zinc,NONE,"ICAR-IISS / Soil Health Card Portal (DAC&FW, GoI)",ICAR Soil Test Crop Response (STCR) Database & National Fertilizer Guidelines 2024-25
SOIL_REC_01151,Mustard,2,15,30,5.97,1.84,0.17,300.3,11.0,321.9,20.6,0.33,6.33,Alluvial,Medium,Medium,Medium,32.0,16.0,12.0,69.6,0.0,20.0,100.0,10.0,0.0,Zinc,ACIDIC_PH;ELEVATED_SALINITY,"ICAR-IISS / Soil Health Card Portal (DAC&FW, GoI)",ICAR Soil Test Crop Response (STCR) Database & National Fertilizer Guidelines 2024-25
SOIL_REC_01152,Mustard,3,30,60,8.27,1.56,0.47,250.1,4.2,133.8,15.5,1.38,10.43,Alluvial,Low,Low,Low,40.0,20.8,15.0,69.3,45.2,25.0,0.0,0.0,0.0,Nitrogen,ALKALINE_PH,"ICAR-IISS / Soil Health Card Portal (DAC&FW, GoI)",ICAR Soil Test Crop Response (STCR) Database & National Fertilizer Guidelines 2024-25
SOIL_REC_01153,Mustard,1,0,15,6.56,1.67,0.54,122.8,35.0,361.8,26.3,1.07,5.47,Sandy loam,Low,High,High,40.0,0.0,0.0,87.0,0.0,0.0,0.0,0.0,0.0,Nitrogen,HIGH_LEACHING_TEXTURE,"ICAR-IISS / Soil Health Card Portal (DAC&FW, GoI)",ICAR Soil Test Crop Response (STCR) Database & National Fertilizer Guidelines 2024-25
SOIL_REC_01154,Mustard,2,15,30,7.65,1.04,0.62,282.9,31.5,335.5,6.3,0.37,9.14,Sandy loam,Medium,High,Medium,32.0,0.0,12.0,69.6,0.0,20.0,0.0,10.0,40.0,Zinc,HIGH_LEACHING_TEXTURE,"ICAR-IISS / Soil Health Card Portal (DAC&FW, GoI)",ICAR Soil Test Crop Response (STCR) Database & National Fertilizer Guidelines 2024-25
SOIL_REC_01155,Mustard,3,30,60,6.74,2.17,0.15,247.0,6.5,123.8,31.2,0.26,6.53,Sandy loam,Low,Low,Low,40.0,20.8,15.0,69.3,45.2,30.0,0.0,10.0,0.0,Zinc,HIGH_EC_SALINITY;ELEVATED_SALINITY;HIGH_LEACHING_TEXTURE,"ICAR-IISS / Soil Health Card Portal (DAC&FW, GoI)",ICAR Soil Test Crop Response (STCR) Database & National Fertilizer Guidelines 2024-25
SOIL_REC_01156,Mustard,1,0,15,7.57,1.56,0.28,557.1,23.6,93.3,7.3,1.79,9.34,Loam,Medium,Medium,Low,32.0,16.0,15.0,69.6,0.0,25.0,100.0,0.0,0.0,Potassium,NONE,"ICAR-IISS / Soil Health Card Portal (DAC&FW, GoI)",ICAR Soil Test Crop Response (STCR) Database & National Fertilizer Guidelines 2024-25
SOIL_REC_01157,Mustard,2,15,30,8.4,0.9,0.34,423.6,22.3,112.3,12.1,1.3,10.13,Loam,Medium,Medium,Low,32.0,16.0,15.0,55.9,34.8,25.0,0.0,0.0,0.0,Potassium,ALKALINE_PH,"ICAR-IISS / Soil Health Card Portal (DAC&FW, GoI)",ICAR Soil Test Crop Response (STCR) Database & National Fertilizer Guidelines 2024-25
SOIL_REC_01158,Mustard,3,30,60,8.64,1.17,0.36,178.0,7.4,104.4,24.9,1.79,11.31,Loam,Low,Low,Low,40.0,20.8,15.0,69.3,45.2,25.0,0.0,0.0,0.0,Nitrogen,ALKALINE_PH,"ICAR-IISS / Soil Health Card Portal (DAC&FW, GoI)",ICAR Soil Test Crop Response (STCR) Database & National Fertilizer Guidelines 2024-25
SOIL_REC_01159,Mustard,1,0,15,7.23,2.36,0.16,328.2,12.3,114.1,31.4,0.7,4.28,Loam,Medium,Medium,Low,32.0,16.0,15.0,55.9,34.8,30.0,0.0,0.0,0.0,Potassium,HIGH_EC_SALINITY;ELEVATED_SALINITY,"ICAR-IISS / Soil Health Card Portal (DAC&FW, GoI)",ICAR Soil Test Crop Response (STCR) Database & National Fertilizer Guidelines 2024-25
SOIL_REC_01160,Mustard,2,15,30,7.79,1.6,0.35,112.9,19.3,109.7,13.8,1.09,4.65,Loam,Low,Medium,Low,40.0,16.0,15.0,73.3,34.8,25.0,0.0,0.0,0.0,Nitrogen,NONE,"ICAR-IISS / Soil Health Card Portal (DAC&FW, GoI)",ICAR Soil Test Crop Response (STCR) Database & National Fertilizer Guidelines 2024-25
SOIL_REC_01161,Mustard,3,30,60,7.58,2.61,0.21,265.2,21.2,150.2,12.6,1.2,6.33,Loam,Low,Medium,Medium,40.0,16.0,12.0,73.3,34.8,24.0,0.0,0.0,0.0,Nitrogen,HIGH_EC_SALINITY;ELEVATED_SALINITY,"ICAR-IISS / Soil Health Card Portal (DAC&FW, GoI)",ICAR Soil Test Crop Response (STCR) Database & National Fertilizer Guidelines 2024-25
SOIL_REC_01162,Mustard,1,0,15,7.35,1.87,0.34,416.3,10.3,167.9,9.0,1.1,3.7,Clay loam,Medium,Medium,Medium,32.0,16.0,12.0,69.6,0.0,20.0,100.0,0.0,0.0,Nitrogen,ELEVATED_SALINITY,"ICAR-IISS / Soil Health Card Portal (DAC&FW, GoI)",ICAR Soil Test Crop Response (STCR) Database & National Fertilizer Guidelines 2024-25
SOIL_REC_01163,Mustard,2,15,30,7.22,1.88,0.39,305.9,31.4,230.8,31.1,1.38,8.35,Clay loam,Medium,High,Medium,32.0,0.0,12.0,69.6,0.0,20.0,0.0,0.0,0.0,Nitrogen,ELEVATED_SALINITY,"ICAR-IISS / Soil Health Card Portal (DAC&FW, GoI)",ICAR Soil Test Crop Response (STCR) Database & National Fertilizer Guidelines 2024-25
SOIL_REC_01164,Mustard,3,30,60,8.5,0.74,0.08,118.0,7.5,212.3,21.2,0.43,7.02,Clay loam,Low,Low,Medium,40.0,20.8,12.0,69.3,45.2,20.0,0.0,10.0,0.0,Zinc,ALKALINE_PH,"ICAR-IISS / Soil Health Card Portal (DAC&FW, GoI)",ICAR Soil Test Crop Response (STCR) Database & National Fertilizer Guidelines 2024-25
SOIL_REC_01165,Mustard,1,0,15,6.57,2.53,0.2,375.9,24.5,329.3,13.2,1.0,3.61,Sandy loam,Medium,Medium,Medium,32.0,16.0,12.0,55.9,34.8,24.0,0.0,0.0,0.0,Nitrogen,HIGH_EC_SALINITY;ELEVATED_SALINITY;HIGH_LEACHING_TEXTURE,"ICAR-IISS / Soil Health Card Portal (DAC&FW, GoI)",ICAR Soil Test Crop Response (STCR) Database & National Fertilizer Guidelines 2024-25
SOIL_REC_01166,Mustard,2,15,30,7.35,1.18,0.39,267.9,14.3,208.4,18.9,1.61,10.5,Sandy loam,Low,Medium,Medium,40.0,16.0,12.0,73.3,34.8,20.0,0.0,0.0,0.0,Nitrogen,HIGH_LEACHING_TEXTURE,"ICAR-IISS / Soil Health Card Portal (DAC&FW, GoI)",ICAR Soil Test Crop Response (STCR) Database & National Fertilizer Guidelines 2024-25
SOIL_REC_01167,Mustard,3,30,60,8.65,2.66,0.47,237.8,20.6,145.9,17.7,1.46,9.01,Sandy loam,Low,Medium,Medium,40.0,16.0,12.0,73.3,34.8,24.0,0.0,0.0,0.0,Nitrogen,HIGH_EC_SALINITY;ALKALINE_PH;ELEVATED_SALINITY;HIGH_LEACHING_TEXTURE,"ICAR-IISS / Soil Health Card Portal (DAC&FW, GoI)",ICAR Soil Test Crop Response (STCR) Database & National Fertilizer Guidelines 2024-25
SOIL_REC_01168,Mustard,1,0,15,8.47,1.9,0.32,553.1,41.9,367.5,13.7,0.88,8.36,Alluvial,Medium,High,High,32.0,0.0,0.0,69.6,0.0,0.0,0.0,0.0,0.0,Nitrogen,ALKALINE_PH;ELEVATED_SALINITY,"ICAR-IISS / Soil Health Card Portal (DAC&FW, GoI)",ICAR Soil Test Crop Response (STCR) Database & National Fertilizer Guidelines 2024-25
SOIL_REC_01169,Mustard,2,15,30,8.39,2.59,0.25,230.3,33.9,336.3,9.5,0.78,4.35,Alluvial,Low,High,High,40.0,0.0,0.0,87.0,0.0,0.0,0.0,0.0,40.0,Nitrogen,ALKALINE_PH;ELEVATED_SALINITY,"ICAR-IISS / Soil Health Card Portal (DAC&FW, GoI)",ICAR Soil Test Crop Response (STCR) Database & National Fertilizer Guidelines 2024-25
SOIL_REC_01170,Mustard,3,30,60,7.43,1.05,0.51,289.0,13.6,47.3,11.6,1.24,8.6,Alluvial,Medium,Medium,Low,32.0,16.0,15.0,69.6,0.0,25.0,100.0,0.0,0.0,Potassium,NONE,"ICAR-IISS / Soil Health Card Portal (DAC&FW, GoI)",ICAR Soil Test Crop Response (STCR) Database & National Fertilizer Guidelines 2024-25
SOIL_REC_01171,Sunflower,1,0,15,5.64,2.01,0.39,432.6,46.8,386.4,28.2,1.68,11.97,Black soil,Medium,High,High,24.0,0.0,0.0,52.2,0.0,0.0,0.0,0.0,0.0,Nitrogen,ACIDIC_PH;ELEVATED_SALINITY,"ICAR-IISS / Soil Health Card Portal (DAC&FW, GoI)",ICAR Soil Test Crop Response (STCR) Database & National Fertilizer Guidelines 2024-25
SOIL_REC_01172,Sunflower,2,15,30,7.59,1.47,0.45,418.1,28.1,285.5,5.1,0.25,11.0,Black soil,Medium,High,Medium,24.0,0.0,16.0,52.2,0.0,26.7,0.0,0.0,40.0,Nitrogen,NONE,"ICAR-IISS / Soil Health Card Portal (DAC&FW, GoI)",ICAR Soil Test Crop Response (STCR) Database & National Fertilizer Guidelines 2024-25
SOIL_REC_01173,Sunflower,3,30,60,6.01,2.11,0.49,92.9,11.8,197.2,5.6,1.22,3.09,Black soil,Low,Medium,Medium,30.0,24.0,16.0,65.2,0.0,32.0,150.0,0.0,0.0,Nitrogen,HIGH_EC_SALINITY;ELEVATED_SALINITY,"ICAR-IISS / Soil Health Card Portal (DAC&FW, GoI)",ICAR Soil Test Crop Response (STCR) Database & National Fertilizer Guidelines 2024-25
SOIL_REC_01174,Sunflower,1,0,15,8.33,0.92,0.96,447.6,37.0,209.8,22.8,1.64,11.03,Sandy loam,Medium,High,Medium,21.6,0.0,16.0,47.0,0.0,26.7,0.0,0.0,0.0,Nitrogen,ALKALINE_PH;HIGH_LEACHING_TEXTURE,"ICAR-IISS / Soil Health Card Portal (DAC&FW, GoI)",ICAR Soil Test Crop Response (STCR) Database & National Fertilizer Guidelines 2024-25
SOIL_REC_01175,Sunflower,2,15,30,6.06,2.76,0.63,227.3,4.9,246.9,15.7,1.27,3.08,Sandy loam,Low,Low,Medium,30.0,31.2,16.0,65.2,0.0,32.0,195.0,0.0,0.0,Nitrogen,HIGH_EC_SALINITY;ELEVATED_SALINITY;HIGH_LEACHING_TEXTURE,"ICAR-IISS / Soil Health Card Portal (DAC&FW, GoI)",ICAR Soil Test Crop Response (STCR) Database & National Fertilizer Guidelines 2024-25
SOIL_REC_01176,Sunflower,3,30,60,6.14,2.18,0.15,126.7,6.6,53.0,21.0,1.3,6.39,Sandy loam,Low,Low,Low,30.0,31.2,20.0,65.2,0.0,40.0,195.0,0.0,0.0,Nitrogen,HIGH_EC_SALINITY;ELEVATED_SALINITY;HIGH_LEACHING_TEXTURE,"ICAR-IISS / Soil Health Card Portal (DAC&FW, GoI)",ICAR Soil Test Crop Response (STCR) Database & National Fertilizer Guidelines 2024-25
SOIL_REC_01177,Sunflower,1,0,15,7.96,2.38,0.15,256.9,20.7,212.9,19.9,1.31,7.88,Red soil,Low,Medium,Medium,30.0,24.0,16.0,44.8,52.2,32.0,0.0,0.0,0.0,Nitrogen,HIGH_EC_SALINITY;ELEVATED_SALINITY,"ICAR-IISS / Soil Health Card Portal (DAC&FW, GoI)",ICAR Soil Test Crop Response (STCR) Database & National Fertilizer Guidelines 2024-25
SOIL_REC_01178,Sunflower,2,15,30,7.03,0.5,0.18,363.6,10.3,227.1,31.0,1.43,9.99,Red soil,Medium,Medium,Medium,24.0,24.0,16.0,31.7,52.2,26.7,0.0,0.0,0.0,Nitrogen,NONE,"ICAR-IISS / Soil Health Card Portal (DAC&FW, GoI)",ICAR Soil Test Crop Response (STCR) Database & National Fertilizer Guidelines 2024-25
SOIL_REC_01179,Sunflower,3,30,60,6.22,1.17,0.11,241.1,8.2,195.7,22.0,1.64,4.32,Red soil,Low,Low,Medium,30.0,31.2,16.0,38.7,67.8,26.7,0.0,0.0,0.0,Nitrogen,NONE,"ICAR-IISS / Soil Health Card Portal (DAC&FW, GoI)",ICAR Soil Test Crop Response (STCR) Database & National Fertilizer Guidelines 2024-25
SOIL_REC_01180,Sunflower,1,0,15,5.94,0.34,0.82,209.0,11.9,203.6,10.3,0.5,10.89,Red soil,Low,Medium,Medium,27.6,24.0,16.0,60.0,0.0,26.7,150.0,0.0,0.0,Nitrogen,ACIDIC_PH,"ICAR-IISS / Soil Health Card Portal (DAC&FW, GoI)",ICAR Soil Test Crop Response (STCR) Database & National Fertilizer Guidelines 2024-25
SOIL_REC_01181,Sunflower,2,15,30,6.08,0.97,0.61,189.2,19.9,223.7,13.8,1.23,6.77,Red soil,Low,Medium,Medium,30.0,24.0,16.0,65.2,0.0,26.7,150.0,0.0,0.0,Nitrogen,NONE,"ICAR-IISS / Soil Health Card Portal (DAC&FW, GoI)",ICAR Soil Test Crop Response (STCR) Database & National Fertilizer Guidelines 2024-25
SOIL_REC_01182,Sunflower,3,30,60,7.58,2.36,0.09,268.7,11.1,141.8,9.9,1.32,5.8,Red soil,Low,Medium,Low,30.0,24.0,20.0,65.2,0.0,40.0,150.0,0.0,0.0,Nitrogen,HIGH_EC_SALINITY;ELEVATED_SALINITY,"ICAR-IISS / Soil Health Card Portal (DAC&FW, GoI)",ICAR Soil Test Crop Response (STCR) Database & National Fertilizer Guidelines 2024-25
SOIL_REC_01183,Sunflower,1,0,15,8.13,0.74,0.81,371.9,40.9,375.9,6.5,1.44,4.95,Red soil,Medium,High,High,21.6,0.0,0.0,47.0,0.0,0.0,0.0,0.0,40.0,Nitrogen,ALKALINE_PH,"ICAR-IISS / Soil Health Card Portal (DAC&FW, GoI)",ICAR Soil Test Crop Response (STCR) Database & National Fertilizer Guidelines 2024-25
SOIL_REC_01184,Sunflower,2,15,30,7.04,0.28,0.19,336.9,10.4,105.3,20.4,0.8,6.09,Red soil,Medium,Medium,Low,24.0,24.0,20.0,31.7,52.2,33.3,0.0,0.0,0.0,Potassium,NONE,"ICAR-IISS / Soil Health Card Portal (DAC&FW, GoI)",ICAR Soil Test Crop Response (STCR) Database & National Fertilizer Guidelines 2024-25
SOIL_REC_01185,Sunflower,3,30,60,7.44,0.29,0.41,217.4,21.3,46.4,15.8,0.74,8.65,Red soil,Low,Medium,Low,30.0,24.0,20.0,44.8,52.2,33.3,0.0,0.0,0.0,Nitrogen,NONE,"ICAR-IISS / Soil Health Card Portal (DAC&FW, GoI)",ICAR Soil Test Crop Response (STCR) Database & National Fertilizer Guidelines 2024-25
SOIL_REC_01186,Sunflower,1,0,15,6.12,1.13,0.3,393.4,37.6,248.0,21.3,1.15,9.1,Sandy loam,Medium,High,Medium,24.0,0.0,16.0,52.2,0.0,26.7,0.0,0.0,0.0,Nitrogen,HIGH_LEACHING_TEXTURE,"ICAR-IISS / Soil Health Card Portal (DAC&FW, GoI)",ICAR Soil Test Crop Response (STCR) Database & National Fertilizer Guidelines 2024-25
SOIL_REC_01187,Sunflower,2,15,30,7.91,1.43,0.29,361.3,23.4,197.8,15.2,0.26,11.33,Sandy loam,Medium,Medium,Medium,24.0,24.0,16.0,31.7,52.2,26.7,0.0,0.0,0.0,Nitrogen,HIGH_LEACHING_TEXTURE,"ICAR-IISS / Soil Health Card Portal (DAC&FW, GoI)",ICAR Soil Test Crop Response (STCR) Database & National Fertilizer Guidelines 2024-25
SOIL_REC_01188,Sunflower,3,30,60,6.27,2.63,0.52,87.0,11.9,93.5,20.2,1.15,4.06,Sandy loam,Low,Medium,Low,30.0,24.0,20.0,44.8,52.2,40.0,0.0,0.0,0.0,Nitrogen,HIGH_EC_SALINITY;ELEVATED_SALINITY;HIGH_LEACHING_TEXTURE,"ICAR-IISS / Soil Health Card Portal (DAC&FW, GoI)",ICAR Soil Test Crop Response (STCR) Database & National Fertilizer Guidelines 2024-25
SOIL_REC_01189,Sunflower,1,0,15,8.54,2.51,1.07,591.4,14.3,440.1,25.1,0.41,5.66,Loam,High,Medium,High,7.2,24.0,0.0,0.0,52.2,0.0,0.0,0.0,0.0,Nitrogen,ALKALINE_PH;ELEVATED_SALINITY,"ICAR-IISS / Soil Health Card Portal (DAC&FW, GoI)",ICAR Soil Test Crop Response (STCR) Database & National Fertilizer Guidelines 2024-25
SOIL_REC_01190,Sunflower,2,15,30,8.67,2.72,0.33,377.2,29.7,191.4,8.6,0.2,3.9,Loam,Medium,High,Medium,24.0,0.0,16.0,52.2,0.0,32.0,0.0,0.0,40.0,Nitrogen,HIGH_EC_SALINITY;ALKALINE_PH;ELEVATED_SALINITY,"ICAR-IISS / Soil Health Card Portal (DAC&FW, GoI)",ICAR Soil Test Crop Response (STCR) Database & National Fertilizer Guidelines 2024-25
SOIL_REC_01191,Sunflower,3,30,60,8.41,0.98,0.11,119.0,7.3,61.2,10.9,1.3,10.53,Loam,Low,Low,Low,30.0,31.2,20.0,65.2,0.0,33.3,195.0,0.0,0.0,Nitrogen,ALKALINE_PH,"ICAR-IISS / Soil Health Card Portal (DAC&FW, GoI)",ICAR Soil Test Crop Response (STCR) Database & National Fertilizer Guidelines 2024-25
SOIL_REC_01192,Sunflower,1,0,15,5.52,0.61,0.24,394.9,22.5,166.5,17.2,0.8,6.9,Clay loam,Medium,Medium,Medium,24.0,24.0,16.0,52.2,0.0,26.7,150.0,0.0,0.0,Nitrogen,ACIDIC_PH,"ICAR-IISS / Soil Health Card Portal (DAC&FW, GoI)",ICAR Soil Test Crop Response (STCR) Database & National Fertilizer Guidelines 2024-25
SOIL_REC_01193,Sunflower,2,15,30,6.3,2.58,0.39,209.4,34.0,175.5,13.2,0.65,8.91,Clay loam,Low,High,Medium,30.0,0.0,16.0,65.2,0.0,32.0,0.0,0.0,0.0,Nitrogen,HIGH_EC_SALINITY;ELEVATED_SALINITY,"ICAR-IISS / Soil Health Card Portal (DAC&FW, GoI)",ICAR Soil Test Crop Response (STCR) Database & National Fertilizer Guidelines 2024-25
SOIL_REC_01194,Sunflower,3,30,60,8.38,1.75,0.33,146.7,17.1,219.6,4.8,1.62,4.19,Clay loam,Low,Medium,Medium,30.0,24.0,16.0,65.2,0.0,26.7,150.0,0.0,0.0,Nitrogen,ALKALINE_PH,"ICAR-IISS / Soil Health Card Portal (DAC&FW, GoI)",ICAR Soil Test Crop Response (STCR) Database & National Fertilizer Guidelines 2024-25
SOIL_REC_01195,Sunflower,1,0,15,6.72,1.08,0.93,425.3,37.6,419.3,22.1,0.42,4.29,Loam,Medium,High,High,21.6,0.0,0.0,47.0,0.0,0.0,0.0,0.0,0.0,Nitrogen,NONE,"ICAR-IISS / Soil Health Card Portal (DAC&FW, GoI)",ICAR Soil Test Crop Response (STCR) Database & National Fertilizer Guidelines 2024-25
SOIL_REC_01196,Sunflower,2,15,30,6.2,1.33,0.35,335.3,17.9,144.4,14.8,1.51,2.83,Loam,Medium,Medium,Low,24.0,24.0,20.0,31.7,52.2,33.3,0.0,0.0,0.0,Potassium,NONE,"ICAR-IISS / Soil Health Card Portal (DAC&FW, GoI)",ICAR Soil Test Crop Response (STCR) Database & National Fertilizer Guidelines 2024-25
SOIL_REC_01197,Sunflower,3,30,60,8.66,1.3,0.15,230.6,20.5,128.7,6.3,1.3,3.46,Loam,Low,Medium,Low,30.0,24.0,20.0,65.2,0.0,33.3,150.0,0.0,0.0,Nitrogen,ALKALINE_PH,"ICAR-IISS / Soil Health Card Portal (DAC&FW, GoI)",ICAR Soil Test Crop Response (STCR) Database & National Fertilizer Guidelines 2024-25
SOIL_REC_01198,Sunflower,1,0,15,8.15,0.23,0.45,407.3,22.1,253.7,17.6,1.74,6.32,Black soil,Medium,Medium,Medium,24.0,24.0,16.0,31.7,52.2,26.7,0.0,0.0,0.0,Nitrogen,ALKALINE_PH,"ICAR-IISS / Soil Health Card Portal (DAC&FW, GoI)",ICAR Soil Test Crop Response (STCR) Database & National Fertilizer Guidelines 2024-25
SOIL_REC_01199,Sunflower,2,15,30,8.05,0.99,0.3,327.8,23.5,284.2,16.6,0.8,7.0,Black soil,Medium,Medium,Medium,24.0,24.0,16.0,31.7,52.2,26.7,0.0,0.0,0.0,Nitrogen,ALKALINE_PH,"ICAR-IISS / Soil Health Card Portal (DAC&FW, GoI)",ICAR Soil Test Crop Response (STCR) Database & National Fertilizer Guidelines 2024-25
SOIL_REC_01200,Sunflower,3,30,60,6.61,1.59,0.25,256.4,23.6,140.7,14.7,1.28,3.93,Black soil,Low,Medium,Low,30.0,24.0,20.0,44.8,52.2,33.3,0.0,0.0,0.0,Nitrogen,NONE,"ICAR-IISS / Soil Health Card Portal (DAC&FW, GoI)",ICAR Soil Test Crop Response (STCR) Database & National Fertilizer Guidelines 2024-25
SOIL_REC_01201,Sunflower,1,0,15,8.63,2.04,0.39,377.4,31.8,404.0,16.2,0.94,2.88,Clay loam,Medium,High,High,24.0,0.0,0.0,52.2,0.0,0.0,0.0,0.0,0.0,Nitrogen,ALKALINE_PH;ELEVATED_SALINITY,"ICAR-IISS / Soil Health Card Portal (DAC&FW, GoI)",ICAR Soil Test Crop Response (STCR) Database & National Fertilizer Guidelines 2024-25
SOIL_REC_01202,Sunflower,2,15,30,8.36,1.4,0.15,314.7,16.1,182.4,22.9,1.43,2.72,Clay loam,Medium,Medium,Medium,24.0,24.0,16.0,31.7,52.2,26.7,0.0,0.0,0.0,Nitrogen,ALKALINE_PH,"ICAR-IISS / Soil Health Card Portal (DAC&FW, GoI)",ICAR Soil Test Crop Response (STCR) Database & National Fertilizer Guidelines 2024-25
SOIL_REC_01203,Sunflower,3,30,60,6.38,0.96,0.27,171.7,9.3,51.4,7.1,1.37,7.55,Clay loam,Low,Low,Low,30.0,31.2,20.0,65.2,0.0,33.3,195.0,0.0,0.0,Nitrogen,NONE,"ICAR-IISS / Soil Health Card Portal (DAC&FW, GoI)",ICAR Soil Test Crop Response (STCR) Database & National Fertilizer Guidelines 2024-25
SOIL_REC_01204,Sunflower,1,0,15,6.32,0.42,0.24,483.4,32.6,245.2,11.7,1.75,9.05,Black soil,Medium,High,Medium,24.0,0.0,16.0,52.2,0.0,26.7,0.0,0.0,0.0,Nitrogen,NONE,"ICAR-IISS / Soil Health Card Portal (DAC&FW, GoI)",ICAR Soil Test Crop Response (STCR) Database & National Fertilizer Guidelines 2024-25
SOIL_REC_01205,Sunflower,2,15,30,6.31,2.35,0.71,364.8,21.0,191.3,6.1,0.8,3.89,Black soil,Medium,Medium,Medium,24.0,24.0,16.0,52.2,0.0,32.0,150.0,0.0,0.0,Nitrogen,HIGH_EC_SALINITY;ELEVATED_SALINITY,"ICAR-IISS / Soil Health Card Portal (DAC&FW, GoI)",ICAR Soil Test Crop Response (STCR) Database & National Fertilizer Guidelines 2024-25
SOIL_REC_01206,Sunflower,3,30,60,8.72,1.86,0.49,155.5,23.6,59.2,30.0,1.4,6.51,Black soil,Low,Medium,Low,30.0,24.0,20.0,44.8,52.2,33.3,0.0,0.0,0.0,Nitrogen,ALKALINE_PH;ELEVATED_SALINITY,"ICAR-IISS / Soil Health Card Portal (DAC&FW, GoI)",ICAR Soil Test Crop Response (STCR) Database & National Fertilizer Guidelines 2024-25
SOIL_REC_01207,Sunflower,1,0,15,6.11,2.14,0.84,491.3,9.3,418.4,31.0,1.47,7.92,Sandy loam,Medium,Low,High,21.6,31.2,0.0,47.0,0.0,0.0,195.0,0.0,0.0,Phosphorus,ELEVATED_SALINITY;HIGH_LEACHING_TEXTURE,"ICAR-IISS / Soil Health Card Portal (DAC&FW, GoI)",ICAR Soil Test Crop Response (STCR) Database & National Fertilizer Guidelines 2024-25
SOIL_REC_01208,Sunflower,2,15,30,8.78,1.8,0.5,387.6,26.4,80.7,20.1,0.54,11.39,Sandy loam,Medium,High,Low,24.0,0.0,20.0,52.2,0.0,33.3,0.0,0.0,0.0,Potassium,ALKALINE_PH;HIGH_LEACHING_TEXTURE,"ICAR-IISS / Soil Health Card Portal (DAC&FW, GoI)",ICAR Soil Test Crop Response (STCR) Database & National Fertilizer Guidelines 2024-25
SOIL_REC_01209,Sunflower,3,30,60,6.41,1.99,0.16,185.4,4.0,116.8,9.1,0.66,2.55,Sandy loam,Low,Low,Low,30.0,31.2,20.0,65.2,0.0,33.3,195.0,0.0,0.0,Nitrogen,ELEVATED_SALINITY;HIGH_LEACHING_TEXTURE,"ICAR-IISS / Soil Health Card Portal (DAC&FW, GoI)",ICAR Soil Test Crop Response (STCR) Database & National Fertilizer Guidelines 2024-25
SOIL_REC_01210,Sunflower,1,0,15,5.56,1.28,0.27,253.5,31.2,441.3,12.9,0.55,2.67,Loam,Low,High,High,30.0,0.0,0.0,65.2,0.0,0.0,0.0,0.0,0.0,Nitrogen,ACIDIC_PH,"ICAR-IISS / Soil Health Card Portal (DAC&FW, GoI)",ICAR Soil Test Crop Response (STCR) Database & National Fertilizer Guidelines 2024-25
SOIL_REC_01211,Sunflower,2,15,30,6.57,0.37,0.32,357.0,30.5,226.2,21.8,0.73,6.2,Loam,Medium,High,Medium,24.0,0.0,16.0,52.2,0.0,26.7,0.0,0.0,0.0,Nitrogen,NONE,"ICAR-IISS / Soil Health Card Portal (DAC&FW, GoI)",ICAR Soil Test Crop Response (STCR) Database & National Fertilizer Guidelines 2024-25
SOIL_REC_01212,Sunflower,3,30,60,8.57,0.23,0.24,146.6,12.3,128.2,24.8,0.54,9.13,Loam,Low,Medium,Low,30.0,24.0,20.0,44.8,52.2,33.3,0.0,0.0,0.0,Nitrogen,ALKALINE_PH,"ICAR-IISS / Soil Health Card Portal (DAC&FW, GoI)",ICAR Soil Test Crop Response (STCR) Database & National Fertilizer Guidelines 2024-25
SOIL_REC_01213,Sunflower,1,0,15,6.79,1.25,0.78,405.7,9.3,265.2,31.6,0.33,9.61,Red soil,Medium,Low,Medium,24.0,31.2,16.0,25.7,67.8,26.7,0.0,0.0,0.0,Phosphorus,NONE,"ICAR-IISS / Soil Health Card Portal (DAC&FW, GoI)",ICAR Soil Test Crop Response (STCR) Database & National Fertilizer Guidelines 2024-25
SOIL_REC_01214,Sunflower,2,15,30,7.25,0.99,0.65,259.3,19.2,109.6,20.4,1.2,7.87,Red soil,Low,Medium,Low,30.0,24.0,20.0,44.8,52.2,33.3,0.0,0.0,0.0,Nitrogen,NONE,"ICAR-IISS / Soil Health Card Portal (DAC&FW, GoI)",ICAR Soil Test Crop Response (STCR) Database & National Fertilizer Guidelines 2024-25
SOIL_REC_01215,Sunflower,3,30,60,6.87,2.19,0.43,131.0,18.6,223.1,14.5,1.06,6.1,Red soil,Low,Medium,Medium,30.0,24.0,16.0,44.8,52.2,32.0,0.0,0.0,0.0,Nitrogen,HIGH_EC_SALINITY;ELEVATED_SALINITY,"ICAR-IISS / Soil Health Card Portal (DAC&FW, GoI)",ICAR Soil Test Crop Response (STCR) Database & National Fertilizer Guidelines 2024-25
SOIL_REC_01216,Sunflower,1,0,15,5.82,0.77,1.09,405.4,13.5,147.3,25.8,1.38,6.31,Sandy loam,Medium,Medium,Medium,21.6,24.0,16.0,47.0,0.0,26.7,150.0,0.0,0.0,Nitrogen,ACIDIC_PH;HIGH_LEACHING_TEXTURE,"ICAR-IISS / Soil Health Card Portal (DAC&FW, GoI)",ICAR Soil Test Crop Response (STCR) Database & National Fertilizer Guidelines 2024-25
SOIL_REC_01217,Sunflower,2,15,30,6.85,2.15,0.41,314.7,14.6,165.6,7.0,1.62,11.62,Sandy loam,Medium,Medium,Medium,24.0,24.0,16.0,52.2,0.0,32.0,150.0,0.0,0.0,Nitrogen,HIGH_EC_SALINITY;ELEVATED_SALINITY;HIGH_LEACHING_TEXTURE,"ICAR-IISS / Soil Health Card Portal (DAC&FW, GoI)",ICAR Soil Test Crop Response (STCR) Database & National Fertilizer Guidelines 2024-25
SOIL_REC_01218,Sunflower,3,30,60,8.01,1.03,0.33,158.0,21.0,134.1,17.0,1.52,6.77,Sandy loam,Low,Medium,Low,30.0,24.0,20.0,44.8,52.2,33.3,0.0,0.0,0.0,Nitrogen,ALKALINE_PH;HIGH_LEACHING_TEXTURE,"ICAR-IISS / Soil Health Card Portal (DAC&FW, GoI)",ICAR Soil Test Crop Response (STCR) Database & National Fertilizer Guidelines 2024-25
SOIL_REC_01219,Sunflower,1,0,15,6.82,0.21,0.94,501.5,33.6,336.0,6.8,1.13,6.47,Loam,Medium,High,Medium,21.6,0.0,16.0,47.0,0.0,26.7,0.0,0.0,40.0,Nitrogen,NONE,"ICAR-IISS / Soil Health Card Portal (DAC&FW, GoI)",ICAR Soil Test Crop Response (STCR) Database & National Fertilizer Guidelines 2024-25
SOIL_REC_01220,Sunflower,2,15,30,6.88,0.69,0.13,174.1,23.7,203.4,6.3,1.11,6.38,Loam,Low,Medium,Medium,30.0,24.0,16.0,65.2,0.0,26.7,150.0,0.0,0.0,Nitrogen,NONE,"ICAR-IISS / Soil Health Card Portal (DAC&FW, GoI)",ICAR Soil Test Crop Response (STCR) Database & National Fertilizer Guidelines 2024-25
SOIL_REC_01221,Sunflower,3,30,60,5.58,1.79,0.15,216.4,17.4,216.3,4.6,1.16,10.0,Loam,Low,Medium,Medium,30.0,24.0,16.0,65.2,0.0,26.7,150.0,0.0,0.0,Nitrogen,ACIDIC_PH,"ICAR-IISS / Soil Health Card Portal (DAC&FW, GoI)",ICAR Soil Test Crop Response (STCR) Database & National Fertilizer Guidelines 2024-25
SOIL_REC_01222,Sunflower,1,0,15,7.32,2.44,0.96,200.7,21.5,404.9,8.9,1.7,11.25,Black soil,Low,Medium,High,27.6,24.0,0.0,60.0,0.0,0.0,150.0,0.0,0.0,Nitrogen,ELEVATED_SALINITY,"ICAR-IISS / Soil Health Card Portal (DAC&FW, GoI)",ICAR Soil Test Crop Response (STCR) Database & National Fertilizer Guidelines 2024-25
SOIL_REC_01223,Sunflower,2,15,30,6.56,0.96,0.75,167.6,19.0,133.7,20.9,1.78,10.07,Black soil,Low,Medium,Low,30.0,24.0,20.0,44.8,52.2,33.3,0.0,0.0,0.0,Nitrogen,NONE,"ICAR-IISS / Soil Health Card Portal (DAC&FW, GoI)",ICAR Soil Test Crop Response (STCR) Database & National Fertilizer Guidelines 2024-25
SOIL_REC_01224,Sunflower,3,30,60,8.71,1.5,0.13,211.0,10.0,210.6,8.5,0.94,11.64,Black soil,Low,Medium,Medium,30.0,24.0,16.0,65.2,0.0,26.7,150.0,0.0,0.0,Nitrogen,ALKALINE_PH,"ICAR-IISS / Soil Health Card Portal (DAC&FW, GoI)",ICAR Soil Test Crop Response (STCR) Database & National Fertilizer Guidelines 2024-25
SOIL_REC_01225,Sunflower,1,0,15,7.97,1.97,0.54,379.9,25.7,228.7,25.9,1.73,10.89,Sandy loam,Medium,High,Medium,24.0,0.0,16.0,52.2,0.0,26.7,0.0,0.0,0.0,Nitrogen,ELEVATED_SALINITY;HIGH_LEACHING_TEXTURE,"ICAR-IISS / Soil Health Card Portal (DAC&FW, GoI)",ICAR Soil Test Crop Response (STCR) Database & National Fertilizer Guidelines 2024-25
SOIL_REC_01226,Sunflower,2,15,30,7.27,2.06,0.54,461.0,27.0,185.9,27.2,0.3,10.21,Sandy loam,Medium,High,Medium,24.0,0.0,16.0,52.2,0.0,32.0,0.0,0.0,0.0,Nitrogen,HIGH_EC_SALINITY;ELEVATED_SALINITY;HIGH_LEACHING_TEXTURE,"ICAR-IISS / Soil Health Card Portal (DAC&FW, GoI)",ICAR Soil Test Crop Response (STCR) Database & National Fertilizer Guidelines 2024-25
SOIL_REC_01227,Sunflower,3,30,60,8.23,2.09,0.09,159.9,22.5,158.3,16.3,1.46,3.48,Sandy loam,Low,Medium,Medium,30.0,24.0,16.0,44.8,52.2,32.0,0.0,0.0,0.0,Nitrogen,HIGH_EC_SALINITY;ALKALINE_PH;ELEVATED_SALINITY;HIGH_LEACHING_TEXTURE,"ICAR-IISS / Soil Health Card Portal (DAC&FW, GoI)",ICAR Soil Test Crop Response (STCR) Database & National Fertilizer Guidelines 2024-25
SOIL_REC_01228,Sunflower,1,0,15,8.0,1.71,0.9,481.0,21.4,326.4,8.0,0.59,7.08,Clay loam,Medium,Medium,Medium,21.6,24.0,16.0,47.0,0.0,26.7,150.0,0.0,0.0,Nitrogen,NONE,"ICAR-IISS / Soil Health Card Portal (DAC&FW, GoI)",ICAR Soil Test Crop Response (STCR) Database & National Fertilizer Guidelines 2024-25
SOIL_REC_01229,Sunflower,2,15,30,6.37,1.06,0.61,261.8,26.8,270.7,25.2,0.75,9.05,Clay loam,Low,High,Medium,30.0,0.0,16.0,65.2,0.0,26.7,0.0,0.0,0.0,Nitrogen,NONE,"ICAR-IISS / Soil Health Card Portal (DAC&FW, GoI)",ICAR Soil Test Crop Response (STCR) Database & National Fertilizer Guidelines 2024-25
SOIL_REC_01230,Sunflower,3,30,60,6.59,1.37,0.2,128.8,3.8,70.2,18.6,0.24,10.86,Clay loam,Low,Low,Low,30.0,31.2,20.0,38.7,67.8,33.3,0.0,0.0,0.0,Nitrogen,NONE,"ICAR-IISS / Soil Health Card Portal (DAC&FW, GoI)",ICAR Soil Test Crop Response (STCR) Database & National Fertilizer Guidelines 2024-25
SOIL_REC_01231,Sunflower,1,0,15,6.7,0.96,1.05,199.2,32.6,261.1,16.3,0.67,9.57,Alluvial,Low,High,Medium,27.6,0.0,16.0,60.0,0.0,26.7,0.0,0.0,0.0,Nitrogen,NONE,"ICAR-IISS / Soil Health Card Portal (DAC&FW, GoI)",ICAR Soil Test Crop Response (STCR) Database & National Fertilizer Guidelines 2024-25
SOIL_REC_01232,Sunflower,2,15,30,7.79,0.58,0.32,234.1,24.6,75.1,9.9,0.68,8.05,Alluvial,Low,Medium,Low,30.0,24.0,20.0,65.2,0.0,33.3,150.0,0.0,0.0,Nitrogen,NONE,"ICAR-IISS / Soil Health Card Portal (DAC&FW, GoI)",ICAR Soil Test Crop Response (STCR) Database & National Fertilizer Guidelines 2024-25
SOIL_REC_01233,Sunflower,3,30,60,6.36,2.07,0.43,309.0,11.5,156.3,8.8,0.75,3.98,Alluvial,Medium,Medium,Medium,24.0,24.0,16.0,52.2,0.0,32.0,150.0,0.0,0.0,Nitrogen,HIGH_EC_SALINITY;ELEVATED_SALINITY,"ICAR-IISS / Soil Health Card Portal (DAC&FW, GoI)",ICAR Soil Test Crop Response (STCR) Database & National Fertilizer Guidelines 2024-25
SOIL_REC_01234,Sunflower,1,0,15,6.54,1.17,0.97,362.6,13.1,279.1,8.9,1.64,2.64,Alluvial,Medium,Medium,Medium,21.6,24.0,16.0,47.0,0.0,26.7,150.0,0.0,0.0,Nitrogen,NONE,"ICAR-IISS / Soil Health Card Portal (DAC&FW, GoI)",ICAR Soil Test Crop Response (STCR) Database & National Fertilizer Guidelines 2024-25
SOIL_REC_01235,Sunflower,2,15,30,8.62,1.09,0.33,174.1,13.3,277.6,26.1,1.24,5.89,Alluvial,Low,Medium,Medium,30.0,24.0,16.0,44.8,52.2,26.7,0.0,0.0,0.0,Nitrogen,ALKALINE_PH,"ICAR-IISS / Soil Health Card Portal (DAC&FW, GoI)",ICAR Soil Test Crop Response (STCR) Database & National Fertilizer Guidelines 2024-25
SOIL_REC_01236,Sunflower,3,30,60,7.02,2.57,0.51,270.0,20.8,186.0,18.7,0.57,4.42,Alluvial,Low,Medium,Medium,30.0,24.0,16.0,44.8,52.2,32.0,0.0,0.0,0.0,Nitrogen,HIGH_EC_SALINITY;ELEVATED_SALINITY,"ICAR-IISS / Soil Health Card Portal (DAC&FW, GoI)",ICAR Soil Test Crop Response (STCR) Database & National Fertilizer Guidelines 2024-25
SOIL_REC_01237,Sunflower,1,0,15,5.61,1.83,1.05,373.7,17.4,436.2,27.7,1.06,3.25,Red soil,Medium,Medium,High,21.6,24.0,0.0,47.0,0.0,0.0,150.0,0.0,0.0,Nitrogen,ACIDIC_PH;ELEVATED_SALINITY,"ICAR-IISS / Soil Health Card Portal (DAC&FW, GoI)",ICAR Soil Test Crop Response (STCR) Database & National Fertilizer Guidelines 2024-25
SOIL_REC_01238,Sunflower,2,15,30,8.13,1.36,0.49,181.8,29.6,116.8,30.2,1.57,4.67,Red soil,Low,High,Low,30.0,0.0,20.0,65.2,0.0,33.3,0.0,0.0,0.0,Nitrogen,ALKALINE_PH,"ICAR-IISS / Soil Health Card Portal (DAC&FW, GoI)",ICAR Soil Test Crop Response (STCR) Database & National Fertilizer Guidelines 2024-25
SOIL_REC_01239,Sunflower,3,30,60,7.87,0.66,0.54,126.4,8.8,178.8,24.5,1.67,11.11,Red soil,Low,Low,Medium,30.0,31.2,16.0,38.7,67.8,26.7,0.0,0.0,0.0,Nitrogen,NONE,"ICAR-IISS / Soil Health Card Portal (DAC&FW, GoI)",ICAR Soil Test Crop Response (STCR) Database & National Fertilizer Guidelines 2024-25
SOIL_REC_01240,Sunflower,1,0,15,7.22,0.36,0.37,412.8,30.4,257.1,19.0,1.45,5.53,Loam,Medium,High,Medium,24.0,0.0,16.0,52.2,0.0,26.7,0.0,0.0,0.0,Nitrogen,NONE,"ICAR-IISS / Soil Health Card Portal (DAC&FW, GoI)",ICAR Soil Test Crop Response (STCR) Database & National Fertilizer Guidelines 2024-25
SOIL_REC_01241,Sunflower,2,15,30,7.59,0.71,0.2,121.3,10.7,213.9,10.0,0.98,7.91,Loam,Low,Medium,Medium,30.0,24.0,16.0,65.2,0.0,26.7,150.0,0.0,0.0,Nitrogen,NONE,"ICAR-IISS / Soil Health Card Portal (DAC&FW, GoI)",ICAR Soil Test Crop Response (STCR) Database & National Fertilizer Guidelines 2024-25
SOIL_REC_01242,Sunflower,3,30,60,7.42,2.44,0.13,281.6,19.3,80.1,26.6,1.18,6.83,Loam,Medium,Medium,Low,24.0,24.0,20.0,31.7,52.2,40.0,0.0,0.0,0.0,Potassium,HIGH_EC_SALINITY;ELEVATED_SALINITY,"ICAR-IISS / Soil Health Card Portal (DAC&FW, GoI)",ICAR Soil Test Crop Response (STCR) Database & National Fertilizer Guidelines 2024-25
SOIL_REC_01243,Sunflower,1,0,15,6.33,1.26,0.41,435.6,19.8,264.0,11.9,1.23,5.01,Sandy loam,Medium,Medium,Medium,24.0,24.0,16.0,52.2,0.0,26.7,150.0,0.0,0.0,Nitrogen,HIGH_LEACHING_TEXTURE,"ICAR-IISS / Soil Health Card Portal (DAC&FW, GoI)",ICAR Soil Test Crop Response (STCR) Database & National Fertilizer Guidelines 2024-25
SOIL_REC_01244,Sunflower,2,15,30,7.26,1.09,0.6,278.6,24.2,97.6,25.2,0.49,2.56,Sandy loam,Low,Medium,Low,30.0,24.0,20.0,44.8,52.2,33.3,0.0,0.0,0.0,Nitrogen,HIGH_LEACHING_TEXTURE,"ICAR-IISS / Soil Health Card Portal (DAC&FW, GoI)",ICAR Soil Test Crop Response (STCR) Database & National Fertilizer Guidelines 2024-25
SOIL_REC_01245,Sunflower,3,30,60,8.45,1.52,0.31,104.7,19.0,166.1,6.6,1.58,5.75,Sandy loam,Low,Medium,Medium,30.0,24.0,16.0,65.2,0.0,26.7,150.0,0.0,0.0,Nitrogen,ALKALINE_PH;HIGH_LEACHING_TEXTURE,"ICAR-IISS / Soil Health Card Portal (DAC&FW, GoI)",ICAR Soil Test Crop Response (STCR) Database & National Fertilizer Guidelines 2024-25
SOIL_REC_01246,Sunflower,1,0,15,7.28,0.67,0.89,501.4,15.0,270.6,13.0,1.05,3.48,Red soil,Medium,Medium,Medium,21.6,24.0,16.0,26.5,52.2,26.7,0.0,0.0,0.0,Nitrogen,NONE,"ICAR-IISS / Soil Health Card Portal (DAC&FW, GoI)",ICAR Soil Test Crop Response (STCR) Database & National Fertilizer Guidelines 2024-25
SOIL_REC_01247,Sunflower,2,15,30,6.49,1.78,0.52,148.0,9.4,274.4,26.0,1.56,8.3,Red soil,Low,Low,Medium,30.0,31.2,16.0,38.7,67.8,26.7,0.0,0.0,0.0,Nitrogen,NONE,"ICAR-IISS / Soil Health Card Portal (DAC&FW, GoI)",ICAR Soil Test Crop Response (STCR) Database & National Fertilizer Guidelines 2024-25
SOIL_REC_01248,Sunflower,3,30,60,6.02,2.69,0.54,223.4,19.6,185.4,11.5,1.69,6.98,Red soil,Low,Medium,Medium,30.0,24.0,16.0,65.2,0.0,32.0,150.0,0.0,0.0,Nitrogen,HIGH_EC_SALINITY;ELEVATED_SALINITY,"ICAR-IISS / Soil Health Card Portal (DAC&FW, GoI)",ICAR Soil Test Crop Response (STCR) Database & National Fertilizer Guidelines 2024-25
SOIL_REC_01249,Sunflower,1,0,15,6.72,1.0,0.84,534.6,19.2,200.9,19.8,1.42,2.55,Clay loam,Medium,Medium,Medium,21.6,24.0,16.0,26.5,52.2,26.7,0.0,0.0,0.0,Nitrogen,NONE,"ICAR-IISS / Soil Health Card Portal (DAC&FW, GoI)",ICAR Soil Test Crop Response (STCR) Database & National Fertilizer Guidelines 2024-25
SOIL_REC_01250,Sunflower,2,15,30,8.6,0.34,0.4,332.2,8.9,190.9,11.7,1.51,4.42,Clay loam,Medium,Low,Medium,24.0,31.2,16.0,52.2,0.0,26.7,195.0,0.0,0.0,Phosphorus,ALKALINE_PH,"ICAR-IISS / Soil Health Card Portal (DAC&FW, GoI)",ICAR Soil Test Crop Response (STCR) Database & National Fertilizer Guidelines 2024-25
SOIL_REC_01251,Sunflower,3,30,60,7.68,0.87,0.47,65.9,12.0,113.8,19.6,1.38,10.08,Clay loam,Low,Medium,Low,30.0,24.0,20.0,44.8,52.2,33.3,0.0,0.0,0.0,Nitrogen,NONE,"ICAR-IISS / Soil Health Card Portal (DAC&FW, GoI)",ICAR Soil Test Crop Response (STCR) Database & National Fertilizer Guidelines 2024-25
SOIL_REC_01252,Sunflower,1,0,15,7.16,2.43,0.25,241.6,19.7,262.7,24.2,0.95,11.73,Alluvial,Low,Medium,Medium,30.0,24.0,16.0,44.8,52.2,32.0,0.0,0.0,0.0,Nitrogen,HIGH_EC_SALINITY;ELEVATED_SALINITY,"ICAR-IISS / Soil Health Card Portal (DAC&FW, GoI)",ICAR Soil Test Crop Response (STCR) Database & National Fertilizer Guidelines 2024-25
SOIL_REC_01253,Sunflower,2,15,30,5.65,1.91,0.6,430.8,19.8,143.1,21.0,0.8,3.46,Alluvial,Medium,Medium,Low,24.0,24.0,20.0,52.2,0.0,33.3,150.0,0.0,0.0,Potassium,ACIDIC_PH;ELEVATED_SALINITY,"ICAR-IISS / Soil Health Card Portal (DAC&FW, GoI)",ICAR Soil Test Crop Response (STCR) Database & National Fertilizer Guidelines 2024-25
SOIL_REC_01254,Sunflower,3,30,60,7.61,0.92,0.25,290.9,5.3,69.2,25.0,0.72,9.86,Alluvial,Medium,Low,Low,24.0,31.2,20.0,25.7,67.8,33.3,0.0,0.0,0.0,Phosphorus,NONE,"ICAR-IISS / Soil Health Card Portal (DAC&FW, GoI)",ICAR Soil Test Crop Response (STCR) Database & National Fertilizer Guidelines 2024-25
SOIL_REC_01255,Sunflower,1,0,15,8.22,2.47,0.71,407.0,29.6,247.8,13.2,1.07,8.78,Black soil,Medium,High,Medium,24.0,0.0,16.0,52.2,0.0,32.0,0.0,0.0,0.0,Nitrogen,HIGH_EC_SALINITY;ALKALINE_PH;ELEVATED_SALINITY,"ICAR-IISS / Soil Health Card Portal (DAC&FW, GoI)",ICAR Soil Test Crop Response (STCR) Database & National Fertilizer Guidelines 2024-25
SOIL_REC_01256,Sunflower,2,15,30,7.34,2.33,0.6,142.7,28.8,302.6,23.6,1.38,11.59,Black soil,Low,High,Medium,30.0,0.0,16.0,65.2,0.0,32.0,0.0,0.0,0.0,Nitrogen,HIGH_EC_SALINITY;ELEVATED_SALINITY,"ICAR-IISS / Soil Health Card Portal (DAC&FW, GoI)",ICAR Soil Test Crop Response (STCR) Database & National Fertilizer Guidelines 2024-25
SOIL_REC_01257,Sunflower,3,30,60,6.69,2.21,0.43,113.7,9.7,86.0,14.1,0.52,11.73,Black soil,Low,Low,Low,30.0,31.2,20.0,38.7,67.8,40.0,0.0,0.0,0.0,Nitrogen,HIGH_EC_SALINITY;ELEVATED_SALINITY,"ICAR-IISS / Soil Health Card Portal (DAC&FW, GoI)",ICAR Soil Test Crop Response (STCR) Database & National Fertilizer Guidelines 2024-25
SOIL_REC_01258,Sunflower,1,0,15,6.34,2.14,0.17,179.6,23.3,232.7,17.6,0.28,7.52,Clay loam,Low,Medium,Medium,30.0,24.0,16.0,44.8,52.2,32.0,0.0,0.0,0.0,Nitrogen,HIGH_EC_SALINITY;ELEVATED_SALINITY,"ICAR-IISS / Soil Health Card Portal (DAC&FW, GoI)",ICAR Soil Test Crop Response (STCR) Database & National Fertilizer Guidelines 2024-25
SOIL_REC_01259,Sunflower,2,15,30,8.51,1.53,0.12,254.0,5.5,203.6,26.4,1.46,7.17,Clay loam,Low,Low,Medium,30.0,31.2,16.0,38.7,67.8,26.7,0.0,0.0,0.0,Nitrogen,ALKALINE_PH,"ICAR-IISS / Soil Health Card Portal (DAC&FW, GoI)",ICAR Soil Test Crop Response (STCR) Database & National Fertilizer Guidelines 2024-25
SOIL_REC_01260,Sunflower,3,30,60,7.4,1.85,0.42,201.3,23.5,185.5,18.9,1.48,10.54,Clay loam,Low,Medium,Medium,30.0,24.0,16.0,44.8,52.2,26.7,0.0,0.0,0.0,Nitrogen,ELEVATED_SALINITY,"ICAR-IISS / Soil Health Card Portal (DAC&FW, GoI)",ICAR Soil Test Crop Response (STCR) Database & National Fertilizer Guidelines 2024-25
SOIL_REC_01261,Sesame,1,0,15,7.39,1.42,0.77,215.4,9.1,336.2,26.9,0.95,10.95,Sandy loam,Low,Low,High,20.0,13.0,0.0,32.4,28.3,0.0,0.0,0.0,0.0,Nitrogen,HIGH_LEACHING_TEXTURE,"ICAR-IISS / Soil Health Card Portal (DAC&FW, GoI)",ICAR Soil Test Crop Response (STCR) Database & National Fertilizer Guidelines 2024-25
SOIL_REC_01262,Sesame,2,15,30,8.78,0.6,0.35,158.1,22.6,190.1,25.9,1.38,11.51,Sandy loam,Low,Medium,Medium,20.0,10.0,10.0,35.0,21.7,16.7,0.0,0.0,0.0,Nitrogen,ALKALINE_PH;HIGH_LEACHING_TEXTURE,"ICAR-IISS / Soil Health Card Portal (DAC&FW, GoI)",ICAR Soil Test Crop Response (STCR) Database & National Fertilizer Guidelines 2024-25
SOIL_REC_01263,Sesame,3,30,60,8.44,1.24,0.21,215.9,11.2,46.5,13.0,0.44,10.63,Sandy loam,Low,Medium,Low,20.0,10.0,12.5,35.0,21.7,20.8,0.0,0.0,0.0,Nitrogen,ALKALINE_PH;HIGH_LEACHING_TEXTURE,"ICAR-IISS / Soil Health Card Portal (DAC&FW, GoI)",ICAR Soil Test Crop Response (STCR) Database & National Fertilizer Guidelines 2024-25
SOIL_REC_01264,Sesame,1,0,15,7.73,1.05,0.58,452.7,38.3,296.8,13.9,1.61,10.74,Alluvial,Medium,High,Medium,16.0,0.0,10.0,34.8,0.0,16.7,0.0,0.0,0.0,Nitrogen,NONE,"ICAR-IISS / Soil Health Card Portal (DAC&FW, GoI)",ICAR Soil Test Crop Response (STCR) Database & National Fertilizer Guidelines 2024-25
SOIL_REC_01265,Sesame,2,15,30,6.0,2.21,0.26,158.1,5.3,230.0,27.7,1.45,7.63,Alluvial,Low,Low,Medium,20.0,13.0,10.0,43.5,0.0,20.0,81.2,0.0,0.0,Nitrogen,HIGH_EC_SALINITY;ELEVATED_SALINITY,"ICAR-IISS / Soil Health Card Portal (DAC&FW, GoI)",ICAR Soil Test Crop Response (STCR) Database & National Fertilizer Guidelines 2024-25
SOIL_REC_01266,Sesame,3,30,60,8.65,1.05,0.22,117.5,7.4,99.5,15.9,0.63,11.39,Alluvial,Low,Low,Low,20.0,13.0,12.5,32.4,28.3,20.8,0.0,0.0,0.0,Nitrogen,ALKALINE_PH,"ICAR-IISS / Soil Health Card Portal (DAC&FW, GoI)",ICAR Soil Test Crop Response (STCR) Database & National Fertilizer Guidelines 2024-25
SOIL_REC_01267,Sesame,1,0,15,8.05,0.27,0.98,592.2,11.2,431.3,4.7,1.59,10.61,Loam,High,Medium,High,4.8,10.0,0.0,2.0,21.7,0.0,0.0,0.0,0.0,Nitrogen,ALKALINE_PH,"ICAR-IISS / Soil Health Card Portal (DAC&FW, GoI)",ICAR Soil Test Crop Response (STCR) Database & National Fertilizer Guidelines 2024-25
SOIL_REC_01268,Sesame,2,15,30,6.19,0.33,0.42,164.5,28.8,226.9,7.5,1.75,7.31,Loam,Low,High,Medium,20.0,0.0,10.0,43.5,0.0,16.7,0.0,0.0,0.0,Nitrogen,NONE,"ICAR-IISS / Soil Health Card Portal (DAC&FW, GoI)",ICAR Soil Test Crop Response (STCR) Database & National Fertilizer Guidelines 2024-25
SOIL_REC_01269,Sesame,3,30,60,7.41,1.54,0.15,112.4,22.8,178.3,14.0,1.79,6.44,Loam,Low,Medium,Medium,20.0,10.0,10.0,35.0,21.7,16.7,0.0,0.0,0.0,Nitrogen,NONE,"ICAR-IISS / Soil Health Card Portal (DAC&FW, GoI)",ICAR Soil Test Crop Response (STCR) Database & National Fertilizer Guidelines 2024-25
SOIL_REC_01270,Sesame,1,0,15,8.75,2.28,0.49,247.6,10.7,254.5,4.2,1.49,6.3,Loam,Low,Medium,Medium,20.0,10.0,10.0,35.0,21.7,20.0,0.0,0.0,0.0,Nitrogen,HIGH_EC_SALINITY;ALKALINE_PH;ELEVATED_SALINITY,"ICAR-IISS / Soil Health Card Portal (DAC&FW, GoI)",ICAR Soil Test Crop Response (STCR) Database & National Fertilizer Guidelines 2024-25
SOIL_REC_01271,Sesame,2,15,30,8.33,1.12,0.79,403.7,18.2,296.4,12.4,1.8,3.3,Loam,Medium,Medium,Medium,16.0,10.0,10.0,26.3,21.7,16.7,0.0,0.0,0.0,Nitrogen,ALKALINE_PH,"ICAR-IISS / Soil Health Card Portal (DAC&FW, GoI)",ICAR Soil Test Crop Response (STCR) Database & National Fertilizer Guidelines 2024-25
SOIL_REC_01272,Sesame,3,30,60,7.62,1.21,0.3,297.8,8.8,161.5,13.1,0.43,4.87,Loam,Medium,Low,Medium,16.0,13.0,10.0,23.7,28.3,16.7,0.0,0.0,0.0,Phosphorus,NONE,"ICAR-IISS / Soil Health Card Portal (DAC&FW, GoI)",ICAR Soil Test Crop Response (STCR) Database & National Fertilizer Guidelines 2024-25
SOIL_REC_01273,Sesame,1,0,15,5.53,1.55,0.28,354.9,7.6,304.6,9.9,1.38,5.28,Alluvial,Medium,Low,Medium,16.0,13.0,10.0,34.8,0.0,16.7,81.2,0.0,0.0,Phosphorus,ACIDIC_PH,"ICAR-IISS / Soil Health Card Portal (DAC&FW, GoI)",ICAR Soil Test Crop Response (STCR) Database & National Fertilizer Guidelines 2024-25
SOIL_REC_01274,Sesame,2,15,30,7.54,2.34,0.41,155.5,20.8,108.4,26.7,1.27,5.97,Alluvial,Low,Medium,Low,20.0,10.0,12.5,35.0,21.7,25.0,0.0,0.0,0.0,Nitrogen,HIGH_EC_SALINITY;ELEVATED_SALINITY,"ICAR-IISS / Soil Health Card Portal (DAC&FW, GoI)",ICAR Soil Test Crop Response (STCR) Database & National Fertilizer Guidelines 2024-25
SOIL_REC_01275,Sesame,3,30,60,8.55,2.25,0.09,111.0,11.5,112.2,27.6,1.2,2.77,Alluvial,Low,Medium,Low,20.0,10.0,12.5,35.0,21.7,25.0,0.0,0.0,0.0,Nitrogen,HIGH_EC_SALINITY;ALKALINE_PH;ELEVATED_SALINITY,"ICAR-IISS / Soil Health Card Portal (DAC&FW, GoI)",ICAR Soil Test Crop Response (STCR) Database & National Fertilizer Guidelines 2024-25
SOIL_REC_01276,Sesame,1,0,15,6.59,2.51,0.18,556.0,44.4,106.7,14.6,1.16,7.49,Sandy loam,Medium,High,Low,16.0,0.0,12.5,34.8,0.0,25.0,0.0,0.0,0.0,Potassium,HIGH_EC_SALINITY;ELEVATED_SALINITY;HIGH_LEACHING_TEXTURE,"ICAR-IISS / Soil Health Card Portal (DAC&FW, GoI)",ICAR Soil Test Crop Response (STCR) Database & National Fertilizer Guidelines 2024-25
SOIL_REC_01277,Sesame,2,15,30,6.02,0.24,0.75,124.5,35.6,97.9,17.3,1.77,10.63,Sandy loam,Low,High,Low,20.0,0.0,12.5,43.5,0.0,20.8,0.0,0.0,0.0,Nitrogen,HIGH_LEACHING_TEXTURE,"ICAR-IISS / Soil Health Card Portal (DAC&FW, GoI)",ICAR Soil Test Crop Response (STCR) Database & National Fertilizer Guidelines 2024-25
SOIL_REC_01278,Sesame,3,30,60,7.27,0.55,0.36,219.2,9.5,129.5,29.3,0.41,8.74,Sandy loam,Low,Low,Low,20.0,13.0,12.5,32.4,28.3,20.8,0.0,0.0,0.0,Nitrogen,HIGH_LEACHING_TEXTURE,"ICAR-IISS / Soil Health Card Portal (DAC&FW, GoI)",ICAR Soil Test Crop Response (STCR) Database & National Fertilizer Guidelines 2024-25
SOIL_REC_01279,Sesame,1,0,15,8.66,1.94,0.24,366.4,40.9,295.6,7.5,1.02,10.15,Clay loam,Medium,High,Medium,16.0,0.0,10.0,34.8,0.0,16.7,0.0,0.0,0.0,Nitrogen,ALKALINE_PH;ELEVATED_SALINITY,"ICAR-IISS / Soil Health Card Portal (DAC&FW, GoI)",ICAR Soil Test Crop Response (STCR) Database & National Fertilizer Guidelines 2024-25
SOIL_REC_01280,Sesame,2,15,30,5.97,1.91,0.64,359.0,13.4,233.6,11.0,0.6,9.44,Clay loam,Medium,Medium,Medium,16.0,10.0,10.0,34.8,0.0,16.7,62.5,0.0,0.0,Nitrogen,ACIDIC_PH;ELEVATED_SALINITY,"ICAR-IISS / Soil Health Card Portal (DAC&FW, GoI)",ICAR Soil Test Crop Response (STCR) Database & National Fertilizer Guidelines 2024-25
SOIL_REC_01281,Sesame,3,30,60,6.49,2.05,0.29,207.7,13.9,222.8,11.5,1.64,5.62,Clay loam,Low,Medium,Medium,20.0,10.0,10.0,35.0,21.7,20.0,0.0,0.0,0.0,Nitrogen,HIGH_EC_SALINITY;ELEVATED_SALINITY,"ICAR-IISS / Soil Health Card Portal (DAC&FW, GoI)",ICAR Soil Test Crop Response (STCR) Database & National Fertilizer Guidelines 2024-25
SOIL_REC_01282,Sesame,1,0,15,7.68,1.71,1.04,137.1,44.1,228.6,5.3,0.52,4.23,Clay loam,Low,High,Medium,18.4,0.0,10.0,40.0,0.0,16.7,0.0,0.0,0.0,Nitrogen,NONE,"ICAR-IISS / Soil Health Card Portal (DAC&FW, GoI)",ICAR Soil Test Crop Response (STCR) Database & National Fertilizer Guidelines 2024-25
SOIL_REC_01283,Sesame,2,15,30,5.97,0.29,0.68,150.7,14.7,222.0,17.5,0.75,8.47,Clay loam,Low,Medium,Medium,20.0,10.0,10.0,43.5,0.0,16.7,62.5,0.0,0.0,Nitrogen,ACIDIC_PH,"ICAR-IISS / Soil Health Card Portal (DAC&FW, GoI)",ICAR Soil Test Crop Response (STCR) Database & National Fertilizer Guidelines 2024-25
SOIL_REC_01284,Sesame,3,30,60,8.2,1.7,0.29,113.7,16.0,143.3,7.3,0.65,9.8,Clay loam,Low,Medium,Low,20.0,10.0,12.5,35.0,21.7,20.8,0.0,0.0,0.0,Nitrogen,ALKALINE_PH,"ICAR-IISS / Soil Health Card Portal (DAC&FW, GoI)",ICAR Soil Test Crop Response (STCR) Database & National Fertilizer Guidelines 2024-25
SOIL_REC_01285,Sesame,1,0,15,6.61,2.52,0.39,523.5,26.5,287.6,22.6,1.27,5.75,Clay loam,Medium,High,Medium,16.0,0.0,10.0,34.8,0.0,20.0,0.0,0.0,0.0,Nitrogen,HIGH_EC_SALINITY;ELEVATED_SALINITY,"ICAR-IISS / Soil Health Card Portal (DAC&FW, GoI)",ICAR Soil Test Crop Response (STCR) Database & National Fertilizer Guidelines 2024-25
SOIL_REC_01286,Sesame,2,15,30,7.21,0.36,0.37,330.9,34.9,101.6,10.4,0.93,3.56,Clay loam,Medium,High,Low,16.0,0.0,12.5,34.8,0.0,20.8,0.0,0.0,0.0,Potassium,NONE,"ICAR-IISS / Soil Health Card Portal (DAC&FW, GoI)",ICAR Soil Test Crop Response (STCR) Database & National Fertilizer Guidelines 2024-25
SOIL_REC_01287,Sesame,3,30,60,7.32,0.97,0.49,136.8,12.2,222.2,6.3,1.59,7.29,Clay loam,Low,Medium,Medium,20.0,10.0,10.0,35.0,21.7,16.7,0.0,0.0,0.0,Nitrogen,NONE,"ICAR-IISS / Soil Health Card Portal (DAC&FW, GoI)",ICAR Soil Test Crop Response (STCR) Database & National Fertilizer Guidelines 2024-25
SOIL_REC_01288,Sesame,1,0,15,8.21,2.5,0.64,190.9,34.6,369.3,9.6,1.39,7.49,Black soil,Low,High,High,20.0,0.0,0.0,43.5,0.0,0.0,0.0,0.0,0.0,Nitrogen,ALKALINE_PH;ELEVATED_SALINITY,"ICAR-IISS / Soil Health Card Portal (DAC&FW, GoI)",ICAR Soil Test Crop Response (STCR) Database & National Fertilizer Guidelines 2024-25
SOIL_REC_01289,Sesame,2,15,30,8.07,1.66,0.49,107.6,21.3,213.2,23.4,1.8,4.08,Black soil,Low,Medium,Medium,20.0,10.0,10.0,35.0,21.7,16.7,0.0,0.0,0.0,Nitrogen,ALKALINE_PH,"ICAR-IISS / Soil Health Card Portal (DAC&FW, GoI)",ICAR Soil Test Crop Response (STCR) Database & National Fertilizer Guidelines 2024-25
SOIL_REC_01290,Sesame,3,30,60,6.02,1.97,0.38,274.7,7.8,212.5,24.1,1.07,11.57,Black soil,Low,Low,Medium,20.0,13.0,10.0,43.5,0.0,16.7,81.2,0.0,0.0,Nitrogen,ELEVATED_SALINITY,"ICAR-IISS / Soil Health Card Portal (DAC&FW, GoI)",ICAR Soil Test Crop Response (STCR) Database & National Fertilizer Guidelines 2024-25
SOIL_REC_01291,Sesame,1,0,15,8.33,0.92,1.06,594.4,18.5,414.3,31.2,1.63,6.95,Black soil,High,Medium,High,4.8,10.0,0.0,2.0,21.7,0.0,0.0,0.0,0.0,Nitrogen,ALKALINE_PH,"ICAR-IISS / Soil Health Card Portal (DAC&FW, GoI)",ICAR Soil Test Crop Response (STCR) Database & National Fertilizer Guidelines 2024-25
SOIL_REC_01292,Sesame,2,15,30,5.95,2.64,0.11,184.2,22.0,151.6,29.8,1.18,11.61,Black soil,Low,Medium,Medium,20.0,10.0,10.0,43.5,0.0,20.0,62.5,0.0,0.0,Nitrogen,HIGH_EC_SALINITY;ACIDIC_PH;ELEVATED_SALINITY,"ICAR-IISS / Soil Health Card Portal (DAC&FW, GoI)",ICAR Soil Test Crop Response (STCR) Database & National Fertilizer Guidelines 2024-25
SOIL_REC_01293,Sesame,3,30,60,5.7,1.27,0.14,265.6,19.1,190.3,30.6,0.59,9.97,Black soil,Low,Medium,Medium,20.0,10.0,10.0,43.5,0.0,16.7,62.5,0.0,0.0,Nitrogen,ACIDIC_PH,"ICAR-IISS / Soil Health Card Portal (DAC&FW, GoI)",ICAR Soil Test Crop Response (STCR) Database & National Fertilizer Guidelines 2024-25
SOIL_REC_01294,Sesame,1,0,15,6.88,1.74,0.39,295.2,15.5,431.7,7.9,0.84,9.4,Red soil,Medium,Medium,High,16.0,10.0,0.0,26.3,21.7,0.0,0.0,0.0,0.0,Nitrogen,NONE,"ICAR-IISS / Soil Health Card Portal (DAC&FW, GoI)",ICAR Soil Test Crop Response (STCR) Database & National Fertilizer Guidelines 2024-25
SOIL_REC_01295,Sesame,2,15,30,7.43,1.95,0.26,143.4,13.2,155.9,21.8,1.03,7.48,Red soil,Low,Medium,Medium,20.0,10.0,10.0,35.0,21.7,16.7,0.0,0.0,0.0,Nitrogen,ELEVATED_SALINITY,"ICAR-IISS / Soil Health Card Portal (DAC&FW, GoI)",ICAR Soil Test Crop Response (STCR) Database & National Fertilizer Guidelines 2024-25
SOIL_REC_01296,Sesame,3,30,60,8.05,1.76,0.19,169.6,20.3,142.4,21.1,0.45,10.86,Red soil,Low,Medium,Low,20.0,10.0,12.5,35.0,21.7,20.8,0.0,0.0,0.0,Nitrogen,ALKALINE_PH,"ICAR-IISS / Soil Health Card Portal (DAC&FW, GoI)",ICAR Soil Test Crop Response (STCR) Database & National Fertilizer Guidelines 2024-25
SOIL_REC_01297,Sesame,1,0,15,6.63,0.91,1.09,310.8,43.4,130.6,17.1,1.14,10.82,Red soil,Medium,High,Low,14.4,0.0,12.5,31.3,0.0,20.8,0.0,0.0,0.0,Potassium,NONE,"ICAR-IISS / Soil Health Card Portal (DAC&FW, GoI)",ICAR Soil Test Crop Response (STCR) Database & National Fertilizer Guidelines 2024-25
SOIL_REC_01298,Sesame,2,15,30,7.78,2.27,0.65,174.2,7.7,336.9,20.9,1.16,5.94,Red soil,Low,Low,High,20.0,13.0,0.0,32.4,28.3,0.0,0.0,0.0,0.0,Nitrogen,ELEVATED_SALINITY,"ICAR-IISS / Soil Health Card Portal (DAC&FW, GoI)",ICAR Soil Test Crop Response (STCR) Database & National Fertilizer Guidelines 2024-25
SOIL_REC_01299,Sesame,3,30,60,8.37,1.93,0.47,300.8,11.9,159.9,28.2,0.65,9.38,Red soil,Medium,Medium,Medium,16.0,10.0,10.0,26.3,21.7,16.7,0.0,0.0,0.0,Nitrogen,ALKALINE_PH;ELEVATED_SALINITY,"ICAR-IISS / Soil Health Card Portal (DAC&FW, GoI)",ICAR Soil Test Crop Response (STCR) Database & National Fertilizer Guidelines 2024-25
SOIL_REC_01300,Sesame,1,0,15,8.49,1.86,0.46,453.5,16.6,218.4,4.4,1.34,7.11,Clay loam,Medium,Medium,Medium,16.0,10.0,10.0,26.3,21.7,16.7,0.0,0.0,0.0,Nitrogen,ALKALINE_PH;ELEVATED_SALINITY,"ICAR-IISS / Soil Health Card Portal (DAC&FW, GoI)",ICAR Soil Test Crop Response (STCR) Database & National Fertilizer Guidelines 2024-25
SOIL_REC_01301,Sesame,2,15,30,7.43,0.78,0.42,189.7,35.9,290.6,17.7,1.17,7.87,Clay loam,Low,High,Medium,20.0,0.0,10.0,43.5,0.0,16.7,0.0,0.0,0.0,Nitrogen,NONE,"ICAR-IISS / Soil Health Card Portal (DAC&FW, GoI)",ICAR Soil Test Crop Response (STCR) Database & National Fertilizer Guidelines 2024-25
SOIL_REC_01302,Sesame,3,30,60,7.5,2.46,0.39,70.5,5.3,195.9,22.0,0.36,3.4,Clay loam,Low,Low,Medium,20.0,13.0,10.0,32.4,28.3,20.0,0.0,0.0,0.0,Nitrogen,HIGH_EC_SALINITY;ELEVATED_SALINITY,"ICAR-IISS / Soil Health Card Portal (DAC&FW, GoI)",ICAR Soil Test Crop Response (STCR) Database & National Fertilizer Guidelines 2024-25
SOIL_REC_01303,Sesame,1,0,15,6.69,1.95,1.01,330.9,22.5,358.0,13.7,1.46,10.6,Loam,Medium,Medium,High,14.4,10.0,0.0,22.8,21.7,0.0,0.0,0.0,0.0,Nitrogen,ELEVATED_SALINITY,"ICAR-IISS / Soil Health Card Portal (DAC&FW, GoI)",ICAR Soil Test Crop Response (STCR) Database & National Fertilizer Guidelines 2024-25
SOIL_REC_01304,Sesame,2,15,30,7.39,1.56,0.78,394.9,24.3,277.5,22.7,0.24,7.89,Loam,Medium,Medium,Medium,16.0,10.0,10.0,26.3,21.7,16.7,0.0,0.0,0.0,Nitrogen,NONE,"ICAR-IISS / Soil Health Card Portal (DAC&FW, GoI)",ICAR Soil Test Crop Response (STCR) Database & National Fertilizer Guidelines 2024-25
SOIL_REC_01305,Sesame,3,30,60,5.58,2.66,0.12,290.2,19.8,176.2,27.8,0.61,10.27,Loam,Medium,Medium,Medium,16.0,10.0,10.0,34.8,0.0,20.0,62.5,0.0,0.0,Nitrogen,HIGH_EC_SALINITY;ACIDIC_PH;ELEVATED_SALINITY,"ICAR-IISS / Soil Health Card Portal (DAC&FW, GoI)",ICAR Soil Test Crop Response (STCR) Database & National Fertilizer Guidelines 2024-25
SOIL_REC_01306,Sesame,1,0,15,6.66,2.71,0.41,511.9,19.6,341.7,21.8,1.43,4.03,Clay loam,Medium,Medium,High,16.0,10.0,0.0,26.3,21.7,0.0,0.0,0.0,0.0,Nitrogen,ELEVATED_SALINITY,"ICAR-IISS / Soil Health Card Portal (DAC&FW, GoI)",ICAR Soil Test Crop Response (STCR) Database & National Fertilizer Guidelines 2024-25
SOIL_REC_01307,Sesame,2,15,30,7.34,2.45,0.57,367.8,28.2,278.4,8.8,1.0,3.34,Clay loam,Medium,High,Medium,16.0,0.0,10.0,34.8,0.0,20.0,0.0,0.0,0.0,Nitrogen,HIGH_EC_SALINITY;ELEVATED_SALINITY,"ICAR-IISS / Soil Health Card Portal (DAC&FW, GoI)",ICAR Soil Test Crop Response (STCR) Database & National Fertilizer Guidelines 2024-25
SOIL_REC_01308,Sesame,3,30,60,6.66,1.6,0.46,301.5,9.6,100.1,29.6,0.34,6.36,Clay loam,Medium,Low,Low,16.0,13.0,12.5,23.7,28.3,20.8,0.0,0.0,0.0,Phosphorus,NONE,"ICAR-IISS / Soil Health Card Portal (DAC&FW, GoI)",ICAR Soil Test Crop Response (STCR) Database & National Fertilizer Guidelines 2024-25
SOIL_REC_01309,Sesame,1,0,15,7.14,0.68,0.51,252.3,35.7,216.2,26.6,1.63,9.67,Alluvial,Low,High,Medium,20.0,0.0,10.0,43.5,0.0,16.7,0.0,0.0,0.0,Nitrogen,NONE,"ICAR-IISS / Soil Health Card Portal (DAC&FW, GoI)",ICAR Soil Test Crop Response (STCR) Database & National Fertilizer Guidelines 2024-25
SOIL_REC_01310,Sesame,2,15,30,8.67,1.04,0.19,308.2,33.1,256.6,19.7,1.41,7.61,Alluvial,Medium,High,Medium,16.0,0.0,10.0,34.8,0.0,16.7,0.0,0.0,0.0,Nitrogen,ALKALINE_PH,"ICAR-IISS / Soil Health Card Portal (DAC&FW, GoI)",ICAR Soil Test Crop Response (STCR) Database & National Fertilizer Guidelines 2024-25
SOIL_REC_01311,Sesame,3,30,60,6.81,2.01,0.17,82.6,15.6,202.8,15.3,0.62,9.3,Alluvial,Low,Medium,Medium,20.0,10.0,10.0,35.0,21.7,20.0,0.0,0.0,0.0,Nitrogen,HIGH_EC_SALINITY;ELEVATED_SALINITY,"ICAR-IISS / Soil Health Card Portal (DAC&FW, GoI)",ICAR Soil Test Crop Response (STCR) Database & National Fertilizer Guidelines 2024-25
SOIL_REC_01312,Sesame,1,0,15,6.67,0.55,0.52,542.5,36.9,405.5,26.4,1.18,11.72,Alluvial,Medium,High,High,16.0,0.0,0.0,34.8,0.0,0.0,0.0,0.0,0.0,Nitrogen,NONE,"ICAR-IISS / Soil Health Card Portal (DAC&FW, GoI)",ICAR Soil Test Crop Response (STCR) Database & National Fertilizer Guidelines 2024-25
SOIL_REC_01313,Sesame,2,15,30,6.57,0.78,0.7,182.2,9.4,335.5,4.7,0.56,9.1,Alluvial,Low,Low,Medium,20.0,13.0,10.0,32.4,28.3,16.7,0.0,0.0,0.0,Nitrogen,NONE,"ICAR-IISS / Soil Health Card Portal (DAC&FW, GoI)",ICAR Soil Test Crop Response (STCR) Database & National Fertilizer Guidelines 2024-25
SOIL_REC_01314,Sesame,3,30,60,6.22,2.48,0.28,262.9,6.1,98.4,31.0,1.57,7.09,Alluvial,Low,Low,Low,20.0,13.0,12.5,32.4,28.3,25.0,0.0,0.0,0.0,Nitrogen,HIGH_EC_SALINITY;ELEVATED_SALINITY,"ICAR-IISS / Soil Health Card Portal (DAC&FW, GoI)",ICAR Soil Test Crop Response (STCR) Database & National Fertilizer Guidelines 2024-25
SOIL_REC_01315,Sesame,1,0,15,6.87,1.63,0.69,326.2,41.6,299.1,21.6,1.62,11.8,Black soil,Medium,High,Medium,16.0,0.0,10.0,34.8,0.0,16.7,0.0,0.0,0.0,Nitrogen,NONE,"ICAR-IISS / Soil Health Card Portal (DAC&FW, GoI)",ICAR Soil Test Crop Response (STCR) Database & National Fertilizer Guidelines 2024-25
SOIL_REC_01316,Sesame,2,15,30,7.96,2.04,0.81,391.3,12.8,167.5,29.2,1.7,5.54,Black soil,Medium,Medium,Medium,14.4,10.0,10.0,22.8,21.7,20.0,0.0,0.0,0.0,Nitrogen,HIGH_EC_SALINITY;ELEVATED_SALINITY,"ICAR-IISS / Soil Health Card Portal (DAC&FW, GoI)",ICAR Soil Test Crop Response (STCR) Database & National Fertilizer Guidelines 2024-25
SOIL_REC_01317,Sesame,3,30,60,6.68,2.69,0.14,275.0,23.7,89.4,19.1,0.41,11.82,Black soil,Low,Medium,Low,20.0,10.0,12.5,35.0,21.7,25.0,0.0,0.0,0.0,Nitrogen,HIGH_EC_SALINITY;ELEVATED_SALINITY,"ICAR-IISS / Soil Health Card Portal (DAC&FW, GoI)",ICAR Soil Test Crop Response (STCR) Database & National Fertilizer Guidelines 2024-25
SOIL_REC_01318,Sesame,1,0,15,7.84,1.59,0.25,533.1,15.6,215.4,23.7,1.76,10.3,Alluvial,Medium,Medium,Medium,16.0,10.0,10.0,26.3,21.7,16.7,0.0,0.0,0.0,Nitrogen,NONE,"ICAR-IISS / Soil Health Card Portal (DAC&FW, GoI)",ICAR Soil Test Crop Response (STCR) Database & National Fertilizer Guidelines 2024-25
SOIL_REC_01319,Sesame,2,15,30,6.24,0.9,0.71,262.6,18.3,227.1,5.8,1.79,2.71,Alluvial,Low,Medium,Medium,20.0,10.0,10.0,35.0,21.7,16.7,0.0,0.0,0.0,Nitrogen,NONE,"ICAR-IISS / Soil Health Card Portal (DAC&FW, GoI)",ICAR Soil Test Crop Response (STCR) Database & National Fertilizer Guidelines 2024-25
SOIL_REC_01320,Sesame,3,30,60,6.98,1.89,0.5,179.2,17.8,56.5,13.9,1.73,5.12,Alluvial,Low,Medium,Low,20.0,10.0,12.5,35.0,21.7,20.8,0.0,0.0,0.0,Nitrogen,ELEVATED_SALINITY,"ICAR-IISS / Soil Health Card Portal (DAC&FW, GoI)",ICAR Soil Test Crop Response (STCR) Database & National Fertilizer Guidelines 2024-25
SOIL_REC_01321,Sesame,1,0,15,8.63,2.09,0.83,365.4,35.6,429.4,31.6,0.54,6.8,Clay loam,Medium,High,High,14.4,0.0,0.0,31.3,0.0,0.0,0.0,0.0,0.0,Nitrogen,ALKALINE_PH;ELEVATED_SALINITY,"ICAR-IISS / Soil Health Card Portal (DAC&FW, GoI)",ICAR Soil Test Crop Response (STCR) Database & National Fertilizer Guidelines 2024-25
SOIL_REC_01322,Sesame,2,15,30,7.28,1.95,0.35,303.7,32.1,323.0,8.0,1.06,8.97,Clay loam,Medium,High,Medium,16.0,0.0,10.0,34.8,0.0,16.7,0.0,0.0,0.0,Nitrogen,ELEVATED_SALINITY,"ICAR-IISS / Soil Health Card Portal (DAC&FW, GoI)",ICAR Soil Test Crop Response (STCR) Database & National Fertilizer Guidelines 2024-25
SOIL_REC_01323,Sesame,3,30,60,6.54,0.22,0.36,238.0,10.5,66.5,31.4,1.18,7.53,Clay loam,Low,Medium,Low,20.0,10.0,12.5,35.0,21.7,20.8,0.0,0.0,0.0,Nitrogen,NONE,"ICAR-IISS / Soil Health Card Portal (DAC&FW, GoI)",ICAR Soil Test Crop Response (STCR) Database & National Fertilizer Guidelines 2024-25
SOIL_REC_01324,Sesame,1,0,15,6.03,0.71,1.08,506.9,47.6,390.9,4.8,1.69,9.42,Red soil,Medium,High,High,14.4,0.0,0.0,31.3,0.0,0.0,0.0,0.0,0.0,Nitrogen,NONE,"ICAR-IISS / Soil Health Card Portal (DAC&FW, GoI)",ICAR Soil Test Crop Response (STCR) Database & National Fertilizer Guidelines 2024-25
SOIL_REC_01325,Sesame,2,15,30,6.59,0.44,0.4,352.8,26.1,284.8,14.7,0.96,10.55,Red soil,Medium,High,Medium,16.0,0.0,10.0,34.8,0.0,16.7,0.0,0.0,0.0,Nitrogen,NONE,"ICAR-IISS / Soil Health Card Portal (DAC&FW, GoI)",ICAR Soil Test Crop Response (STCR) Database & National Fertilizer Guidelines 2024-25
SOIL_REC_01326,Sesame,3,30,60,6.1,1.01,0.16,167.6,8.3,61.3,11.3,0.52,5.84,Red soil,Low,Low,Low,20.0,13.0,12.5,43.5,0.0,20.8,81.2,0.0,0.0,Nitrogen,NONE,"ICAR-IISS / Soil Health Card Portal (DAC&FW, GoI)",ICAR Soil Test Crop Response (STCR) Database & National Fertilizer Guidelines 2024-25
SOIL_REC_01327,Sesame,1,0,15,7.59,1.08,0.86,381.9,6.9,308.2,31.5,0.29,6.04,Red soil,Medium,Low,Medium,14.4,13.0,10.0,20.2,28.3,16.7,0.0,0.0,0.0,Phosphorus,NONE,"ICAR-IISS / Soil Health Card Portal (DAC&FW, GoI)",ICAR Soil Test Crop Response (STCR) Database & National Fertilizer Guidelines 2024-25
SOIL_REC_01328,Sesame,2,15,30,6.06,2.71,0.49,91.7,16.6,75.0,29.3,1.1,10.66,Red soil,Low,Medium,Low,20.0,10.0,12.5,43.5,0.0,25.0,62.5,0.0,0.0,Nitrogen,HIGH_EC_SALINITY;ELEVATED_SALINITY,"ICAR-IISS / Soil Health Card Portal (DAC&FW, GoI)",ICAR Soil Test Crop Response (STCR) Database & National Fertilizer Guidelines 2024-25
SOIL_REC_01329,Sesame,3,30,60,8.65,0.69,0.37,105.4,7.6,107.1,28.4,1.66,8.2,Red soil,Low,Low,Low,20.0,13.0,12.5,32.4,28.3,20.8,0.0,0.0,0.0,Nitrogen,ALKALINE_PH,"ICAR-IISS / Soil Health Card Portal (DAC&FW, GoI)",ICAR Soil Test Crop Response (STCR) Database & National Fertilizer Guidelines 2024-25
SOIL_REC_01330,Sesame,1,0,15,6.08,1.35,0.95,506.0,27.3,383.2,16.5,1.2,11.39,Alluvial,Medium,High,High,14.4,0.0,0.0,31.3,0.0,0.0,0.0,0.0,0.0,Nitrogen,NONE,"ICAR-IISS / Soil Health Card Portal (DAC&FW, GoI)",ICAR Soil Test Crop Response (STCR) Database & National Fertilizer Guidelines 2024-25
SOIL_REC_01331,Sesame,2,15,30,8.43,2.26,0.2,440.3,34.0,96.6,23.1,1.14,4.09,Alluvial,Medium,High,Low,16.0,0.0,12.5,34.8,0.0,25.0,0.0,0.0,0.0,Potassium,HIGH_EC_SALINITY;ALKALINE_PH;ELEVATED_SALINITY,"ICAR-IISS / Soil Health Card Portal (DAC&FW, GoI)",ICAR Soil Test Crop Response (STCR) Database & National Fertilizer Guidelines 2024-25
SOIL_REC_01332,Sesame,3,30,60,5.83,0.7,0.15,213.3,10.1,126.8,22.4,1.53,9.95,Alluvial,Low,Medium,Low,20.0,10.0,12.5,43.5,0.0,20.8,62.5,0.0,0.0,Nitrogen,ACIDIC_PH,"ICAR-IISS / Soil Health Card Portal (DAC&FW, GoI)",ICAR Soil Test Crop Response (STCR) Database & National Fertilizer Guidelines 2024-25
SOIL_REC_01333,Sesame,1,0,15,7.71,0.37,0.38,190.7,46.3,266.7,26.2,0.27,3.06,Sandy loam,Low,High,Medium,20.0,0.0,10.0,43.5,0.0,16.7,0.0,0.0,0.0,Nitrogen,HIGH_LEACHING_TEXTURE,"ICAR-IISS / Soil Health Card Portal (DAC&FW, GoI)",ICAR Soil Test Crop Response (STCR) Database & National Fertilizer Guidelines 2024-25
SOIL_REC_01334,Sesame,2,15,30,8.74,1.45,0.71,337.4,28.3,227.1,27.7,0.35,8.72,Sandy loam,Medium,High,Medium,16.0,0.0,10.0,34.8,0.0,16.7,0.0,0.0,0.0,Nitrogen,ALKALINE_PH;HIGH_LEACHING_TEXTURE,"ICAR-IISS / Soil Health Card Portal (DAC&FW, GoI)",ICAR Soil Test Crop Response (STCR) Database & National Fertilizer Guidelines 2024-25
SOIL_REC_01335,Sesame,3,30,60,8.51,1.66,0.41,190.4,18.9,160.8,11.9,0.42,9.75,Sandy loam,Low,Medium,Medium,20.0,10.0,10.0,35.0,21.7,16.7,0.0,0.0,0.0,Nitrogen,ALKALINE_PH;HIGH_LEACHING_TEXTURE,"ICAR-IISS / Soil Health Card Portal (DAC&FW, GoI)",ICAR Soil Test Crop Response (STCR) Database & National Fertilizer Guidelines 2024-25
SOIL_REC_01336,Sesame,1,0,15,8.62,1.31,0.56,161.2,7.0,127.6,19.7,1.18,5.41,Clay loam,Low,Low,Low,20.0,13.0,12.5,32.4,28.3,20.8,0.0,0.0,0.0,Nitrogen,ALKALINE_PH,"ICAR-IISS / Soil Health Card Portal (DAC&FW, GoI)",ICAR Soil Test Crop Response (STCR) Database & National Fertilizer Guidelines 2024-25
SOIL_REC_01337,Sesame,2,15,30,8.77,2.2,0.66,352.1,21.1,78.7,30.5,0.69,8.08,Clay loam,Medium,Medium,Low,16.0,10.0,12.5,26.3,21.7,25.0,0.0,0.0,0.0,Potassium,HIGH_EC_SALINITY;ALKALINE_PH;ELEVATED_SALINITY,"ICAR-IISS / Soil Health Card Portal (DAC&FW, GoI)",ICAR Soil Test Crop Response (STCR) Database & National Fertilizer Guidelines 2024-25
SOIL_REC_01338,Sesame,3,30,60,8.47,1.61,0.38,244.8,14.2,53.5,12.5,0.5,11.66,Clay loam,Low,Medium,Low,20.0,10.0,12.5,35.0,21.7,20.8,0.0,0.0,0.0,Nitrogen,ALKALINE_PH,"ICAR-IISS / Soil Health Card Portal (DAC&FW, GoI)",ICAR Soil Test Crop Response (STCR) Database & National Fertilizer Guidelines 2024-25
SOIL_REC_01339,Sesame,1,0,15,8.22,1.98,0.56,374.2,41.7,273.1,23.1,0.27,4.54,Sandy loam,Medium,High,Medium,16.0,0.0,10.0,34.8,0.0,16.7,0.0,0.0,0.0,Nitrogen,ALKALINE_PH;ELEVATED_SALINITY;HIGH_LEACHING_TEXTURE,"ICAR-IISS / Soil Health Card Portal (DAC&FW, GoI)",ICAR Soil Test Crop Response (STCR) Database & National Fertilizer Guidelines 2024-25
SOIL_REC_01340,Sesame,2,15,30,7.01,0.68,0.27,210.1,27.0,201.2,20.0,1.18,2.93,Sandy loam,Low,High,Medium,20.0,0.0,10.0,43.5,0.0,16.7,0.0,0.0,0.0,Nitrogen,HIGH_LEACHING_TEXTURE,"ICAR-IISS / Soil Health Card Portal (DAC&FW, GoI)",ICAR Soil Test Crop Response (STCR) Database & National Fertilizer Guidelines 2024-25
SOIL_REC_01341,Sesame,3,30,60,6.76,2.54,0.13,132.6,22.0,163.7,29.6,0.73,4.18,Sandy loam,Low,Medium,Medium,20.0,10.0,10.0,35.0,21.7,20.0,0.0,0.0,0.0,Nitrogen,HIGH_EC_SALINITY;ELEVATED_SALINITY;HIGH_LEACHING_TEXTURE,"ICAR-IISS / Soil Health Card Portal (DAC&FW, GoI)",ICAR Soil Test Crop Response (STCR) Database & National Fertilizer Guidelines 2024-25
SOIL_REC_01342,Sesame,1,0,15,8.23,1.17,0.95,142.4,12.0,178.6,22.7,1.61,6.52,Black soil,Low,Medium,Medium,18.4,10.0,10.0,31.5,21.7,16.7,0.0,0.0,0.0,Nitrogen,ALKALINE_PH,"ICAR-IISS / Soil Health Card Portal (DAC&FW, GoI)",ICAR Soil Test Crop Response (STCR) Database & National Fertilizer Guidelines 2024-25
SOIL_REC_01343,Sesame,2,15,30,7.38,2.45,0.56,166.8,32.2,266.4,11.6,1.3,6.45,Black soil,Low,High,Medium,20.0,0.0,10.0,43.5,0.0,20.0,0.0,0.0,0.0,Nitrogen,HIGH_EC_SALINITY;ELEVATED_SALINITY,"ICAR-IISS / Soil Health Card Portal (DAC&FW, GoI)",ICAR Soil Test Crop Response (STCR) Database & National Fertilizer Guidelines 2024-25
SOIL_REC_01344,Sesame,3,30,60,6.87,0.92,0.5,264.2,13.3,153.0,21.5,0.83,9.11,Black soil,Low,Medium,Medium,20.0,10.0,10.0,35.0,21.7,16.7,0.0,0.0,0.0,Nitrogen,NONE,"ICAR-IISS / Soil Health Card Portal (DAC&FW, GoI)",ICAR Soil Test Crop Response (STCR) Database & National Fertilizer Guidelines 2024-25
SOIL_REC_01345,Sesame,1,0,15,5.93,1.99,0.22,177.2,12.7,374.8,5.9,1.06,4.09,Black soil,Low,Medium,High,20.0,10.0,0.0,43.5,0.0,0.0,62.5,0.0,0.0,Nitrogen,ACIDIC_PH;ELEVATED_SALINITY,"ICAR-IISS / Soil Health Card Portal (DAC&FW, GoI)",ICAR Soil Test Crop Response (STCR) Database & National Fertilizer Guidelines 2024-25
SOIL_REC_01346,Sesame,2,15,30,7.94,2.68,0.62,350.6,13.5,144.8,28.0,0.62,9.73,Black soil,Medium,Medium,Low,16.0,10.0,12.5,26.3,21.7,25.0,0.0,0.0,0.0,Potassium,HIGH_EC_SALINITY;ELEVATED_SALINITY,"ICAR-IISS / Soil Health Card Portal (DAC&FW, GoI)",ICAR Soil Test Crop Response (STCR) Database & National Fertilizer Guidelines 2024-25
SOIL_REC_01347,Sesame,3,30,60,6.8,2.5,0.17,81.6,20.8,81.1,18.5,0.26,7.05,Black soil,Low,Medium,Low,20.0,10.0,12.5,35.0,21.7,25.0,0.0,0.0,0.0,Nitrogen,HIGH_EC_SALINITY;ELEVATED_SALINITY,"ICAR-IISS / Soil Health Card Portal (DAC&FW, GoI)",ICAR Soil Test Crop Response (STCR) Database & National Fertilizer Guidelines 2024-25
SOIL_REC_01348,Sesame,1,0,15,6.25,2.37,0.33,501.3,39.9,177.0,21.2,0.9,3.86,Sandy loam,Medium,High,Medium,16.0,0.0,10.0,34.8,0.0,20.0,0.0,0.0,0.0,Nitrogen,HIGH_EC_SALINITY;ELEVATED_SALINITY;HIGH_LEACHING_TEXTURE,"ICAR-IISS / Soil Health Card Portal (DAC&FW, GoI)",ICAR Soil Test Crop Response (STCR) Database & National Fertilizer Guidelines 2024-25
SOIL_REC_01349,Sesame,2,15,30,7.47,0.31,0.78,377.5,10.5,124.3,12.9,1.11,11.51,Sandy loam,Medium,Medium,Low,16.0,10.0,12.5,26.3,21.7,20.8,0.0,0.0,0.0,Potassium,HIGH_LEACHING_TEXTURE,"ICAR-IISS / Soil Health Card Portal (DAC&FW, GoI)",ICAR Soil Test Crop Response (STCR) Database & National Fertilizer Guidelines 2024-25
SOIL_REC_01350,Sesame,3,30,60,6.63,2.67,0.51,147.5,7.2,160.9,15.0,0.44,5.27,Sandy loam,Low,Low,Medium,20.0,13.0,10.0,32.4,28.3,20.0,0.0,0.0,0.0,Nitrogen,HIGH_EC_SALINITY;ELEVATED_SALINITY;HIGH_LEACHING_TEXTURE,"ICAR-IISS / Soil Health Card Portal (DAC&FW, GoI)",ICAR Soil Test Crop Response (STCR) Database & National Fertilizer Guidelines 2024-25
SOIL_REC_01351,Cotton,1,0,15,6.24,1.83,0.47,480.6,7.1,248.6,27.6,1.16,5.23,Sandy loam,Medium,Low,Medium,48.0,31.2,24.0,77.8,67.8,40.0,0.0,0.0,0.0,Phosphorus,ELEVATED_SALINITY;HIGH_LEACHING_TEXTURE,"ICAR-IISS / Soil Health Card Portal (DAC&FW, GoI)",ICAR Soil Test Crop Response (STCR) Database & National Fertilizer Guidelines 2024-25
SOIL_REC_01352,Cotton,2,15,30,6.03,1.62,0.34,131.8,6.6,207.4,4.5,1.35,9.38,Sandy loam,Low,Low,Medium,60.0,31.2,24.0,130.4,0.0,40.0,195.0,0.0,0.0,Nitrogen,HIGH_LEACHING_TEXTURE,"ICAR-IISS / Soil Health Card Portal (DAC&FW, GoI)",ICAR Soil Test Crop Response (STCR) Database & National Fertilizer Guidelines 2024-25
SOIL_REC_01353,Cotton,3,30,60,6.56,0.3,0.5,231.1,3.1,45.6,5.6,0.82,7.89,Sandy loam,Low,Low,Low,60.0,31.2,30.0,103.9,67.8,50.0,0.0,0.0,0.0,Nitrogen,HIGH_LEACHING_TEXTURE,"ICAR-IISS / Soil Health Card Portal (DAC&FW, GoI)",ICAR Soil Test Crop Response (STCR) Database & National Fertilizer Guidelines 2024-25
SOIL_REC_01354,Cotton,1,0,15,8.02,0.29,0.67,129.9,40.6,261.5,20.0,0.82,9.01,Loam,Low,High,Medium,60.0,0.0,24.0,130.4,0.0,40.0,0.0,0.0,0.0,Nitrogen,ALKALINE_PH,"ICAR-IISS / Soil Health Card Portal (DAC&FW, GoI)",ICAR Soil Test Crop Response (STCR) Database & National Fertilizer Guidelines 2024-25
SOIL_REC_01355,Cotton,2,15,30,6.78,2.57,0.28,274.0,12.4,332.1,21.8,0.97,11.04,Loam,Low,Medium,Medium,60.0,24.0,24.0,110.0,52.2,48.0,0.0,0.0,0.0,Nitrogen,HIGH_EC_SALINITY;ELEVATED_SALINITY,"ICAR-IISS / Soil Health Card Portal (DAC&FW, GoI)",ICAR Soil Test Crop Response (STCR) Database & National Fertilizer Guidelines 2024-25
SOIL_REC_01356,Cotton,3,30,60,7.0,2.49,0.18,131.7,18.4,218.3,14.9,0.61,4.02,Loam,Low,Medium,Medium,60.0,24.0,24.0,110.0,52.2,48.0,0.0,0.0,0.0,Nitrogen,HIGH_EC_SALINITY;ELEVATED_SALINITY,"ICAR-IISS / Soil Health Card Portal (DAC&FW, GoI)",ICAR Soil Test Crop Response (STCR) Database & National Fertilizer Guidelines 2024-25
SOIL_REC_01357,Cotton,1,0,15,5.57,2.29,0.29,350.0,35.8,284.9,10.4,0.84,10.48,Red soil,Medium,High,Medium,48.0,0.0,24.0,104.3,0.0,48.0,0.0,0.0,0.0,Nitrogen,HIGH_EC_SALINITY;ACIDIC_PH;ELEVATED_SALINITY,"ICAR-IISS / Soil Health Card Portal (DAC&FW, GoI)",ICAR Soil Test Crop Response (STCR) Database & National Fertilizer Guidelines 2024-25
SOIL_REC_01358,Cotton,2,15,30,6.66,2.65,0.41,246.6,27.6,187.4,14.9,0.78,5.6,Red soil,Low,High,Medium,60.0,0.0,24.0,130.4,0.0,48.0,0.0,0.0,0.0,Nitrogen,HIGH_EC_SALINITY;ELEVATED_SALINITY,"ICAR-IISS / Soil Health Card Portal (DAC&FW, GoI)",ICAR Soil Test Crop Response (STCR) Database & National Fertilizer Guidelines 2024-25
SOIL_REC_01359,Cotton,3,30,60,6.82,2.08,0.17,114.2,7.0,80.0,28.5,1.25,8.38,Red soil,Low,Low,Low,60.0,31.2,30.0,103.9,67.8,60.0,0.0,0.0,0.0,Nitrogen,HIGH_EC_SALINITY;ELEVATED_SALINITY,"ICAR-IISS / Soil Health Card Portal (DAC&FW, GoI)",ICAR Soil Test Crop Response (STCR) Database & National Fertilizer Guidelines 2024-25
SOIL_REC_01360,Cotton,1,0,15,7.31,2.19,0.54,442.0,15.0,140.9,7.0,1.24,5.35,Black soil,Medium,Medium,Low,48.0,24.0,30.0,83.9,52.2,60.0,0.0,0.0,0.0,Potassium,HIGH_EC_SALINITY;ELEVATED_SALINITY,"ICAR-IISS / Soil Health Card Portal (DAC&FW, GoI)",ICAR Soil Test Crop Response (STCR) Database & National Fertilizer Guidelines 2024-25
SOIL_REC_01361,Cotton,2,15,30,8.25,2.21,0.56,109.1,11.3,216.5,8.4,0.81,7.42,Black soil,Low,Medium,Medium,60.0,24.0,24.0,110.0,52.2,48.0,0.0,0.0,0.0,Nitrogen,HIGH_EC_SALINITY;ALKALINE_PH;ELEVATED_SALINITY,"ICAR-IISS / Soil Health Card Portal (DAC&FW, GoI)",ICAR Soil Test Crop Response (STCR) Database & National Fertilizer Guidelines 2024-25
SOIL_REC_01362,Cotton,3,30,60,6.1,1.35,0.4,156.5,17.0,94.2,24.9,1.1,3.98,Black soil,Low,Medium,Low,60.0,24.0,30.0,130.4,0.0,50.0,150.0,0.0,0.0,Nitrogen,NONE,"ICAR-IISS / Soil Health Card Portal (DAC&FW, GoI)",ICAR Soil Test Crop Response (STCR) Database & National Fertilizer Guidelines 2024-25
SOIL_REC_01363,Cotton,1,0,15,7.4,2.28,0.29,278.2,16.3,355.8,25.4,0.98,8.3,Black soil,Low,Medium,High,60.0,24.0,0.0,110.0,52.2,0.0,0.0,0.0,0.0,Nitrogen,ELEVATED_SALINITY,"ICAR-IISS / Soil Health Card Portal (DAC&FW, GoI)",ICAR Soil Test Crop Response (STCR) Database & National Fertilizer Guidelines 2024-25
SOIL_REC_01364,Cotton,2,15,30,8.02,1.58,0.56,103.2,7.6,85.1,4.6,1.67,10.76,Black soil,Low,Low,Low,60.0,31.2,30.0,103.9,67.8,50.0,0.0,0.0,0.0,Nitrogen,ALKALINE_PH,"ICAR-IISS / Soil Health Card Portal (DAC&FW, GoI)",ICAR Soil Test Crop Response (STCR) Database & National Fertilizer Guidelines 2024-25
SOIL_REC_01365,Cotton,3,30,60,6.59,0.43,0.52,149.2,18.6,217.4,12.6,0.31,8.42,Black soil,Low,Medium,Medium,60.0,24.0,24.0,110.0,52.2,40.0,0.0,10.0,0.0,Zinc,NONE,"ICAR-IISS / Soil Health Card Portal (DAC&FW, GoI)",ICAR Soil Test Crop Response (STCR) Database & National Fertilizer Guidelines 2024-25
SOIL_REC_01366,Cotton,1,0,15,7.43,2.35,0.6,471.8,18.2,126.5,19.7,1.64,3.94,Clay loam,Medium,Medium,Low,48.0,24.0,30.0,83.9,52.2,60.0,0.0,0.0,0.0,Potassium,HIGH_EC_SALINITY;ELEVATED_SALINITY,"ICAR-IISS / Soil Health Card Portal (DAC&FW, GoI)",ICAR Soil Test Crop Response (STCR) Database & National Fertilizer Guidelines 2024-25
SOIL_REC_01367,Cotton,2,15,30,6.87,1.58,0.55,149.4,21.9,194.3,31.5,1.3,11.08,Clay loam,Low,Medium,Medium,60.0,24.0,24.0,110.0,52.2,40.0,0.0,0.0,0.0,Nitrogen,NONE,"ICAR-IISS / Soil Health Card Portal (DAC&FW, GoI)",ICAR Soil Test Crop Response (STCR) Database & National Fertilizer Guidelines 2024-25
SOIL_REC_01368,Cotton,3,30,60,8.72,1.93,0.14,171.2,18.9,69.4,14.7,0.81,4.12,Clay loam,Low,Medium,Low,60.0,24.0,30.0,110.0,52.2,50.0,0.0,0.0,0.0,Nitrogen,ALKALINE_PH;ELEVATED_SALINITY,"ICAR-IISS / Soil Health Card Portal (DAC&FW, GoI)",ICAR Soil Test Crop Response (STCR) Database & National Fertilizer Guidelines 2024-25
SOIL_REC_01369,Cotton,1,0,15,7.43,2.77,0.49,340.5,30.0,251.0,4.6,0.99,8.88,Sandy loam,Medium,High,Medium,48.0,0.0,24.0,104.3,0.0,48.0,0.0,0.0,0.0,Nitrogen,HIGH_EC_SALINITY;ELEVATED_SALINITY;HIGH_LEACHING_TEXTURE,"ICAR-IISS / Soil Health Card Portal (DAC&FW, GoI)",ICAR Soil Test Crop Response (STCR) Database & National Fertilizer Guidelines 2024-25
SOIL_REC_01370,Cotton,2,15,30,6.63,1.08,0.17,228.7,10.1,236.0,23.0,1.67,3.55,Sandy loam,Low,Medium,Medium,60.0,24.0,24.0,110.0,52.2,40.0,0.0,0.0,0.0,Nitrogen,HIGH_LEACHING_TEXTURE,"ICAR-IISS / Soil Health Card Portal (DAC&FW, GoI)",ICAR Soil Test Crop Response (STCR) Database & National Fertilizer Guidelines 2024-25
SOIL_REC_01371,Cotton,3,30,60,8.59,2.7,0.17,218.6,9.1,187.7,26.0,0.77,11.84,Sandy loam,Low,Low,Medium,60.0,31.2,24.0,103.9,67.8,48.0,0.0,0.0,0.0,Nitrogen,HIGH_EC_SALINITY;ALKALINE_PH;ELEVATED_SALINITY;HIGH_LEACHING_TEXTURE,"ICAR-IISS / Soil Health Card Portal (DAC&FW, GoI)",ICAR Soil Test Crop Response (STCR) Database & National Fertilizer Guidelines 2024-25
SOIL_REC_01372,Cotton,1,0,15,5.55,2.52,0.55,204.5,41.8,159.1,11.8,1.03,11.2,Black soil,Low,High,Medium,60.0,0.0,24.0,130.4,0.0,48.0,0.0,0.0,0.0,Nitrogen,HIGH_EC_SALINITY;ACIDIC_PH;ELEVATED_SALINITY,"ICAR-IISS / Soil Health Card Portal (DAC&FW, GoI)",ICAR Soil Test Crop Response (STCR) Database & National Fertilizer Guidelines 2024-25
SOIL_REC_01373,Cotton,2,15,30,7.12,2.56,0.15,179.6,14.2,188.7,16.1,0.26,9.62,Black soil,Low,Medium,Medium,60.0,24.0,24.0,110.0,52.2,48.0,0.0,10.0,0.0,Zinc,HIGH_EC_SALINITY;ELEVATED_SALINITY,"ICAR-IISS / Soil Health Card Portal (DAC&FW, GoI)",ICAR Soil Test Crop Response (STCR) Database & National Fertilizer Guidelines 2024-25
SOIL_REC_01374,Cotton,3,30,60,8.01,1.39,0.11,197.8,5.7,221.1,21.5,1.38,2.68,Black soil,Low,Low,Medium,60.0,31.2,24.0,103.9,67.8,40.0,0.0,0.0,0.0,Nitrogen,ALKALINE_PH,"ICAR-IISS / Soil Health Card Portal (DAC&FW, GoI)",ICAR Soil Test Crop Response (STCR) Database & National Fertilizer Guidelines 2024-25
SOIL_REC_01375,Cotton,1,0,15,6.16,1.42,0.52,467.6,17.4,225.1,14.3,1.02,11.94,Black soil,Medium,Medium,Medium,48.0,24.0,24.0,104.3,0.0,40.0,150.0,0.0,0.0,Nitrogen,NONE,"ICAR-IISS / Soil Health Card Portal (DAC&FW, GoI)",ICAR Soil Test Crop Response (STCR) Database & National Fertilizer Guidelines 2024-25
SOIL_REC_01376,Cotton,2,15,30,6.9,2.04,0.21,219.8,12.7,119.6,11.9,0.33,6.77,Black soil,Low,Medium,Low,60.0,24.0,30.0,110.0,52.2,60.0,0.0,10.0,0.0,Zinc,HIGH_EC_SALINITY;ELEVATED_SALINITY,"ICAR-IISS / Soil Health Card Portal (DAC&FW, GoI)",ICAR Soil Test Crop Response (STCR) Database & National Fertilizer Guidelines 2024-25
SOIL_REC_01377,Cotton,3,30,60,7.72,2.29,0.51,275.4,21.8,49.1,7.6,1.42,4.81,Black soil,Low,Medium,Low,60.0,24.0,30.0,110.0,52.2,60.0,0.0,0.0,0.0,Nitrogen,HIGH_EC_SALINITY;ELEVATED_SALINITY,"ICAR-IISS / Soil Health Card Portal (DAC&FW, GoI)",ICAR Soil Test Crop Response (STCR) Database & National Fertilizer Guidelines 2024-25
SOIL_REC_01378,Cotton,1,0,15,6.73,0.6,0.91,509.4,42.3,93.5,4.4,1.49,10.77,Loam,Medium,High,Low,43.2,0.0,30.0,93.9,0.0,50.0,0.0,0.0,0.0,Potassium,NONE,"ICAR-IISS / Soil Health Card Portal (DAC&FW, GoI)",ICAR Soil Test Crop Response (STCR) Database & National Fertilizer Guidelines 2024-25
SOIL_REC_01379,Cotton,2,15,30,7.54,0.61,0.56,416.8,19.0,303.3,26.0,0.37,3.66,Loam,Medium,Medium,Medium,48.0,24.0,24.0,83.9,52.2,40.0,0.0,10.0,0.0,Zinc,NONE,"ICAR-IISS / Soil Health Card Portal (DAC&FW, GoI)",ICAR Soil Test Crop Response (STCR) Database & National Fertilizer Guidelines 2024-25
SOIL_REC_01380,Cotton,3,30,60,7.82,0.72,0.43,80.3,4.9,216.3,4.1,1.47,4.71,Loam,Low,Low,Medium,60.0,31.2,24.0,103.9,67.8,40.0,0.0,0.0,0.0,Nitrogen,NONE,"ICAR-IISS / Soil Health Card Portal (DAC&FW, GoI)",ICAR Soil Test Crop Response (STCR) Database & National Fertilizer Guidelines 2024-25
SOIL_REC_01381,Cotton,1,0,15,7.87,1.21,0.74,216.3,40.3,345.0,17.9,1.33,6.96,Sandy loam,Low,High,High,60.0,0.0,0.0,130.4,0.0,0.0,0.0,0.0,0.0,Nitrogen,HIGH_LEACHING_TEXTURE,"ICAR-IISS / Soil Health Card Portal (DAC&FW, GoI)",ICAR Soil Test Crop Response (STCR) Database & National Fertilizer Guidelines 2024-25
SOIL_REC_01382,Cotton,2,15,30,7.91,1.74,0.73,255.9,20.5,89.0,31.3,0.62,10.84,Sandy loam,Low,Medium,Low,60.0,24.0,30.0,110.0,52.2,50.0,0.0,0.0,0.0,Nitrogen,HIGH_LEACHING_TEXTURE,"ICAR-IISS / Soil Health Card Portal (DAC&FW, GoI)",ICAR Soil Test Crop Response (STCR) Database & National Fertilizer Guidelines 2024-25
SOIL_REC_01383,Cotton,3,30,60,7.4,0.69,0.13,250.4,7.0,197.8,25.2,0.56,6.25,Sandy loam,Low,Low,Medium,60.0,31.2,24.0,103.9,67.8,40.0,0.0,10.0,0.0,Zinc,HIGH_LEACHING_TEXTURE,"ICAR-IISS / Soil Health Card Portal (DAC&FW, GoI)",ICAR Soil Test Crop Response (STCR) Database & National Fertilizer Guidelines 2024-25
SOIL_REC_01384,Cotton,1,0,15,6.48,1.27,0.76,229.1,16.5,214.1,10.7,0.21,10.96,Alluvial,Low,Medium,Medium,60.0,24.0,24.0,110.0,52.2,40.0,0.0,10.0,0.0,Zinc,NONE,"ICAR-IISS / Soil Health Card Portal (DAC&FW, GoI)",ICAR Soil Test Crop Response (STCR) Database & National Fertilizer Guidelines 2024-25
SOIL_REC_01385,Cotton,2,15,30,7.76,0.93,0.23,113.1,20.1,311.2,5.7,1.41,6.59,Alluvial,Low,Medium,Medium,60.0,24.0,24.0,110.0,52.2,40.0,0.0,0.0,0.0,Nitrogen,NONE,"ICAR-IISS / Soil Health Card Portal (DAC&FW, GoI)",ICAR Soil Test Crop Response (STCR) Database & National Fertilizer Guidelines 2024-25
SOIL_REC_01386,Cotton,3,30,60,7.72,2.54,0.29,304.3,17.2,102.3,25.6,1.66,9.13,Alluvial,Medium,Medium,Low,48.0,24.0,30.0,83.9,52.2,60.0,0.0,0.0,0.0,Potassium,HIGH_EC_SALINITY;ELEVATED_SALINITY,"ICAR-IISS / Soil Health Card Portal (DAC&FW, GoI)",ICAR Soil Test Crop Response (STCR) Database & National Fertilizer Guidelines 2024-25
SOIL_REC_01387,Cotton,1,0,15,7.74,0.37,0.4,539.9,24.9,357.2,17.5,1.0,9.75,Alluvial,Medium,Medium,High,48.0,24.0,0.0,83.9,52.2,0.0,0.0,0.0,0.0,Nitrogen,NONE,"ICAR-IISS / Soil Health Card Portal (DAC&FW, GoI)",ICAR Soil Test Crop Response (STCR) Database & National Fertilizer Guidelines 2024-25
SOIL_REC_01388,Cotton,2,15,30,6.53,2.8,0.25,310.2,5.8,162.8,17.0,0.94,11.27,Alluvial,Medium,Low,Medium,48.0,31.2,24.0,77.8,67.8,48.0,0.0,0.0,0.0,Phosphorus,HIGH_EC_SALINITY;ELEVATED_SALINITY,"ICAR-IISS / Soil Health Card Portal (DAC&FW, GoI)",ICAR Soil Test Crop Response (STCR) Database & National Fertilizer Guidelines 2024-25
SOIL_REC_01389,Cotton,3,30,60,8.29,2.73,0.3,284.8,12.5,70.6,25.0,0.87,2.73,Alluvial,Medium,Medium,Low,48.0,24.0,30.0,83.9,52.2,60.0,0.0,0.0,0.0,Potassium,HIGH_EC_SALINITY;ALKALINE_PH;ELEVATED_SALINITY,"ICAR-IISS / Soil Health Card Portal (DAC&FW, GoI)",ICAR Soil Test Crop Response (STCR) Database & National Fertilizer Guidelines 2024-25
SOIL_REC_01390,Cotton,1,0,15,8.1,1.19,0.98,194.7,21.4,246.4,26.9,1.65,3.93,Loam,Low,Medium,Medium,55.2,24.0,24.0,99.6,52.2,40.0,0.0,0.0,0.0,Nitrogen,ALKALINE_PH,"ICAR-IISS / Soil Health Card Portal (DAC&FW, GoI)",ICAR Soil Test Crop Response (STCR) Database & National Fertilizer Guidelines 2024-25
SOIL_REC_01391,Cotton,2,15,30,8.62,0.76,0.12,267.1,13.0,120.9,17.9,0.45,10.38,Loam,Low,Medium,Low,60.0,24.0,30.0,110.0,52.2,50.0,0.0,10.0,0.0,Zinc,ALKALINE_PH,"ICAR-IISS / Soil Health Card Portal (DAC&FW, GoI)",ICAR Soil Test Crop Response (STCR) Database & National Fertilizer Guidelines 2024-25
SOIL_REC_01392,Cotton,3,30,60,8.32,0.92,0.17,211.7,13.5,123.3,27.8,0.98,8.82,Loam,Low,Medium,Low,60.0,24.0,30.0,110.0,52.2,50.0,0.0,0.0,0.0,Nitrogen,ALKALINE_PH,"ICAR-IISS / Soil Health Card Portal (DAC&FW, GoI)",ICAR Soil Test Crop Response (STCR) Database & National Fertilizer Guidelines 2024-25
SOIL_REC_01393,Cotton,1,0,15,8.67,0.37,0.46,358.4,18.2,174.7,30.4,1.49,6.46,Clay loam,Medium,Medium,Medium,48.0,24.0,24.0,83.9,52.2,40.0,0.0,0.0,0.0,Nitrogen,ALKALINE_PH,"ICAR-IISS / Soil Health Card Portal (DAC&FW, GoI)",ICAR Soil Test Crop Response (STCR) Database & National Fertilizer Guidelines 2024-25
SOIL_REC_01394,Cotton,2,15,30,5.54,1.0,0.23,326.4,26.0,183.3,7.4,0.41,5.18,Clay loam,Medium,High,Medium,48.0,0.0,24.0,104.3,0.0,40.0,0.0,10.0,0.0,Zinc,ACIDIC_PH,"ICAR-IISS / Soil Health Card Portal (DAC&FW, GoI)",ICAR Soil Test Crop Response (STCR) Database & National Fertilizer Guidelines 2024-25
SOIL_REC_01395,Cotton,3,30,60,7.89,2.3,0.49,152.4,23.4,56.4,16.5,0.87,4.49,Clay loam,Low,Medium,Low,60.0,24.0,30.0,110.0,52.2,60.0,0.0,0.0,0.0,Nitrogen,HIGH_EC_SALINITY;ELEVATED_SALINITY,"ICAR-IISS / Soil Health Card Portal (DAC&FW, GoI)",ICAR Soil Test Crop Response (STCR) Database & National Fertilizer Guidelines 2024-25
SOIL_REC_01396,Cotton,1,0,15,7.77,2.57,1.01,436.9,43.9,261.4,11.9,0.75,10.04,Clay loam,Medium,High,Medium,43.2,0.0,24.0,93.9,0.0,48.0,0.0,0.0,0.0,Nitrogen,HIGH_EC_SALINITY;ELEVATED_SALINITY,"ICAR-IISS / Soil Health Card Portal (DAC&FW, GoI)",ICAR Soil Test Crop Response (STCR) Database & National Fertilizer Guidelines 2024-25
SOIL_REC_01397,Cotton,2,15,30,7.8,2.54,0.8,383.1,22.5,313.6,23.8,1.18,10.23,Clay loam,Medium,Medium,Medium,48.0,24.0,24.0,83.9,52.2,48.0,0.0,0.0,0.0,Nitrogen,HIGH_EC_SALINITY;ELEVATED_SALINITY,"ICAR-IISS / Soil Health Card Portal (DAC&FW, GoI)",ICAR Soil Test Crop Response (STCR) Database & National Fertilizer Guidelines 2024-25
SOIL_REC_01398,Cotton,3,30,60,6.32,1.66,0.5,138.4,21.5,114.1,8.2,0.71,7.53,Clay loam,Low,Medium,Low,60.0,24.0,30.0,110.0,52.2,50.0,0.0,0.0,0.0,Nitrogen,NONE,"ICAR-IISS / Soil Health Card Portal (DAC&FW, GoI)",ICAR Soil Test Crop Response (STCR) Database & National Fertilizer Guidelines 2024-25
SOIL_REC_01399,Cotton,1,0,15,7.49,2.52,1.06,253.0,24.9,369.9,26.2,0.64,3.86,Black soil,Low,Medium,High,55.2,24.0,0.0,99.6,52.2,0.0,0.0,0.0,0.0,Nitrogen,ELEVATED_SALINITY,"ICAR-IISS / Soil Health Card Portal (DAC&FW, GoI)",ICAR Soil Test Crop Response (STCR) Database & National Fertilizer Guidelines 2024-25
SOIL_REC_01400,Cotton,2,15,30,8.3,0.35,0.29,327.4,14.8,290.2,17.5,0.43,5.09,Black soil,Medium,Medium,Medium,48.0,24.0,24.0,83.9,52.2,40.0,0.0,10.0,0.0,Zinc,ALKALINE_PH,"ICAR-IISS / Soil Health Card Portal (DAC&FW, GoI)",ICAR Soil Test Crop Response (STCR) Database & National Fertilizer Guidelines 2024-25
SOIL_REC_01401,Cotton,3,30,60,6.56,2.76,0.36,194.1,20.3,161.3,30.8,1.16,3.64,Black soil,Low,Medium,Medium,60.0,24.0,24.0,110.0,52.2,48.0,0.0,0.0,0.0,Nitrogen,HIGH_EC_SALINITY;ELEVATED_SALINITY,"ICAR-IISS / Soil Health Card Portal (DAC&FW, GoI)",ICAR Soil Test Crop Response (STCR) Database & National Fertilizer Guidelines 2024-25
SOIL_REC_01402,Cotton,1,0,15,5.7,2.5,0.65,372.1,16.4,225.4,23.6,1.56,5.33,Red soil,Medium,Medium,Medium,48.0,24.0,24.0,104.3,0.0,48.0,150.0,0.0,0.0,Nitrogen,HIGH_EC_SALINITY;ACIDIC_PH;ELEVATED_SALINITY,"ICAR-IISS / Soil Health Card Portal (DAC&FW, GoI)",ICAR Soil Test Crop Response (STCR) Database & National Fertilizer Guidelines 2024-25
SOIL_REC_01403,Cotton,2,15,30,6.17,0.97,0.13,331.5,17.8,167.0,25.7,1.79,6.74,Red soil,Medium,Medium,Medium,48.0,24.0,24.0,104.3,0.0,40.0,150.0,0.0,0.0,Nitrogen,NONE,"ICAR-IISS / Soil Health Card Portal (DAC&FW, GoI)",ICAR Soil Test Crop Response (STCR) Database & National Fertilizer Guidelines 2024-25
SOIL_REC_01404,Cotton,3,30,60,6.76,0.61,0.29,138.5,22.7,127.1,9.5,1.17,5.21,Red soil,Low,Medium,Low,60.0,24.0,30.0,110.0,52.2,50.0,0.0,0.0,0.0,Nitrogen,NONE,"ICAR-IISS / Soil Health Card Portal (DAC&FW, GoI)",ICAR Soil Test Crop Response (STCR) Database & National Fertilizer Guidelines 2024-25
SOIL_REC_01405,Cotton,1,0,15,5.92,2.69,0.27,553.9,29.2,222.8,12.8,1.35,7.73,Alluvial,Medium,High,Medium,48.0,0.0,24.0,104.3,0.0,48.0,0.0,0.0,0.0,Nitrogen,HIGH_EC_SALINITY;ACIDIC_PH;ELEVATED_SALINITY,"ICAR-IISS / Soil Health Card Portal (DAC&FW, GoI)",ICAR Soil Test Crop Response (STCR) Database & National Fertilizer Guidelines 2024-25
SOIL_REC_01406,Cotton,2,15,30,7.58,1.88,0.39,212.5,30.8,76.8,11.9,1.1,7.9,Alluvial,Low,High,Low,60.0,0.0,30.0,130.4,0.0,50.0,0.0,0.0,0.0,Nitrogen,ELEVATED_SALINITY,"ICAR-IISS / Soil Health Card Portal (DAC&FW, GoI)",ICAR Soil Test Crop Response (STCR) Database & National Fertilizer Guidelines 2024-25
SOIL_REC_01407,Cotton,3,30,60,8.41,0.35,0.42,93.0,4.3,57.2,8.2,1.04,11.43,Alluvial,Low,Low,Low,60.0,31.2,30.0,103.9,67.8,50.0,0.0,0.0,0.0,Nitrogen,ALKALINE_PH,"ICAR-IISS / Soil Health Card Portal (DAC&FW, GoI)",ICAR Soil Test Crop Response (STCR) Database & National Fertilizer Guidelines 2024-25
SOIL_REC_01408,Cotton,1,0,15,5.8,1.14,0.49,160.6,20.4,115.0,15.2,0.3,6.46,Loam,Low,Medium,Low,60.0,24.0,30.0,130.4,0.0,50.0,150.0,10.0,0.0,Zinc,ACIDIC_PH,"ICAR-IISS / Soil Health Card Portal (DAC&FW, GoI)",ICAR Soil Test Crop Response (STCR) Database & National Fertilizer Guidelines 2024-25
SOIL_REC_01409,Cotton,2,15,30,8.11,2.01,0.5,123.6,11.0,110.4,25.4,1.59,4.66,Loam,Low,Medium,Low,60.0,24.0,30.0,110.0,52.2,60.0,0.0,0.0,0.0,Nitrogen,HIGH_EC_SALINITY;ALKALINE_PH;ELEVATED_SALINITY,"ICAR-IISS / Soil Health Card Portal (DAC&FW, GoI)",ICAR Soil Test Crop Response (STCR) Database & National Fertilizer Guidelines 2024-25
SOIL_REC_01410,Cotton,3,30,60,5.69,1.98,0.09,220.7,17.6,131.2,5.2,1.41,11.52,Loam,Low,Medium,Low,60.0,24.0,30.0,130.4,0.0,50.0,150.0,0.0,0.0,Nitrogen,ACIDIC_PH;ELEVATED_SALINITY,"ICAR-IISS / Soil Health Card Portal (DAC&FW, GoI)",ICAR Soil Test Crop Response (STCR) Database & National Fertilizer Guidelines 2024-25
SOIL_REC_01411,Cotton,1,0,15,7.15,1.04,0.87,455.1,6.8,365.6,17.8,1.27,9.12,Loam,Medium,Low,High,43.2,31.2,0.0,67.4,67.8,0.0,0.0,0.0,0.0,Phosphorus,NONE,"ICAR-IISS / Soil Health Card Portal (DAC&FW, GoI)",ICAR Soil Test Crop Response (STCR) Database & National Fertilizer Guidelines 2024-25
SOIL_REC_01412,Cotton,2,15,30,7.32,0.3,0.53,168.3,22.9,69.4,23.7,1.13,6.0,Loam,Low,Medium,Low,60.0,24.0,30.0,110.0,52.2,50.0,0.0,0.0,0.0,Nitrogen,NONE,"ICAR-IISS / Soil Health Card Portal (DAC&FW, GoI)",ICAR Soil Test Crop Response (STCR) Database & National Fertilizer Guidelines 2024-25
SOIL_REC_01413,Cotton,3,30,60,8.47,0.63,0.18,194.1,22.2,179.0,11.9,1.09,7.35,Loam,Low,Medium,Medium,60.0,24.0,24.0,110.0,52.2,40.0,0.0,0.0,0.0,Nitrogen,ALKALINE_PH,"ICAR-IISS / Soil Health Card Portal (DAC&FW, GoI)",ICAR Soil Test Crop Response (STCR) Database & National Fertilizer Guidelines 2024-25
SOIL_REC_01414,Cotton,1,0,15,8.25,2.16,0.39,217.9,43.7,231.3,22.2,0.92,6.73,Loam,Low,High,Medium,60.0,0.0,24.0,130.4,0.0,48.0,0.0,0.0,0.0,Nitrogen,HIGH_EC_SALINITY;ALKALINE_PH;ELEVATED_SALINITY,"ICAR-IISS / Soil Health Card Portal (DAC&FW, GoI)",ICAR Soil Test Crop Response (STCR) Database & National Fertilizer Guidelines 2024-25
SOIL_REC_01415,Cotton,2,15,30,8.69,1.95,0.66,166.7,8.0,172.1,7.0,1.69,4.45,Loam,Low,Low,Medium,60.0,31.2,24.0,103.9,67.8,40.0,0.0,0.0,0.0,Nitrogen,ALKALINE_PH;ELEVATED_SALINITY,"ICAR-IISS / Soil Health Card Portal (DAC&FW, GoI)",ICAR Soil Test Crop Response (STCR) Database & National Fertilizer Guidelines 2024-25
SOIL_REC_01416,Cotton,3,30,60,8.01,2.11,0.22,232.4,7.5,151.8,12.5,0.94,8.65,Loam,Low,Low,Medium,60.0,31.2,24.0,103.9,67.8,48.0,0.0,0.0,0.0,Nitrogen,HIGH_EC_SALINITY;ALKALINE_PH;ELEVATED_SALINITY,"ICAR-IISS / Soil Health Card Portal (DAC&FW, GoI)",ICAR Soil Test Crop Response (STCR) Database & National Fertilizer Guidelines 2024-25
SOIL_REC_01417,Cotton,1,0,15,7.37,2.5,0.39,375.5,19.0,167.9,9.1,0.73,7.25,Loam,Medium,Medium,Medium,48.0,24.0,24.0,83.9,52.2,48.0,0.0,0.0,0.0,Nitrogen,HIGH_EC_SALINITY;ELEVATED_SALINITY,"ICAR-IISS / Soil Health Card Portal (DAC&FW, GoI)",ICAR Soil Test Crop Response (STCR) Database & National Fertilizer Guidelines 2024-25
SOIL_REC_01418,Cotton,2,15,30,7.88,2.07,0.44,236.5,28.2,316.1,17.4,1.15,10.05,Loam,Low,High,Medium,60.0,0.0,24.0,130.4,0.0,48.0,0.0,0.0,0.0,Nitrogen,HIGH_EC_SALINITY;ELEVATED_SALINITY,"ICAR-IISS / Soil Health Card Portal (DAC&FW, GoI)",ICAR Soil Test Crop Response (STCR) Database & National Fertilizer Guidelines 2024-25
SOIL_REC_01419,Cotton,3,30,60,7.7,2.64,0.11,86.8,3.0,50.6,5.4,0.22,5.11,Loam,Low,Low,Low,60.0,31.2,30.0,103.9,67.8,60.0,0.0,10.0,0.0,Zinc,HIGH_EC_SALINITY;ELEVATED_SALINITY,"ICAR-IISS / Soil Health Card Portal (DAC&FW, GoI)",ICAR Soil Test Crop Response (STCR) Database & National Fertilizer Guidelines 2024-25
SOIL_REC_01420,Cotton,1,0,15,6.5,1.19,0.69,199.7,8.2,167.5,9.3,0.88,10.83,Sandy loam,Low,Low,Medium,60.0,31.2,24.0,103.9,67.8,40.0,0.0,0.0,0.0,Nitrogen,HIGH_LEACHING_TEXTURE,"ICAR-IISS / Soil Health Card Portal (DAC&FW, GoI)",ICAR Soil Test Crop Response (STCR) Database & National Fertilizer Guidelines 2024-25
SOIL_REC_01421,Cotton,2,15,30,5.75,1.29,0.13,378.9,32.8,149.1,11.4,1.69,10.93,Sandy loam,Medium,High,Medium,48.0,0.0,24.0,104.3,0.0,40.0,0.0,0.0,0.0,Nitrogen,ACIDIC_PH;HIGH_LEACHING_TEXTURE,"ICAR-IISS / Soil Health Card Portal (DAC&FW, GoI)",ICAR Soil Test Crop Response (STCR) Database & National Fertilizer Guidelines 2024-25
SOIL_REC_01422,Cotton,3,30,60,8.14,0.73,0.51,246.1,17.3,50.5,30.1,0.96,2.64,Sandy loam,Low,Medium,Low,60.0,24.0,30.0,110.0,52.2,50.0,0.0,0.0,0.0,Nitrogen,ALKALINE_PH;HIGH_LEACHING_TEXTURE,"ICAR-IISS / Soil Health Card Portal (DAC&FW, GoI)",ICAR Soil Test Crop Response (STCR) Database & National Fertilizer Guidelines 2024-25
SOIL_REC_01423,Cotton,1,0,15,7.89,1.38,0.99,467.5,17.5,98.1,19.8,0.3,9.07,Sandy loam,Medium,Medium,Low,43.2,24.0,30.0,73.5,52.2,50.0,0.0,10.0,0.0,Potassium,HIGH_LEACHING_TEXTURE,"ICAR-IISS / Soil Health Card Portal (DAC&FW, GoI)",ICAR Soil Test Crop Response (STCR) Database & National Fertilizer Guidelines 2024-25
SOIL_REC_01424,Cotton,2,15,30,6.21,1.23,0.38,103.9,18.1,193.2,8.9,0.22,11.03,Sandy loam,Low,Medium,Medium,60.0,24.0,24.0,110.0,52.2,40.0,0.0,10.0,0.0,Zinc,HIGH_LEACHING_TEXTURE,"ICAR-IISS / Soil Health Card Portal (DAC&FW, GoI)",ICAR Soil Test Crop Response (STCR) Database & National Fertilizer Guidelines 2024-25
SOIL_REC_01425,Cotton,3,30,60,7.67,2.69,0.49,237.5,18.1,81.5,11.5,1.27,11.65,Sandy loam,Low,Medium,Low,60.0,24.0,30.0,110.0,52.2,60.0,0.0,0.0,0.0,Nitrogen,HIGH_EC_SALINITY;ELEVATED_SALINITY;HIGH_LEACHING_TEXTURE,"ICAR-IISS / Soil Health Card Portal (DAC&FW, GoI)",ICAR Soil Test Crop Response (STCR) Database & National Fertilizer Guidelines 2024-25
SOIL_REC_01426,Cotton,1,0,15,6.27,1.36,0.15,445.1,42.7,390.7,16.2,1.72,7.14,Loam,Medium,High,High,48.0,0.0,0.0,104.3,0.0,0.0,0.0,0.0,0.0,Nitrogen,NONE,"ICAR-IISS / Soil Health Card Portal (DAC&FW, GoI)",ICAR Soil Test Crop Response (STCR) Database & National Fertilizer Guidelines 2024-25
SOIL_REC_01427,Cotton,2,15,30,6.26,2.41,0.15,226.5,23.3,190.7,17.2,0.46,8.76,Loam,Low,Medium,Medium,60.0,24.0,24.0,110.0,52.2,48.0,0.0,10.0,0.0,Zinc,HIGH_EC_SALINITY;ELEVATED_SALINITY,"ICAR-IISS / Soil Health Card Portal (DAC&FW, GoI)",ICAR Soil Test Crop Response (STCR) Database & National Fertilizer Guidelines 2024-25
SOIL_REC_01428,Cotton,3,30,60,6.73,1.63,0.14,243.8,10.3,76.3,15.2,0.95,5.8,Loam,Low,Medium,Low,60.0,24.0,30.0,110.0,52.2,50.0,0.0,0.0,0.0,Nitrogen,NONE,"ICAR-IISS / Soil Health Card Portal (DAC&FW, GoI)",ICAR Soil Test Crop Response (STCR) Database & National Fertilizer Guidelines 2024-25
SOIL_REC_01429,Cotton,1,0,15,5.99,1.95,0.99,457.9,23.1,436.1,6.4,0.61,3.81,Clay loam,Medium,Medium,High,43.2,24.0,0.0,93.9,0.0,0.0,150.0,0.0,0.0,Nitrogen,ACIDIC_PH;ELEVATED_SALINITY,"ICAR-IISS / Soil Health Card Portal (DAC&FW, GoI)",ICAR Soil Test Crop Response (STCR) Database & National Fertilizer Guidelines 2024-25
SOIL_REC_01430,Cotton,2,15,30,8.55,1.88,0.43,292.2,25.9,307.7,13.6,1.67,11.84,Clay loam,Medium,High,Medium,48.0,0.0,24.0,104.3,0.0,40.0,0.0,0.0,0.0,Nitrogen,ALKALINE_PH;ELEVATED_SALINITY,"ICAR-IISS / Soil Health Card Portal (DAC&FW, GoI)",ICAR Soil Test Crop Response (STCR) Database & National Fertilizer Guidelines 2024-25
SOIL_REC_01431,Cotton,3,30,60,5.98,1.09,0.38,246.2,20.9,148.3,31.4,1.47,10.33,Clay loam,Low,Medium,Medium,60.0,24.0,24.0,130.4,0.0,40.0,150.0,0.0,0.0,Nitrogen,ACIDIC_PH,"ICAR-IISS / Soil Health Card Portal (DAC&FW, GoI)",ICAR Soil Test Crop Response (STCR) Database & National Fertilizer Guidelines 2024-25
SOIL_REC_01432,Cotton,1,0,15,5.77,1.29,0.26,370.7,7.8,127.4,4.1,1.7,8.81,Black soil,Medium,Low,Low,48.0,31.2,30.0,104.3,0.0,50.0,195.0,0.0,0.0,Phosphorus,ACIDIC_PH,"ICAR-IISS / Soil Health Card Portal (DAC&FW, GoI)",ICAR Soil Test Crop Response (STCR) Database & National Fertilizer Guidelines 2024-25
SOIL_REC_01433,Cotton,2,15,30,6.04,0.79,0.62,215.6,8.2,265.1,26.3,1.08,6.25,Black soil,Low,Low,Medium,60.0,31.2,24.0,130.4,0.0,40.0,195.0,0.0,0.0,Nitrogen,NONE,"ICAR-IISS / Soil Health Card Portal (DAC&FW, GoI)",ICAR Soil Test Crop Response (STCR) Database & National Fertilizer Guidelines 2024-25
SOIL_REC_01434,Cotton,3,30,60,7.67,1.22,0.35,247.5,17.4,222.8,10.3,1.23,3.98,Black soil,Low,Medium,Medium,60.0,24.0,24.0,110.0,52.2,40.0,0.0,0.0,0.0,Nitrogen,NONE,"ICAR-IISS / Soil Health Card Portal (DAC&FW, GoI)",ICAR Soil Test Crop Response (STCR) Database & National Fertilizer Guidelines 2024-25
SOIL_REC_01435,Cotton,1,0,15,8.45,0.69,0.15,516.8,27.2,128.8,8.0,0.32,11.53,Red soil,Medium,High,Low,48.0,0.0,30.0,104.3,0.0,50.0,0.0,10.0,0.0,Potassium,ALKALINE_PH,"ICAR-IISS / Soil Health Card Portal (DAC&FW, GoI)",ICAR Soil Test Crop Response (STCR) Database & National Fertilizer Guidelines 2024-25
SOIL_REC_01436,Cotton,2,15,30,6.3,1.26,0.7,293.2,7.5,287.4,4.7,0.25,3.65,Red soil,Medium,Low,Medium,48.0,31.2,24.0,77.8,67.8,40.0,0.0,10.0,0.0,Phosphorus,NONE,"ICAR-IISS / Soil Health Card Portal (DAC&FW, GoI)",ICAR Soil Test Crop Response (STCR) Database & National Fertilizer Guidelines 2024-25
SOIL_REC_01437,Cotton,3,30,60,6.11,2.22,0.11,123.4,23.0,120.9,14.0,0.84,9.13,Red soil,Low,Medium,Low,60.0,24.0,30.0,130.4,0.0,60.0,150.0,0.0,0.0,Nitrogen,HIGH_EC_SALINITY;ELEVATED_SALINITY,"ICAR-IISS / Soil Health Card Portal (DAC&FW, GoI)",ICAR Soil Test Crop Response (STCR) Database & National Fertilizer Guidelines 2024-25
SOIL_REC_01438,Cotton,1,0,15,6.63,1.17,0.44,429.6,44.6,318.7,20.6,1.29,11.78,Clay loam,Medium,High,Medium,48.0,0.0,24.0,104.3,0.0,40.0,0.0,0.0,0.0,Nitrogen,NONE,"ICAR-IISS / Soil Health Card Portal (DAC&FW, GoI)",ICAR Soil Test Crop Response (STCR) Database & National Fertilizer Guidelines 2024-25
SOIL_REC_01439,Cotton,2,15,30,7.15,1.11,0.29,267.6,29.6,270.8,25.6,0.88,8.08,Clay loam,Low,High,Medium,60.0,0.0,24.0,130.4,0.0,40.0,0.0,0.0,0.0,Nitrogen,NONE,"ICAR-IISS / Soil Health Card Portal (DAC&FW, GoI)",ICAR Soil Test Crop Response (STCR) Database & National Fertilizer Guidelines 2024-25
SOIL_REC_01440,Cotton,3,30,60,8.41,2.67,0.4,308.7,11.0,218.3,25.3,0.34,4.9,Clay loam,Medium,Medium,Medium,48.0,24.0,24.0,83.9,52.2,48.0,0.0,10.0,0.0,Zinc,HIGH_EC_SALINITY;ALKALINE_PH;ELEVATED_SALINITY,"ICAR-IISS / Soil Health Card Portal (DAC&FW, GoI)",ICAR Soil Test Crop Response (STCR) Database & National Fertilizer Guidelines 2024-25
SOIL_REC_01441,Sugarcane,1,0,15,5.77,2.08,0.83,581.2,25.1,359.7,10.8,1.77,2.83,Sandy loam,High,High,High,30.0,0.0,0.0,65.2,0.0,0.0,0.0,0.0,0.0,Nitrogen,ACIDIC_PH;ELEVATED_SALINITY;HIGH_LEACHING_TEXTURE,"ICAR-IISS / Soil Health Card Portal (DAC&FW, GoI)",ICAR Soil Test Crop Response (STCR) Database & National Fertilizer Guidelines 2024-25
SOIL_REC_01442,Sugarcane,2,15,30,6.52,2.22,0.72,171.2,17.4,70.3,7.6,1.58,9.92,Sandy loam,Low,Medium,Low,125.0,32.0,60.0,244.6,69.6,120.0,0.0,0.0,0.0,Nitrogen,HIGH_EC_SALINITY;ELEVATED_SALINITY;HIGH_LEACHING_TEXTURE,"ICAR-IISS / Soil Health Card Portal (DAC&FW, GoI)",ICAR Soil Test Crop Response (STCR) Database & National Fertilizer Guidelines 2024-25
SOIL_REC_01443,Sugarcane,3,30,60,8.59,1.36,0.31,175.8,17.6,114.9,29.9,1.25,2.96,Sandy loam,Low,Medium,Low,125.0,32.0,60.0,244.6,69.6,100.0,0.0,0.0,0.0,Nitrogen,ALKALINE_PH;HIGH_LEACHING_TEXTURE,"ICAR-IISS / Soil Health Card Portal (DAC&FW, GoI)",ICAR Soil Test Crop Response (STCR) Database & National Fertilizer Guidelines 2024-25
SOIL_REC_01444,Sugarcane,1,0,15,5.89,1.54,0.32,345.9,41.8,104.3,20.8,0.88,9.02,Alluvial,Medium,High,Low,100.0,0.0,60.0,217.4,0.0,100.0,0.0,0.0,0.0,Potassium,ACIDIC_PH,"ICAR-IISS / Soil Health Card Portal (DAC&FW, GoI)",ICAR Soil Test Crop Response (STCR) Database & National Fertilizer Guidelines 2024-25
SOIL_REC_01445,Sugarcane,2,15,30,8.7,0.4,0.46,183.4,16.7,268.5,22.3,0.48,6.08,Alluvial,Low,Medium,Medium,125.0,32.0,48.0,244.6,69.6,80.0,0.0,10.0,0.0,Zinc,ALKALINE_PH,"ICAR-IISS / Soil Health Card Portal (DAC&FW, GoI)",ICAR Soil Test Crop Response (STCR) Database & National Fertilizer Guidelines 2024-25
SOIL_REC_01446,Sugarcane,3,30,60,6.5,0.78,0.49,205.9,13.4,173.5,26.6,1.72,3.6,Alluvial,Low,Medium,Medium,125.0,32.0,48.0,244.6,69.6,80.0,0.0,0.0,0.0,Nitrogen,NONE,"ICAR-IISS / Soil Health Card Portal (DAC&FW, GoI)",ICAR Soil Test Crop Response (STCR) Database & National Fertilizer Guidelines 2024-25
SOIL_REC_01447,Sugarcane,1,0,15,5.96,2.12,1.05,401.4,24.4,222.0,23.6,0.23,7.49,Loam,Medium,Medium,Medium,90.0,32.0,48.0,195.7,0.0,96.0,200.0,10.0,0.0,Zinc,HIGH_EC_SALINITY;ACIDIC_PH;ELEVATED_SALINITY,"ICAR-IISS / Soil Health Card Portal (DAC&FW, GoI)",ICAR Soil Test Crop Response (STCR) Database & National Fertilizer Guidelines 2024-25
SOIL_REC_01448,Sugarcane,2,15,30,7.79,1.85,0.19,267.6,13.3,218.0,15.8,0.3,5.0,Loam,Low,Medium,Medium,125.0,32.0,48.0,244.6,69.6,80.0,0.0,10.0,0.0,Zinc,ELEVATED_SALINITY,"ICAR-IISS / Soil Health Card Portal (DAC&FW, GoI)",ICAR Soil Test Crop Response (STCR) Database & National Fertilizer Guidelines 2024-25
SOIL_REC_01449,Sugarcane,3,30,60,8.63,1.13,0.27,289.8,22.0,202.6,7.4,0.46,7.92,Loam,Medium,Medium,Medium,100.0,32.0,48.0,190.2,69.6,80.0,0.0,10.0,0.0,Zinc,ALKALINE_PH,"ICAR-IISS / Soil Health Card Portal (DAC&FW, GoI)",ICAR Soil Test Crop Response (STCR) Database & National Fertilizer Guidelines 2024-25
SOIL_REC_01450,Sugarcane,1,0,15,6.15,1.92,0.67,398.7,26.1,439.5,22.4,1.13,3.6,Red soil,Medium,High,High,100.0,0.0,0.0,217.4,0.0,0.0,0.0,0.0,0.0,Nitrogen,ELEVATED_SALINITY,"ICAR-IISS / Soil Health Card Portal (DAC&FW, GoI)",ICAR Soil Test Crop Response (STCR) Database & National Fertilizer Guidelines 2024-25
SOIL_REC_01451,Sugarcane,2,15,30,5.63,0.73,0.33,370.0,16.8,167.9,18.3,0.22,7.48,Red soil,Medium,Medium,Medium,100.0,32.0,48.0,217.4,0.0,80.0,200.0,10.0,0.0,Zinc,ACIDIC_PH,"ICAR-IISS / Soil Health Card Portal (DAC&FW, GoI)",ICAR Soil Test Crop Response (STCR) Database & National Fertilizer Guidelines 2024-25
SOIL_REC_01452,Sugarcane,3,30,60,6.38,1.58,0.22,262.9,9.7,88.9,17.5,0.54,8.81,Red soil,Low,Low,Low,125.0,41.6,60.0,236.3,90.4,100.0,0.0,10.0,0.0,Zinc,NONE,"ICAR-IISS / Soil Health Card Portal (DAC&FW, GoI)",ICAR Soil Test Crop Response (STCR) Database & National Fertilizer Guidelines 2024-25
SOIL_REC_01453,Sugarcane,1,0,15,7.08,0.46,0.52,436.7,28.7,379.4,8.1,0.4,7.34,Black soil,Medium,High,High,100.0,0.0,0.0,217.4,0.0,0.0,0.0,10.0,0.0,Zinc,NONE,"ICAR-IISS / Soil Health Card Portal (DAC&FW, GoI)",ICAR Soil Test Crop Response (STCR) Database & National Fertilizer Guidelines 2024-25
SOIL_REC_01454,Sugarcane,2,15,30,8.34,0.38,0.48,460.3,22.3,134.2,25.1,1.54,5.94,Black soil,Medium,Medium,Low,100.0,32.0,60.0,190.2,69.6,100.0,0.0,0.0,0.0,Potassium,ALKALINE_PH,"ICAR-IISS / Soil Health Card Portal (DAC&FW, GoI)",ICAR Soil Test Crop Response (STCR) Database & National Fertilizer Guidelines 2024-25
SOIL_REC_01455,Sugarcane,3,30,60,6.24,0.88,0.1,168.0,21.3,185.5,4.8,1.27,11.34,Black soil,Low,Medium,Medium,125.0,32.0,48.0,244.6,69.6,80.0,0.0,0.0,0.0,Nitrogen,NONE,"ICAR-IISS / Soil Health Card Portal (DAC&FW, GoI)",ICAR Soil Test Crop Response (STCR) Database & National Fertilizer Guidelines 2024-25
SOIL_REC_01456,Sugarcane,1,0,15,6.98,2.37,0.36,573.8,26.1,431.8,18.3,0.85,10.78,Black soil,High,High,High,40.0,0.0,0.0,87.0,0.0,0.0,0.0,0.0,0.0,Nitrogen,ELEVATED_SALINITY,"ICAR-IISS / Soil Health Card Portal (DAC&FW, GoI)",ICAR Soil Test Crop Response (STCR) Database & National Fertilizer Guidelines 2024-25
SOIL_REC_01457,Sugarcane,2,15,30,7.6,0.83,0.48,276.4,6.9,229.5,15.7,1.1,9.19,Black soil,Low,Low,Medium,125.0,41.6,48.0,236.3,90.4,80.0,0.0,0.0,0.0,Nitrogen,NONE,"ICAR-IISS / Soil Health Card Portal (DAC&FW, GoI)",ICAR Soil Test Crop Response (STCR) Database & National Fertilizer Guidelines 2024-25
SOIL_REC_01458,Sugarcane,3,30,60,8.06,2.21,0.09,129.3,8.9,162.0,31.6,0.75,10.45,Black soil,Low,Low,Medium,125.0,41.6,48.0,236.3,90.4,96.0,0.0,0.0,0.0,Nitrogen,HIGH_EC_SALINITY;ALKALINE_PH;ELEVATED_SALINITY,"ICAR-IISS / Soil Health Card Portal (DAC&FW, GoI)",ICAR Soil Test Crop Response (STCR) Database & National Fertilizer Guidelines 2024-25
SOIL_REC_01459,Sugarcane,1,0,15,6.58,1.0,1.05,375.7,22.2,403.6,23.3,1.31,11.27,Alluvial,Medium,Medium,High,90.0,32.0,0.0,168.5,69.6,0.0,0.0,0.0,0.0,Nitrogen,NONE,"ICAR-IISS / Soil Health Card Portal (DAC&FW, GoI)",ICAR Soil Test Crop Response (STCR) Database & National Fertilizer Guidelines 2024-25
SOIL_REC_01460,Sugarcane,2,15,30,7.5,1.92,0.52,266.0,7.4,199.7,13.6,1.03,8.5,Alluvial,Low,Low,Medium,125.0,41.6,48.0,236.3,90.4,80.0,0.0,0.0,0.0,Nitrogen,ELEVATED_SALINITY,"ICAR-IISS / Soil Health Card Portal (DAC&FW, GoI)",ICAR Soil Test Crop Response (STCR) Database & National Fertilizer Guidelines 2024-25
SOIL_REC_01461,Sugarcane,3,30,60,6.33,0.9,0.2,132.2,13.8,101.3,29.4,1.65,7.88,Alluvial,Low,Medium,Low,125.0,32.0,60.0,244.6,69.6,100.0,0.0,0.0,0.0,Nitrogen,NONE,"ICAR-IISS / Soil Health Card Portal (DAC&FW, GoI)",ICAR Soil Test Crop Response (STCR) Database & National Fertilizer Guidelines 2024-25
SOIL_REC_01462,Sugarcane,1,0,15,8.71,0.7,0.47,458.1,17.7,305.2,22.8,0.5,8.32,Clay loam,Medium,Medium,Medium,100.0,32.0,48.0,190.2,69.6,80.0,0.0,10.0,0.0,Zinc,ALKALINE_PH,"ICAR-IISS / Soil Health Card Portal (DAC&FW, GoI)",ICAR Soil Test Crop Response (STCR) Database & National Fertilizer Guidelines 2024-25
SOIL_REC_01463,Sugarcane,2,15,30,8.1,2.29,0.6,161.2,26.1,259.9,19.5,0.53,6.9,Clay loam,Low,High,Medium,125.0,0.0,48.0,271.7,0.0,96.0,0.0,10.0,0.0,Zinc,HIGH_EC_SALINITY;ALKALINE_PH;ELEVATED_SALINITY,"ICAR-IISS / Soil Health Card Portal (DAC&FW, GoI)",ICAR Soil Test Crop Response (STCR) Database & National Fertilizer Guidelines 2024-25
SOIL_REC_01464,Sugarcane,3,30,60,7.22,0.5,0.42,132.9,8.2,152.7,21.7,0.74,10.93,Clay loam,Low,Low,Medium,125.0,41.6,48.0,236.3,90.4,80.0,0.0,0.0,0.0,Nitrogen,NONE,"ICAR-IISS / Soil Health Card Portal (DAC&FW, GoI)",ICAR Soil Test Crop Response (STCR) Database & National Fertilizer Guidelines 2024-25
SOIL_REC_01465,Sugarcane,1,0,15,6.74,1.22,0.83,586.2,25.3,212.9,11.1,0.32,3.68,Black soil,High,High,Medium,30.0,0.0,48.0,65.2,0.0,80.0,0.0,10.0,0.0,Zinc,NONE,"ICAR-IISS / Soil Health Card Portal (DAC&FW, GoI)",ICAR Soil Test Crop Response (STCR) Database & National Fertilizer Guidelines 2024-25
SOIL_REC_01466,Sugarcane,2,15,30,6.74,1.63,0.39,115.0,30.1,136.3,17.9,1.7,7.73,Black soil,Low,High,Low,125.0,0.0,60.0,271.7,0.0,100.0,0.0,0.0,0.0,Nitrogen,NONE,"ICAR-IISS / Soil Health Card Portal (DAC&FW, GoI)",ICAR Soil Test Crop Response (STCR) Database & National Fertilizer Guidelines 2024-25
SOIL_REC_01467,Sugarcane,3,30,60,8.21,1.53,0.27,126.4,23.6,158.1,17.7,0.37,6.65,Black soil,Low,Medium,Medium,125.0,32.0,48.0,244.6,69.6,80.0,0.0,10.0,0.0,Zinc,ALKALINE_PH,"ICAR-IISS / Soil Health Card Portal (DAC&FW, GoI)",ICAR Soil Test Crop Response (STCR) Database & National Fertilizer Guidelines 2024-25
SOIL_REC_01468,Sugarcane,1,0,15,5.89,0.67,0.49,520.6,8.3,395.0,11.8,1.08,5.05,Clay loam,Medium,Low,High,100.0,41.6,0.0,217.4,0.0,0.0,260.0,0.0,0.0,Phosphorus,ACIDIC_PH,"ICAR-IISS / Soil Health Card Portal (DAC&FW, GoI)",ICAR Soil Test Crop Response (STCR) Database & National Fertilizer Guidelines 2024-25
SOIL_REC_01469,Sugarcane,2,15,30,8.09,2.61,0.6,166.8,32.6,220.5,4.3,0.74,8.43,Clay loam,Low,High,Medium,125.0,0.0,48.0,271.7,0.0,96.0,0.0,0.0,0.0,Nitrogen,HIGH_EC_SALINITY;ALKALINE_PH;ELEVATED_SALINITY,"ICAR-IISS / Soil Health Card Portal (DAC&FW, GoI)",ICAR Soil Test Crop Response (STCR) Database & National Fertilizer Guidelines 2024-25
SOIL_REC_01470,Sugarcane,3,30,60,6.41,1.32,0.18,214.6,15.0,93.0,19.5,1.55,3.94,Clay loam,Low,Medium,Low,125.0,32.0,60.0,244.6,69.6,100.0,0.0,0.0,0.0,Nitrogen,NONE,"ICAR-IISS / Soil Health Card Portal (DAC&FW, GoI)",ICAR Soil Test Crop Response (STCR) Database & National Fertilizer Guidelines 2024-25
SOIL_REC_01471,Sugarcane,1,0,15,7.43,2.18,0.31,603.2,22.1,285.0,4.5,0.46,7.93,Alluvial,High,Medium,Medium,40.0,32.0,48.0,59.8,69.6,96.0,0.0,10.0,0.0,Zinc,HIGH_EC_SALINITY;ELEVATED_SALINITY,"ICAR-IISS / Soil Health Card Portal (DAC&FW, GoI)",ICAR Soil Test Crop Response (STCR) Database & National Fertilizer Guidelines 2024-25
SOIL_REC_01472,Sugarcane,2,15,30,7.53,2.73,0.69,136.7,12.3,177.2,10.8,1.18,10.97,Alluvial,Low,Medium,Medium,125.0,32.0,48.0,244.6,69.6,96.0,0.0,0.0,0.0,Nitrogen,HIGH_EC_SALINITY;ELEVATED_SALINITY,"ICAR-IISS / Soil Health Card Portal (DAC&FW, GoI)",ICAR Soil Test Crop Response (STCR) Database & National Fertilizer Guidelines 2024-25
SOIL_REC_01473,Sugarcane,3,30,60,8.53,0.93,0.08,227.8,12.1,200.0,27.8,0.91,4.71,Alluvial,Low,Medium,Medium,125.0,32.0,48.0,244.6,69.6,80.0,0.0,0.0,0.0,Nitrogen,ALKALINE_PH,"ICAR-IISS / Soil Health Card Portal (DAC&FW, GoI)",ICAR Soil Test Crop Response (STCR) Database & National Fertilizer Guidelines 2024-25
SOIL_REC_01474,Sugarcane,1,0,15,6.85,1.35,0.29,564.1,41.7,360.2,4.6,1.42,4.45,Sandy loam,High,High,High,40.0,0.0,0.0,87.0,0.0,0.0,0.0,0.0,0.0,Nitrogen,HIGH_LEACHING_TEXTURE,"ICAR-IISS / Soil Health Card Portal (DAC&FW, GoI)",ICAR Soil Test Crop Response (STCR) Database & National Fertilizer Guidelines 2024-25
SOIL_REC_01475,Sugarcane,2,15,30,7.72,1.34,0.74,218.4,5.2,204.5,14.9,0.91,4.45,Sandy loam,Low,Low,Medium,125.0,41.6,48.0,236.3,90.4,80.0,0.0,0.0,0.0,Nitrogen,HIGH_LEACHING_TEXTURE,"ICAR-IISS / Soil Health Card Portal (DAC&FW, GoI)",ICAR Soil Test Crop Response (STCR) Database & National Fertilizer Guidelines 2024-25
SOIL_REC_01476,Sugarcane,3,30,60,5.98,0.4,0.47,230.8,6.5,117.7,10.1,0.77,5.1,Sandy loam,Low,Low,Low,125.0,41.6,60.0,271.7,0.0,100.0,260.0,0.0,0.0,Nitrogen,ACIDIC_PH;HIGH_LEACHING_TEXTURE,"ICAR-IISS / Soil Health Card Portal (DAC&FW, GoI)",ICAR Soil Test Crop Response (STCR) Database & National Fertilizer Guidelines 2024-25
SOIL_REC_01477,Sugarcane,1,0,15,6.46,0.8,0.72,354.9,7.0,426.7,10.8,1.32,6.8,Red soil,Medium,Low,High,100.0,41.6,0.0,182.0,90.4,0.0,0.0,0.0,0.0,Phosphorus,NONE,"ICAR-IISS / Soil Health Card Portal (DAC&FW, GoI)",ICAR Soil Test Crop Response (STCR) Database & National Fertilizer Guidelines 2024-25
SOIL_REC_01478,Sugarcane,2,15,30,8.14,1.21,0.36,232.9,20.0,263.0,29.5,0.34,4.92,Red soil,Low,Medium,Medium,125.0,32.0,48.0,244.6,69.6,80.0,0.0,10.0,0.0,Zinc,ALKALINE_PH,"ICAR-IISS / Soil Health Card Portal (DAC&FW, GoI)",ICAR Soil Test Crop Response (STCR) Database & National Fertilizer Guidelines 2024-25
SOIL_REC_01479,Sugarcane,3,30,60,6.25,1.15,0.55,179.6,6.5,198.7,22.1,1.16,10.2,Red soil,Low,Low,Medium,125.0,41.6,48.0,236.3,90.4,80.0,0.0,0.0,0.0,Nitrogen,NONE,"ICAR-IISS / Soil Health Card Portal (DAC&FW, GoI)",ICAR Soil Test Crop Response (STCR) Database & National Fertilizer Guidelines 2024-25
SOIL_REC_01480,Sugarcane,1,0,15,8.73,1.15,0.87,165.0,44.5,123.3,23.5,0.28,3.25,Sandy loam,Low,High,Low,115.0,0.0,60.0,250.0,0.0,100.0,0.0,10.0,0.0,Zinc,ALKALINE_PH;HIGH_LEACHING_TEXTURE,"ICAR-IISS / Soil Health Card Portal (DAC&FW, GoI)",ICAR Soil Test Crop Response (STCR) Database & National Fertilizer Guidelines 2024-25
SOIL_REC_01481,Sugarcane,2,15,30,8.58,1.38,0.32,411.9,13.3,314.8,10.4,0.7,7.44,Sandy loam,Medium,Medium,Medium,100.0,32.0,48.0,190.2,69.6,80.0,0.0,0.0,0.0,Nitrogen,ALKALINE_PH;HIGH_LEACHING_TEXTURE,"ICAR-IISS / Soil Health Card Portal (DAC&FW, GoI)",ICAR Soil Test Crop Response (STCR) Database & National Fertilizer Guidelines 2024-25
SOIL_REC_01482,Sugarcane,3,30,60,6.26,0.44,0.1,223.7,19.5,216.7,30.4,0.48,7.71,Sandy loam,Low,Medium,Medium,125.0,32.0,48.0,244.6,69.6,80.0,0.0,10.0,0.0,Zinc,HIGH_LEACHING_TEXTURE,"ICAR-IISS / Soil Health Card Portal (DAC&FW, GoI)",ICAR Soil Test Crop Response (STCR) Database & National Fertilizer Guidelines 2024-25
SOIL_REC_01483,Sugarcane,1,0,15,8.45,0.81,0.92,217.7,35.9,114.3,6.8,1.51,4.2,Black soil,Low,High,Low,115.0,0.0,60.0,250.0,0.0,100.0,0.0,0.0,0.0,Nitrogen,ALKALINE_PH,"ICAR-IISS / Soil Health Card Portal (DAC&FW, GoI)",ICAR Soil Test Crop Response (STCR) Database & National Fertilizer Guidelines 2024-25
SOIL_REC_01484,Sugarcane,2,15,30,5.91,1.4,0.65,361.2,9.3,319.2,10.9,0.21,10.63,Black soil,Medium,Low,Medium,100.0,41.6,48.0,217.4,0.0,80.0,260.0,10.0,0.0,Phosphorus,ACIDIC_PH,"ICAR-IISS / Soil Health Card Portal (DAC&FW, GoI)",ICAR Soil Test Crop Response (STCR) Database & National Fertilizer Guidelines 2024-25
SOIL_REC_01485,Sugarcane,3,30,60,8.03,1.53,0.08,186.1,4.2,69.3,5.4,0.45,3.76,Black soil,Low,Low,Low,125.0,41.6,60.0,236.3,90.4,100.0,0.0,10.0,0.0,Zinc,ALKALINE_PH,"ICAR-IISS / Soil Health Card Portal (DAC&FW, GoI)",ICAR Soil Test Crop Response (STCR) Database & National Fertilizer Guidelines 2024-25
SOIL_REC_01486,Sugarcane,1,0,15,8.25,1.69,0.42,242.9,13.4,129.6,11.0,1.22,9.67,Alluvial,Low,Medium,Low,125.0,32.0,60.0,244.6,69.6,100.0,0.0,0.0,0.0,Nitrogen,ALKALINE_PH,"ICAR-IISS / Soil Health Card Portal (DAC&FW, GoI)",ICAR Soil Test Crop Response (STCR) Database & National Fertilizer Guidelines 2024-25
SOIL_REC_01487,Sugarcane,2,15,30,5.72,1.18,0.11,262.8,29.7,250.4,15.1,1.07,6.34,Alluvial,Low,High,Medium,125.0,0.0,48.0,271.7,0.0,80.0,0.0,0.0,0.0,Nitrogen,ACIDIC_PH,"ICAR-IISS / Soil Health Card Portal (DAC&FW, GoI)",ICAR Soil Test Crop Response (STCR) Database & National Fertilizer Guidelines 2024-25
SOIL_REC_01488,Sugarcane,3,30,60,7.23,2.7,0.52,148.5,15.7,174.3,25.0,1.4,7.47,Alluvial,Low,Medium,Medium,125.0,32.0,48.0,244.6,69.6,96.0,0.0,0.0,0.0,Nitrogen,HIGH_EC_SALINITY;ELEVATED_SALINITY,"ICAR-IISS / Soil Health Card Portal (DAC&FW, GoI)",ICAR Soil Test Crop Response (STCR) Database & National Fertilizer Guidelines 2024-25
SOIL_REC_01489,Sugarcane,1,0,15,6.05,2.43,0.27,138.2,9.1,448.1,27.6,0.38,11.09,Black soil,Low,Low,High,125.0,41.6,0.0,271.7,0.0,0.0,260.0,10.0,0.0,Zinc,ELEVATED_SALINITY,"ICAR-IISS / Soil Health Card Portal (DAC&FW, GoI)",ICAR Soil Test Crop Response (STCR) Database & National Fertilizer Guidelines 2024-25
SOIL_REC_01490,Sugarcane,2,15,30,6.76,0.98,0.13,272.7,28.1,125.7,25.7,1.4,6.77,Black soil,Low,High,Low,125.0,0.0,60.0,271.7,0.0,100.0,0.0,0.0,0.0,Nitrogen,NONE,"ICAR-IISS / Soil Health Card Portal (DAC&FW, GoI)",ICAR Soil Test Crop Response (STCR) Database & National Fertilizer Guidelines 2024-25
SOIL_REC_01491,Sugarcane,3,30,60,7.45,2.17,0.14,258.4,11.3,70.6,29.2,1.65,4.9,Black soil,Low,Medium,Low,125.0,32.0,60.0,244.6,69.6,120.0,0.0,0.0,0.0,Nitrogen,HIGH_EC_SALINITY;ELEVATED_SALINITY,"ICAR-IISS / Soil Health Card Portal (DAC&FW, GoI)",ICAR Soil Test Crop Response (STCR) Database & National Fertilizer Guidelines 2024-25
SOIL_REC_01492,Sugarcane,1,0,15,7.04,1.41,0.99,351.6,23.5,108.5,30.5,1.64,11.27,Black soil,Medium,Medium,Low,90.0,32.0,60.0,168.5,69.6,100.0,0.0,0.0,0.0,Potassium,NONE,"ICAR-IISS / Soil Health Card Portal (DAC&FW, GoI)",ICAR Soil Test Crop Response (STCR) Database & National Fertilizer Guidelines 2024-25
SOIL_REC_01493,Sugarcane,2,15,30,6.47,0.34,0.44,235.0,25.1,184.5,20.8,0.77,7.37,Black soil,Low,High,Medium,125.0,0.0,48.0,271.7,0.0,80.0,0.0,0.0,0.0,Nitrogen,NONE,"ICAR-IISS / Soil Health Card Portal (DAC&FW, GoI)",ICAR Soil Test Crop Response (STCR) Database & National Fertilizer Guidelines 2024-25
SOIL_REC_01494,Sugarcane,3,30,60,7.07,2.63,0.49,179.9,10.4,79.8,29.8,0.47,11.92,Black soil,Low,Medium,Low,125.0,32.0,60.0,244.6,69.6,120.0,0.0,10.0,0.0,Zinc,HIGH_EC_SALINITY;ELEVATED_SALINITY,"ICAR-IISS / Soil Health Card Portal (DAC&FW, GoI)",ICAR Soil Test Crop Response (STCR) Database & National Fertilizer Guidelines 2024-25
SOIL_REC_01495,Sugarcane,1,0,15,7.96,1.66,0.21,374.8,32.5,223.7,16.6,0.73,8.32,Loam,Medium,High,Medium,100.0,0.0,48.0,217.4,0.0,80.0,0.0,0.0,0.0,Nitrogen,NONE,"ICAR-IISS / Soil Health Card Portal (DAC&FW, GoI)",ICAR Soil Test Crop Response (STCR) Database & National Fertilizer Guidelines 2024-25
SOIL_REC_01496,Sugarcane,2,15,30,6.64,1.05,0.37,390.5,22.9,306.1,25.2,0.89,7.38,Loam,Medium,Medium,Medium,100.0,32.0,48.0,190.2,69.6,80.0,0.0,0.0,0.0,Nitrogen,NONE,"ICAR-IISS / Soil Health Card Portal (DAC&FW, GoI)",ICAR Soil Test Crop Response (STCR) Database & National Fertilizer Guidelines 2024-25
SOIL_REC_01497,Sugarcane,3,30,60,7.7,1.62,0.43,186.5,24.0,72.6,27.1,0.73,9.29,Loam,Low,Medium,Low,125.0,32.0,60.0,244.6,69.6,100.0,0.0,0.0,0.0,Nitrogen,NONE,"ICAR-IISS / Soil Health Card Portal (DAC&FW, GoI)",ICAR Soil Test Crop Response (STCR) Database & National Fertilizer Guidelines 2024-25
SOIL_REC_01498,Sugarcane,1,0,15,7.88,0.89,0.29,577.5,9.9,228.2,15.0,0.27,5.38,Red soil,High,Low,Medium,40.0,41.6,48.0,51.5,90.4,80.0,0.0,10.0,0.0,Phosphorus,NONE,"ICAR-IISS / Soil Health Card Portal (DAC&FW, GoI)",ICAR Soil Test Crop Response (STCR) Database & National Fertilizer Guidelines 2024-25
SOIL_REC_01499,Sugarcane,2,15,30,8.65,0.71,0.52,246.6,30.5,108.4,19.3,0.61,11.2,Red soil,Low,High,Low,125.0,0.0,60.0,271.7,0.0,100.0,0.0,0.0,0.0,Nitrogen,ALKALINE_PH,"ICAR-IISS / Soil Health Card Portal (DAC&FW, GoI)",ICAR Soil Test Crop Response (STCR) Database & National Fertilizer Guidelines 2024-25
SOIL_REC_01500,Sugarcane,3,30,60,5.5,0.37,0.48,126.4,13.1,56.9,17.1,1.77,11.29,Red soil,Low,Medium,Low,125.0,32.0,60.0,271.7,0.0,100.0,200.0,0.0,0.0,Nitrogen,ACIDIC_PH,"ICAR-IISS / Soil Health Card Portal (DAC&FW, GoI)",ICAR Soil Test Crop Response (STCR) Database & National Fertilizer Guidelines 2024-25
SOIL_REC_01501,Sugarcane,1,0,15,5.88,1.94,0.92,291.4,36.6,224.0,17.1,1.73,7.98,Black soil,Medium,High,Medium,90.0,0.0,48.0,195.7,0.0,80.0,0.0,0.0,0.0,Nitrogen,ACIDIC_PH;ELEVATED_SALINITY,"ICAR-IISS / Soil Health Card Portal (DAC&FW, GoI)",ICAR Soil Test Crop Response (STCR) Database & National Fertilizer Guidelines 2024-25
SOIL_REC_01502,Sugarcane,2,15,30,7.31,2.54,0.64,326.8,14.8,109.5,23.1,1.35,7.44,Black soil,Medium,Medium,Low,100.0,32.0,60.0,190.2,69.6,120.0,0.0,0.0,0.0,Potassium,HIGH_EC_SALINITY;ELEVATED_SALINITY,"ICAR-IISS / Soil Health Card Portal (DAC&FW, GoI)",ICAR Soil Test Crop Response (STCR) Database & National Fertilizer Guidelines 2024-25
SOIL_REC_01503,Sugarcane,3,30,60,6.42,1.74,0.5,116.5,3.5,132.0,13.2,1.01,7.24,Black soil,Low,Low,Low,125.0,41.6,60.0,236.3,90.4,100.0,0.0,0.0,0.0,Nitrogen,NONE,"ICAR-IISS / Soil Health Card Portal (DAC&FW, GoI)",ICAR Soil Test Crop Response (STCR) Database & National Fertilizer Guidelines 2024-25
SOIL_REC_01504,Sugarcane,1,0,15,8.77,0.33,0.71,520.8,16.8,386.7,19.5,1.55,4.58,Red soil,Medium,Medium,High,100.0,32.0,0.0,190.2,69.6,0.0,0.0,0.0,0.0,Nitrogen,ALKALINE_PH,"ICAR-IISS / Soil Health Card Portal (DAC&FW, GoI)",ICAR Soil Test Crop Response (STCR) Database & National Fertilizer Guidelines 2024-25
SOIL_REC_01505,Sugarcane,2,15,30,8.66,1.41,0.22,127.0,21.6,165.5,24.8,0.87,5.65,Red soil,Low,Medium,Medium,125.0,32.0,48.0,244.6,69.6,80.0,0.0,0.0,0.0,Nitrogen,ALKALINE_PH,"ICAR-IISS / Soil Health Card Portal (DAC&FW, GoI)",ICAR Soil Test Crop Response (STCR) Database & National Fertilizer Guidelines 2024-25
SOIL_REC_01506,Sugarcane,3,30,60,5.77,0.62,0.3,292.1,4.4,101.5,28.9,0.9,10.24,Red soil,Medium,Low,Low,100.0,41.6,60.0,217.4,0.0,100.0,260.0,0.0,0.0,Phosphorus,ACIDIC_PH,"ICAR-IISS / Soil Health Card Portal (DAC&FW, GoI)",ICAR Soil Test Crop Response (STCR) Database & National Fertilizer Guidelines 2024-25
SOIL_REC_01507,Sugarcane,1,0,15,6.87,2.74,0.47,305.2,18.9,265.1,31.9,1.68,6.27,Loam,Medium,Medium,Medium,100.0,32.0,48.0,190.2,69.6,96.0,0.0,0.0,0.0,Nitrogen,HIGH_EC_SALINITY;ELEVATED_SALINITY,"ICAR-IISS / Soil Health Card Portal (DAC&FW, GoI)",ICAR Soil Test Crop Response (STCR) Database & National Fertilizer Guidelines 2024-25
SOIL_REC_01508,Sugarcane,2,15,30,6.21,1.32,0.28,181.2,29.8,158.3,20.7,1.15,10.61,Loam,Low,High,Medium,125.0,0.0,48.0,271.7,0.0,80.0,0.0,0.0,0.0,Nitrogen,NONE,"ICAR-IISS / Soil Health Card Portal (DAC&FW, GoI)",ICAR Soil Test Crop Response (STCR) Database & National Fertilizer Guidelines 2024-25
SOIL_REC_01509,Sugarcane,3,30,60,5.83,0.41,0.43,97.5,12.0,206.4,30.2,1.47,9.13,Loam,Low,Medium,Medium,125.0,32.0,48.0,271.7,0.0,80.0,200.0,0.0,0.0,Nitrogen,ACIDIC_PH,"ICAR-IISS / Soil Health Card Portal (DAC&FW, GoI)",ICAR Soil Test Crop Response (STCR) Database & National Fertilizer Guidelines 2024-25
SOIL_REC_01510,Sugarcane,1,0,15,8.77,0.21,0.32,186.7,47.3,222.0,23.2,1.52,5.89,Loam,Low,High,Medium,125.0,0.0,48.0,271.7,0.0,80.0,0.0,0.0,0.0,Nitrogen,ALKALINE_PH,"ICAR-IISS / Soil Health Card Portal (DAC&FW, GoI)",ICAR Soil Test Crop Response (STCR) Database & National Fertilizer Guidelines 2024-25
SOIL_REC_01511,Sugarcane,2,15,30,7.39,0.31,0.75,213.8,5.7,224.9,31.7,1.18,10.3,Loam,Low,Low,Medium,125.0,41.6,48.0,236.3,90.4,80.0,0.0,0.0,0.0,Nitrogen,NONE,"ICAR-IISS / Soil Health Card Portal (DAC&FW, GoI)",ICAR Soil Test Crop Response (STCR) Database & National Fertilizer Guidelines 2024-25
SOIL_REC_01512,Sugarcane,3,30,60,6.13,0.64,0.26,308.4,5.3,151.8,21.2,1.04,10.4,Loam,Medium,Low,Medium,100.0,41.6,48.0,217.4,0.0,80.0,260.0,0.0,0.0,Phosphorus,NONE,"ICAR-IISS / Soil Health Card Portal (DAC&FW, GoI)",ICAR Soil Test Crop Response (STCR) Database & National Fertilizer Guidelines 2024-25
SOIL_REC_01513,Sugarcane,1,0,15,5.96,1.4,0.96,198.7,38.6,275.4,17.9,0.56,5.2,Clay loam,Low,High,Medium,115.0,0.0,48.0,250.0,0.0,80.0,0.0,10.0,0.0,Zinc,ACIDIC_PH,"ICAR-IISS / Soil Health Card Portal (DAC&FW, GoI)",ICAR Soil Test Crop Response (STCR) Database & National Fertilizer Guidelines 2024-25
SOIL_REC_01514,Sugarcane,2,15,30,6.8,1.08,0.23,267.2,18.8,324.5,12.6,1.25,10.24,Clay loam,Low,Medium,Medium,125.0,32.0,48.0,244.6,69.6,80.0,0.0,0.0,0.0,Nitrogen,NONE,"ICAR-IISS / Soil Health Card Portal (DAC&FW, GoI)",ICAR Soil Test Crop Response (STCR) Database & National Fertilizer Guidelines 2024-25
SOIL_REC_01515,Sugarcane,3,30,60,6.88,2.62,0.45,271.8,17.0,82.9,16.9,1.33,2.85,Clay loam,Low,Medium,Low,125.0,32.0,60.0,244.6,69.6,120.0,0.0,0.0,0.0,Nitrogen,HIGH_EC_SALINITY;ELEVATED_SALINITY,"ICAR-IISS / Soil Health Card Portal (DAC&FW, GoI)",ICAR Soil Test Crop Response (STCR) Database & National Fertilizer Guidelines 2024-25
SOIL_REC_01516,Sugarcane,1,0,15,7.44,0.51,0.25,344.5,12.3,116.4,25.6,1.3,8.0,Sandy loam,Medium,Medium,Low,100.0,32.0,60.0,190.2,69.6,100.0,0.0,0.0,0.0,Potassium,HIGH_LEACHING_TEXTURE,"ICAR-IISS / Soil Health Card Portal (DAC&FW, GoI)",ICAR Soil Test Crop Response (STCR) Database & National Fertilizer Guidelines 2024-25
SOIL_REC_01517,Sugarcane,2,15,30,7.87,1.33,0.2,331.6,34.2,216.6,20.5,1.7,4.49,Sandy loam,Medium,High,Medium,100.0,0.0,48.0,217.4,0.0,80.0,0.0,0.0,0.0,Nitrogen,HIGH_LEACHING_TEXTURE,"ICAR-IISS / Soil Health Card Portal (DAC&FW, GoI)",ICAR Soil Test Crop Response (STCR) Database & National Fertilizer Guidelines 2024-25
SOIL_REC_01518,Sugarcane,3,30,60,7.06,0.29,0.15,107.9,4.4,50.6,27.9,0.6,4.27,Sandy loam,Low,Low,Low,125.0,41.6,60.0,236.3,90.4,100.0,0.0,0.0,0.0,Nitrogen,HIGH_LEACHING_TEXTURE,"ICAR-IISS / Soil Health Card Portal (DAC&FW, GoI)",ICAR Soil Test Crop Response (STCR) Database & National Fertilizer Guidelines 2024-25
SOIL_REC_01519,Sugarcane,1,0,15,7.03,2.71,0.89,551.3,24.9,383.7,24.9,1.33,8.75,Black soil,Medium,Medium,High,90.0,32.0,0.0,168.5,69.6,0.0,0.0,0.0,0.0,Nitrogen,ELEVATED_SALINITY,"ICAR-IISS / Soil Health Card Portal (DAC&FW, GoI)",ICAR Soil Test Crop Response (STCR) Database & National Fertilizer Guidelines 2024-25
SOIL_REC_01520,Sugarcane,2,15,30,8.66,2.15,0.73,159.0,31.9,111.8,11.0,0.35,10.82,Black soil,Low,High,Low,125.0,0.0,60.0,271.7,0.0,120.0,0.0,10.0,0.0,Zinc,HIGH_EC_SALINITY;ALKALINE_PH;ELEVATED_SALINITY,"ICAR-IISS / Soil Health Card Portal (DAC&FW, GoI)",ICAR Soil Test Crop Response (STCR) Database & National Fertilizer Guidelines 2024-25
SOIL_REC_01521,Sugarcane,3,30,60,6.6,0.31,0.14,188.2,13.4,95.0,9.7,0.49,2.87,Black soil,Low,Medium,Low,125.0,32.0,60.0,244.6,69.6,100.0,0.0,10.0,0.0,Zinc,NONE,"ICAR-IISS / Soil Health Card Portal (DAC&FW, GoI)",ICAR Soil Test Crop Response (STCR) Database & National Fertilizer Guidelines 2024-25
SOIL_REC_01522,Sugarcane,1,0,15,7.58,2.05,0.91,306.5,6.1,263.8,27.1,1.0,4.51,Sandy loam,Medium,Low,Medium,90.0,41.6,48.0,160.2,90.4,96.0,0.0,0.0,0.0,Phosphorus,HIGH_EC_SALINITY;ELEVATED_SALINITY;HIGH_LEACHING_TEXTURE,"ICAR-IISS / Soil Health Card Portal (DAC&FW, GoI)",ICAR Soil Test Crop Response (STCR) Database & National Fertilizer Guidelines 2024-25
SOIL_REC_01523,Sugarcane,2,15,30,6.6,1.91,0.64,279.4,21.2,307.7,31.8,1.18,8.32,Sandy loam,Low,Medium,Medium,125.0,32.0,48.0,244.6,69.6,80.0,0.0,0.0,0.0,Nitrogen,ELEVATED_SALINITY;HIGH_LEACHING_TEXTURE,"ICAR-IISS / Soil Health Card Portal (DAC&FW, GoI)",ICAR Soil Test Crop Response (STCR) Database & National Fertilizer Guidelines 2024-25
SOIL_REC_01524,Sugarcane,3,30,60,6.94,2.67,0.46,173.7,18.1,143.5,19.1,1.41,2.92,Sandy loam,Low,Medium,Low,125.0,32.0,60.0,244.6,69.6,120.0,0.0,0.0,0.0,Nitrogen,HIGH_EC_SALINITY;ELEVATED_SALINITY;HIGH_LEACHING_TEXTURE,"ICAR-IISS / Soil Health Card Portal (DAC&FW, GoI)",ICAR Soil Test Crop Response (STCR) Database & National Fertilizer Guidelines 2024-25
SOIL_REC_01525,Sugarcane,1,0,15,5.56,1.73,1.07,151.4,40.8,240.2,17.0,1.61,7.93,Clay loam,Low,High,Medium,115.0,0.0,48.0,250.0,0.0,80.0,0.0,0.0,0.0,Nitrogen,ACIDIC_PH,"ICAR-IISS / Soil Health Card Portal (DAC&FW, GoI)",ICAR Soil Test Crop Response (STCR) Database & National Fertilizer Guidelines 2024-25
SOIL_REC_01526,Sugarcane,2,15,30,8.55,2.37,0.27,189.3,32.6,297.6,26.9,1.27,8.01,Clay loam,Low,High,Medium,125.0,0.0,48.0,271.7,0.0,96.0,0.0,0.0,0.0,Nitrogen,HIGH_EC_SALINITY;ALKALINE_PH;ELEVATED_SALINITY,"ICAR-IISS / Soil Health Card Portal (DAC&FW, GoI)",ICAR Soil Test Crop Response (STCR) Database & National Fertilizer Guidelines 2024-25
SOIL_REC_01527,Sugarcane,3,30,60,6.8,0.21,0.18,115.5,20.3,88.0,4.1,0.28,3.22,Clay loam,Low,Medium,Low,125.0,32.0,60.0,244.6,69.6,100.0,0.0,10.0,0.0,Zinc,NONE,"ICAR-IISS / Soil Health Card Portal (DAC&FW, GoI)",ICAR Soil Test Crop Response (STCR) Database & National Fertilizer Guidelines 2024-25
SOIL_REC_01528,Sugarcane,1,0,15,7.27,2.54,1.04,128.2,42.5,353.8,25.5,1.46,9.8,Clay loam,Low,High,High,115.0,0.0,0.0,250.0,0.0,0.0,0.0,0.0,0.0,Nitrogen,ELEVATED_SALINITY,"ICAR-IISS / Soil Health Card Portal (DAC&FW, GoI)",ICAR Soil Test Crop Response (STCR) Database & National Fertilizer Guidelines 2024-25
SOIL_REC_01529,Sugarcane,2,15,30,7.69,1.49,0.53,290.3,21.9,278.0,27.9,1.68,6.2,Clay loam,Medium,Medium,Medium,100.0,32.0,48.0,190.2,69.6,80.0,0.0,0.0,0.0,Nitrogen,NONE,"ICAR-IISS / Soil Health Card Portal (DAC&FW, GoI)",ICAR Soil Test Crop Response (STCR) Database & National Fertilizer Guidelines 2024-25
SOIL_REC_01530,Sugarcane,3,30,60,7.89,0.66,0.39,63.6,12.0,104.2,10.9,0.97,3.44,Clay loam,Low,Medium,Low,125.0,32.0,60.0,244.6,69.6,100.0,0.0,0.0,0.0,Nitrogen,NONE,"ICAR-IISS / Soil Health Card Portal (DAC&FW, GoI)",ICAR Soil Test Crop Response (STCR) Database & National Fertilizer Guidelines 2024-25
SOIL_REC_01531,Jute,1,0,15,7.91,0.64,0.43,248.5,12.8,243.5,24.4,0.78,9.77,Red soil,Low,Medium,Medium,30.0,12.0,12.0,55.0,26.1,20.0,0.0,0.0,0.0,Nitrogen,NONE,"ICAR-IISS / Soil Health Card Portal (DAC&FW, GoI)",ICAR Soil Test Crop Response (STCR) Database & National Fertilizer Guidelines 2024-25
SOIL_REC_01532,Jute,2,15,30,6.45,2.79,0.61,329.6,6.9,109.5,7.4,1.7,11.56,Red soil,Medium,Low,Low,24.0,15.6,15.0,38.9,33.9,30.0,0.0,0.0,0.0,Phosphorus,HIGH_EC_SALINITY;ELEVATED_SALINITY,"ICAR-IISS / Soil Health Card Portal (DAC&FW, GoI)",ICAR Soil Test Crop Response (STCR) Database & National Fertilizer Guidelines 2024-25
SOIL_REC_01533,Jute,3,30,60,5.72,2.2,0.44,127.5,6.8,182.7,13.5,1.0,10.43,Red soil,Low,Low,Medium,30.0,15.6,12.0,65.2,0.0,24.0,97.5,0.0,0.0,Nitrogen,HIGH_EC_SALINITY;ACIDIC_PH;ELEVATED_SALINITY,"ICAR-IISS / Soil Health Card Portal (DAC&FW, GoI)",ICAR Soil Test Crop Response (STCR) Database & National Fertilizer Guidelines 2024-25
SOIL_REC_01534,Jute,1,0,15,7.04,0.52,0.78,259.2,9.5,374.0,13.9,0.82,4.3,Alluvial,Low,Low,High,30.0,15.6,0.0,52.0,33.9,0.0,0.0,0.0,0.0,Nitrogen,NONE,"ICAR-IISS / Soil Health Card Portal (DAC&FW, GoI)",ICAR Soil Test Crop Response (STCR) Database & National Fertilizer Guidelines 2024-25
SOIL_REC_01535,Jute,2,15,30,8.62,2.09,0.76,322.6,35.0,274.5,31.8,0.46,5.75,Alluvial,Medium,High,Medium,24.0,0.0,12.0,52.2,0.0,24.0,0.0,0.0,0.0,Nitrogen,HIGH_EC_SALINITY;ALKALINE_PH;ELEVATED_SALINITY,"ICAR-IISS / Soil Health Card Portal (DAC&FW, GoI)",ICAR Soil Test Crop Response (STCR) Database & National Fertilizer Guidelines 2024-25
SOIL_REC_01536,Jute,3,30,60,7.22,1.99,0.17,307.8,18.9,108.2,13.5,0.82,9.69,Alluvial,Medium,Medium,Low,24.0,12.0,15.0,42.0,26.1,25.0,0.0,0.0,0.0,Potassium,ELEVATED_SALINITY,"ICAR-IISS / Soil Health Card Portal (DAC&FW, GoI)",ICAR Soil Test Crop Response (STCR) Database & National Fertilizer Guidelines 2024-25
SOIL_REC_01537,Jute,1,0,15,8.16,2.22,0.53,203.8,32.1,264.0,20.4,1.32,11.77,Sandy loam,Low,High,Medium,30.0,0.0,12.0,65.2,0.0,24.0,0.0,0.0,0.0,Nitrogen,HIGH_EC_SALINITY;ALKALINE_PH;ELEVATED_SALINITY;HIGH_LEACHING_TEXTURE,"ICAR-IISS / Soil Health Card Portal (DAC&FW, GoI)",ICAR Soil Test Crop Response (STCR) Database & National Fertilizer Guidelines 2024-25
SOIL_REC_01538,Jute,2,15,30,7.96,2.37,0.78,382.8,22.1,191.1,13.0,0.79,11.05,Sandy loam,Medium,Medium,Medium,24.0,12.0,12.0,42.0,26.1,24.0,0.0,0.0,0.0,Nitrogen,HIGH_EC_SALINITY;ELEVATED_SALINITY;HIGH_LEACHING_TEXTURE,"ICAR-IISS / Soil Health Card Portal (DAC&FW, GoI)",ICAR Soil Test Crop Response (STCR) Database & National Fertilizer Guidelines 2024-25
SOIL_REC_01539,Jute,3,30,60,5.62,0.69,0.35,64.3,17.0,112.1,13.5,1.4,2.57,Sandy loam,Low,Medium,Low,30.0,12.0,15.0,65.2,0.0,25.0,75.0,0.0,0.0,Nitrogen,ACIDIC_PH;HIGH_LEACHING_TEXTURE,"ICAR-IISS / Soil Health Card Portal (DAC&FW, GoI)",ICAR Soil Test Crop Response (STCR) Database & National Fertilizer Guidelines 2024-25
SOIL_REC_01540,Jute,1,0,15,8.34,0.42,0.95,417.3,29.6,131.9,7.8,0.99,11.96,Clay loam,Medium,High,Low,21.6,0.0,15.0,47.0,0.0,25.0,0.0,0.0,0.0,Potassium,ALKALINE_PH,"ICAR-IISS / Soil Health Card Portal (DAC&FW, GoI)",ICAR Soil Test Crop Response (STCR) Database & National Fertilizer Guidelines 2024-25
SOIL_REC_01541,Jute,2,15,30,7.9,1.09,0.56,102.2,30.8,153.1,12.7,1.52,5.29,Clay loam,Low,High,Medium,30.0,0.0,12.0,65.2,0.0,20.0,0.0,0.0,0.0,Nitrogen,NONE,"ICAR-IISS / Soil Health Card Portal (DAC&FW, GoI)",ICAR Soil Test Crop Response (STCR) Database & National Fertilizer Guidelines 2024-25
SOIL_REC_01542,Jute,3,30,60,8.33,0.34,0.22,301.0,5.9,91.5,14.6,0.44,5.73,Clay loam,Medium,Low,Low,24.0,15.6,15.0,38.9,33.9,25.0,0.0,0.0,0.0,Phosphorus,ALKALINE_PH,"ICAR-IISS / Soil Health Card Portal (DAC&FW, GoI)",ICAR Soil Test Crop Response (STCR) Database & National Fertilizer Guidelines 2024-25
SOIL_REC_01543,Jute,1,0,15,8.74,2.74,0.5,369.1,37.0,236.5,4.7,0.66,4.26,Black soil,Medium,High,Medium,24.0,0.0,12.0,52.2,0.0,24.0,0.0,0.0,0.0,Nitrogen,HIGH_EC_SALINITY;ALKALINE_PH;ELEVATED_SALINITY,"ICAR-IISS / Soil Health Card Portal (DAC&FW, GoI)",ICAR Soil Test Crop Response (STCR) Database & National Fertilizer Guidelines 2024-25
SOIL_REC_01544,Jute,2,15,30,5.81,0.56,0.49,314.8,7.7,98.1,31.3,1.43,5.52,Black soil,Medium,Low,Low,24.0,15.6,15.0,52.2,0.0,25.0,97.5,0.0,0.0,Phosphorus,ACIDIC_PH,"ICAR-IISS / Soil Health Card Portal (DAC&FW, GoI)",ICAR Soil Test Crop Response (STCR) Database & National Fertilizer Guidelines 2024-25
SOIL_REC_01545,Jute,3,30,60,5.91,1.7,0.35,79.7,4.0,101.1,25.3,1.41,11.17,Black soil,Low,Low,Low,30.0,15.6,15.0,65.2,0.0,25.0,97.5,0.0,0.0,Nitrogen,ACIDIC_PH,"ICAR-IISS / Soil Health Card Portal (DAC&FW, GoI)",ICAR Soil Test Crop Response (STCR) Database & National Fertilizer Guidelines 2024-25
SOIL_REC_01546,Jute,1,0,15,8.18,1.63,0.7,465.2,18.5,288.9,12.3,1.63,9.65,Sandy loam,Medium,Medium,Medium,24.0,12.0,12.0,42.0,26.1,20.0,0.0,0.0,0.0,Nitrogen,ALKALINE_PH;HIGH_LEACHING_TEXTURE,"ICAR-IISS / Soil Health Card Portal (DAC&FW, GoI)",ICAR Soil Test Crop Response (STCR) Database & National Fertilizer Guidelines 2024-25
SOIL_REC_01547,Jute,2,15,30,5.63,2.59,0.41,336.7,13.0,81.6,5.9,1.72,8.09,Sandy loam,Medium,Medium,Low,24.0,12.0,15.0,52.2,0.0,30.0,75.0,0.0,0.0,Potassium,HIGH_EC_SALINITY;ACIDIC_PH;ELEVATED_SALINITY;HIGH_LEACHING_TEXTURE,"ICAR-IISS / Soil Health Card Portal (DAC&FW, GoI)",ICAR Soil Test Crop Response (STCR) Database & National Fertilizer Guidelines 2024-25
SOIL_REC_01548,Jute,3,30,60,5.85,1.44,0.3,150.3,14.4,92.6,20.5,1.1,10.04,Sandy loam,Low,Medium,Low,30.0,12.0,15.0,65.2,0.0,25.0,75.0,0.0,0.0,Nitrogen,ACIDIC_PH;HIGH_LEACHING_TEXTURE,"ICAR-IISS / Soil Health Card Portal (DAC&FW, GoI)",ICAR Soil Test Crop Response (STCR) Database & National Fertilizer Guidelines 2024-25
SOIL_REC_01549,Jute,1,0,15,6.6,0.68,1.02,470.3,10.4,382.4,17.2,1.37,3.7,Sandy loam,Medium,Medium,High,21.6,12.0,0.0,36.7,26.1,0.0,0.0,0.0,0.0,Nitrogen,HIGH_LEACHING_TEXTURE,"ICAR-IISS / Soil Health Card Portal (DAC&FW, GoI)",ICAR Soil Test Crop Response (STCR) Database & National Fertilizer Guidelines 2024-25
SOIL_REC_01550,Jute,2,15,30,7.93,2.34,0.6,179.5,17.3,251.5,28.5,1.12,9.43,Sandy loam,Low,Medium,Medium,30.0,12.0,12.0,55.0,26.1,24.0,0.0,0.0,0.0,Nitrogen,HIGH_EC_SALINITY;ELEVATED_SALINITY;HIGH_LEACHING_TEXTURE,"ICAR-IISS / Soil Health Card Portal (DAC&FW, GoI)",ICAR Soil Test Crop Response (STCR) Database & National Fertilizer Guidelines 2024-25
SOIL_REC_01551,Jute,3,30,60,8.28,1.48,0.19,167.4,15.9,114.9,27.1,0.67,3.79,Sandy loam,Low,Medium,Low,30.0,12.0,15.0,55.0,26.1,25.0,0.0,0.0,0.0,Nitrogen,ALKALINE_PH;HIGH_LEACHING_TEXTURE,"ICAR-IISS / Soil Health Card Portal (DAC&FW, GoI)",ICAR Soil Test Crop Response (STCR) Database & National Fertilizer Guidelines 2024-25
SOIL_REC_01552,Jute,1,0,15,6.86,1.7,0.41,428.2,43.4,344.5,11.1,1.17,2.51,Alluvial,Medium,High,High,24.0,0.0,0.0,52.2,0.0,0.0,0.0,0.0,0.0,Nitrogen,NONE,"ICAR-IISS / Soil Health Card Portal (DAC&FW, GoI)",ICAR Soil Test Crop Response (STCR) Database & National Fertilizer Guidelines 2024-25
SOIL_REC_01553,Jute,2,15,30,5.88,1.74,0.64,349.2,22.7,287.4,20.2,1.75,4.86,Alluvial,Medium,Medium,Medium,24.0,12.0,12.0,52.2,0.0,20.0,75.0,0.0,0.0,Nitrogen,ACIDIC_PH,"ICAR-IISS / Soil Health Card Portal (DAC&FW, GoI)",ICAR Soil Test Crop Response (STCR) Database & National Fertilizer Guidelines 2024-25
SOIL_REC_01554,Jute,3,30,60,7.85,0.8,0.19,71.6,4.5,116.0,31.0,0.64,3.57,Alluvial,Low,Low,Low,30.0,15.6,15.0,52.0,33.9,25.0,0.0,0.0,0.0,Nitrogen,NONE,"ICAR-IISS / Soil Health Card Portal (DAC&FW, GoI)",ICAR Soil Test Crop Response (STCR) Database & National Fertilizer Guidelines 2024-25
SOIL_REC_01555,Jute,1,0,15,7.65,2.06,0.94,126.9,10.5,164.3,8.0,1.36,9.96,Sandy loam,Low,Medium,Medium,27.6,12.0,12.0,49.8,26.1,24.0,0.0,0.0,0.0,Nitrogen,HIGH_EC_SALINITY;ELEVATED_SALINITY;HIGH_LEACHING_TEXTURE,"ICAR-IISS / Soil Health Card Portal (DAC&FW, GoI)",ICAR Soil Test Crop Response (STCR) Database & National Fertilizer Guidelines 2024-25
SOIL_REC_01556,Jute,2,15,30,8.37,1.05,0.41,337.3,25.9,187.2,9.6,1.22,4.46,Sandy loam,Medium,High,Medium,24.0,0.0,12.0,52.2,0.0,20.0,0.0,0.0,0.0,Nitrogen,ALKALINE_PH;HIGH_LEACHING_TEXTURE,"ICAR-IISS / Soil Health Card Portal (DAC&FW, GoI)",ICAR Soil Test Crop Response (STCR) Database & National Fertilizer Guidelines 2024-25
SOIL_REC_01557,Jute,3,30,60,6.67,2.46,0.48,225.6,13.3,215.8,16.2,0.6,6.62,Sandy loam,Low,Medium,Medium,30.0,12.0,12.0,55.0,26.1,24.0,0.0,0.0,0.0,Nitrogen,HIGH_EC_SALINITY;ELEVATED_SALINITY;HIGH_LEACHING_TEXTURE,"ICAR-IISS / Soil Health Card Portal (DAC&FW, GoI)",ICAR Soil Test Crop Response (STCR) Database & National Fertilizer Guidelines 2024-25
SOIL_REC_01558,Jute,1,0,15,5.7,2.51,0.21,349.4,18.1,238.8,28.7,0.43,5.15,Loam,Medium,Medium,Medium,24.0,12.0,12.0,52.2,0.0,24.0,75.0,0.0,0.0,Nitrogen,HIGH_EC_SALINITY;ACIDIC_PH;ELEVATED_SALINITY,"ICAR-IISS / Soil Health Card Portal (DAC&FW, GoI)",ICAR Soil Test Crop Response (STCR) Database & National Fertilizer Guidelines 2024-25
SOIL_REC_01559,Jute,2,15,30,6.91,0.24,0.67,288.6,23.0,161.4,22.0,0.92,9.04,Loam,Medium,Medium,Medium,24.0,12.0,12.0,42.0,26.1,20.0,0.0,0.0,0.0,Nitrogen,NONE,"ICAR-IISS / Soil Health Card Portal (DAC&FW, GoI)",ICAR Soil Test Crop Response (STCR) Database & National Fertilizer Guidelines 2024-25
SOIL_REC_01560,Jute,3,30,60,6.41,1.44,0.26,100.1,7.6,207.9,4.5,0.58,7.12,Loam,Low,Low,Medium,30.0,15.6,12.0,52.0,33.9,20.0,0.0,0.0,0.0,Nitrogen,NONE,"ICAR-IISS / Soil Health Card Portal (DAC&FW, GoI)",ICAR Soil Test Crop Response (STCR) Database & National Fertilizer Guidelines 2024-25
SOIL_REC_01561,Jute,1,0,15,8.76,1.63,0.76,192.3,17.2,223.5,11.1,0.36,10.69,Loam,Low,Medium,Medium,30.0,12.0,12.0,55.0,26.1,20.0,0.0,0.0,0.0,Nitrogen,ALKALINE_PH,"ICAR-IISS / Soil Health Card Portal (DAC&FW, GoI)",ICAR Soil Test Crop Response (STCR) Database & National Fertilizer Guidelines 2024-25
SOIL_REC_01562,Jute,2,15,30,7.2,1.01,0.4,113.6,34.7,96.4,29.2,0.6,4.82,Loam,Low,High,Low,30.0,0.0,15.0,65.2,0.0,25.0,0.0,0.0,0.0,Nitrogen,NONE,"ICAR-IISS / Soil Health Card Portal (DAC&FW, GoI)",ICAR Soil Test Crop Response (STCR) Database & National Fertilizer Guidelines 2024-25
SOIL_REC_01563,Jute,3,30,60,8.66,2.62,0.48,203.6,22.4,210.9,21.6,1.76,2.53,Loam,Low,Medium,Medium,30.0,12.0,12.0,55.0,26.1,24.0,0.0,0.0,0.0,Nitrogen,HIGH_EC_SALINITY;ALKALINE_PH;ELEVATED_SALINITY,"ICAR-IISS / Soil Health Card Portal (DAC&FW, GoI)",ICAR Soil Test Crop Response (STCR) Database & National Fertilizer Guidelines 2024-25
SOIL_REC_01564,Jute,1,0,15,6.58,1.99,0.68,404.0,6.1,159.6,7.0,0.69,9.76,Sandy loam,Medium,Low,Medium,24.0,15.6,12.0,38.9,33.9,20.0,0.0,0.0,0.0,Phosphorus,ELEVATED_SALINITY;HIGH_LEACHING_TEXTURE,"ICAR-IISS / Soil Health Card Portal (DAC&FW, GoI)",ICAR Soil Test Crop Response (STCR) Database & National Fertilizer Guidelines 2024-25
SOIL_REC_01565,Jute,2,15,30,6.33,2.29,0.53,325.8,25.6,326.9,19.8,0.77,6.11,Sandy loam,Medium,High,Medium,24.0,0.0,12.0,52.2,0.0,24.0,0.0,0.0,0.0,Nitrogen,HIGH_EC_SALINITY;ELEVATED_SALINITY;HIGH_LEACHING_TEXTURE,"ICAR-IISS / Soil Health Card Portal (DAC&FW, GoI)",ICAR Soil Test Crop Response (STCR) Database & National Fertilizer Guidelines 2024-25
SOIL_REC_01566,Jute,3,30,60,7.56,2.51,0.23,274.4,10.5,181.6,18.9,0.99,6.59,Sandy loam,Low,Medium,Medium,30.0,12.0,12.0,55.0,26.1,24.0,0.0,0.0,0.0,Nitrogen,HIGH_EC_SALINITY;ELEVATED_SALINITY;HIGH_LEACHING_TEXTURE,"ICAR-IISS / Soil Health Card Portal (DAC&FW, GoI)",ICAR Soil Test Crop Response (STCR) Database & National Fertilizer Guidelines 2024-25
SOIL_REC_01567,Jute,1,0,15,5.55,0.4,0.69,188.5,23.3,105.8,17.1,1.06,9.52,Alluvial,Low,Medium,Low,30.0,12.0,15.0,65.2,0.0,25.0,75.0,0.0,0.0,Nitrogen,ACIDIC_PH,"ICAR-IISS / Soil Health Card Portal (DAC&FW, GoI)",ICAR Soil Test Crop Response (STCR) Database & National Fertilizer Guidelines 2024-25
SOIL_REC_01568,Jute,2,15,30,5.84,2.77,0.5,359.4,11.5,125.4,14.4,0.26,2.61,Alluvial,Medium,Medium,Low,24.0,12.0,15.0,52.2,0.0,30.0,75.0,0.0,0.0,Potassium,HIGH_EC_SALINITY;ACIDIC_PH;ELEVATED_SALINITY,"ICAR-IISS / Soil Health Card Portal (DAC&FW, GoI)",ICAR Soil Test Crop Response (STCR) Database & National Fertilizer Guidelines 2024-25
SOIL_REC_01569,Jute,3,30,60,7.44,0.51,0.21,207.2,12.4,82.6,13.5,0.58,3.63,Alluvial,Low,Medium,Low,30.0,12.0,15.0,55.0,26.1,25.0,0.0,0.0,0.0,Nitrogen,NONE,"ICAR-IISS / Soil Health Card Portal (DAC&FW, GoI)",ICAR Soil Test Crop Response (STCR) Database & National Fertilizer Guidelines 2024-25
SOIL_REC_01570,Jute,1,0,15,8.11,1.6,0.75,500.5,7.9,338.0,19.2,1.25,9.11,Clay loam,Medium,Low,High,24.0,15.6,0.0,38.9,33.9,0.0,0.0,0.0,0.0,Phosphorus,ALKALINE_PH,"ICAR-IISS / Soil Health Card Portal (DAC&FW, GoI)",ICAR Soil Test Crop Response (STCR) Database & National Fertilizer Guidelines 2024-25
SOIL_REC_01571,Jute,2,15,30,5.52,2.39,0.69,171.1,17.5,156.8,6.5,1.13,11.29,Clay loam,Low,Medium,Medium,30.0,12.0,12.0,65.2,0.0,24.0,75.0,0.0,0.0,Nitrogen,HIGH_EC_SALINITY;ACIDIC_PH;ELEVATED_SALINITY,"ICAR-IISS / Soil Health Card Portal (DAC&FW, GoI)",ICAR Soil Test Crop Response (STCR) Database & National Fertilizer Guidelines 2024-25
SOIL_REC_01572,Jute,3,30,60,6.42,1.31,0.24,149.2,12.5,170.3,4.8,0.36,8.46,Clay loam,Low,Medium,Medium,30.0,12.0,12.0,55.0,26.1,20.0,0.0,0.0,0.0,Nitrogen,NONE,"ICAR-IISS / Soil Health Card Portal (DAC&FW, GoI)",ICAR Soil Test Crop Response (STCR) Database & National Fertilizer Guidelines 2024-25
SOIL_REC_01573,Jute,1,0,15,7.7,0.7,0.93,237.1,7.9,154.6,27.2,0.52,5.3,Sandy loam,Low,Low,Medium,27.6,15.6,12.0,46.7,33.9,20.0,0.0,0.0,0.0,Nitrogen,HIGH_LEACHING_TEXTURE,"ICAR-IISS / Soil Health Card Portal (DAC&FW, GoI)",ICAR Soil Test Crop Response (STCR) Database & National Fertilizer Guidelines 2024-25
SOIL_REC_01574,Jute,2,15,30,5.7,1.37,0.55,101.8,27.4,263.0,14.3,1.41,9.73,Sandy loam,Low,High,Medium,30.0,0.0,12.0,65.2,0.0,20.0,0.0,0.0,0.0,Nitrogen,ACIDIC_PH;HIGH_LEACHING_TEXTURE,"ICAR-IISS / Soil Health Card Portal (DAC&FW, GoI)",ICAR Soil Test Crop Response (STCR) Database & National Fertilizer Guidelines 2024-25
SOIL_REC_01575,Jute,3,30,60,8.25,1.32,0.4,268.4,6.3,113.1,8.8,0.26,4.16,Sandy loam,Low,Low,Low,30.0,15.6,15.0,52.0,33.9,25.0,0.0,0.0,0.0,Nitrogen,ALKALINE_PH;HIGH_LEACHING_TEXTURE,"ICAR-IISS / Soil Health Card Portal (DAC&FW, GoI)",ICAR Soil Test Crop Response (STCR) Database & National Fertilizer Guidelines 2024-25
SOIL_REC_01576,Jute,1,0,15,5.86,2.19,0.35,196.9,10.6,172.5,26.8,0.63,7.44,Black soil,Low,Medium,Medium,30.0,12.0,12.0,65.2,0.0,24.0,75.0,0.0,0.0,Nitrogen,HIGH_EC_SALINITY;ACIDIC_PH;ELEVATED_SALINITY,"ICAR-IISS / Soil Health Card Portal (DAC&FW, GoI)",ICAR Soil Test Crop Response (STCR) Database & National Fertilizer Guidelines 2024-25
SOIL_REC_01577,Jute,2,15,30,7.33,1.96,0.79,439.5,32.8,315.1,31.6,1.62,4.0,Black soil,Medium,High,Medium,24.0,0.0,12.0,52.2,0.0,20.0,0.0,0.0,0.0,Nitrogen,ELEVATED_SALINITY,"ICAR-IISS / Soil Health Card Portal (DAC&FW, GoI)",ICAR Soil Test Crop Response (STCR) Database & National Fertilizer Guidelines 2024-25
SOIL_REC_01578,Jute,3,30,60,8.79,1.59,0.34,298.4,11.9,155.0,26.3,0.65,4.97,Black soil,Medium,Medium,Medium,24.0,12.0,12.0,42.0,26.1,20.0,0.0,0.0,0.0,Nitrogen,ALKALINE_PH,"ICAR-IISS / Soil Health Card Portal (DAC&FW, GoI)",ICAR Soil Test Crop Response (STCR) Database & National Fertilizer Guidelines 2024-25
SOIL_REC_01579,Jute,1,0,15,8.56,2.28,0.94,218.1,18.4,368.1,17.0,0.35,8.02,Loam,Low,Medium,High,27.6,12.0,0.0,49.8,26.1,0.0,0.0,0.0,0.0,Nitrogen,ALKALINE_PH;ELEVATED_SALINITY,"ICAR-IISS / Soil Health Card Portal (DAC&FW, GoI)",ICAR Soil Test Crop Response (STCR) Database & National Fertilizer Guidelines 2024-25
SOIL_REC_01580,Jute,2,15,30,8.13,0.53,0.15,366.4,21.3,298.9,19.7,0.83,8.67,Loam,Medium,Medium,Medium,24.0,12.0,12.0,42.0,26.1,20.0,0.0,0.0,0.0,Nitrogen,ALKALINE_PH,"ICAR-IISS / Soil Health Card Portal (DAC&FW, GoI)",ICAR Soil Test Crop Response (STCR) Database & National Fertilizer Guidelines 2024-25
SOIL_REC_01581,Jute,3,30,60,7.85,2.32,0.1,104.9,21.4,188.8,10.7,0.28,10.65,Loam,Low,Medium,Medium,30.0,12.0,12.0,55.0,26.1,24.0,0.0,0.0,0.0,Nitrogen,HIGH_EC_SALINITY;ELEVATED_SALINITY,"ICAR-IISS / Soil Health Card Portal (DAC&FW, GoI)",ICAR Soil Test Crop Response (STCR) Database & National Fertilizer Guidelines 2024-25
SOIL_REC_01582,Jute,1,0,15,8.42,0.83,0.67,289.6,28.6,183.5,13.3,0.42,4.19,Alluvial,Medium,High,Medium,24.0,0.0,12.0,52.2,0.0,20.0,0.0,0.0,0.0,Nitrogen,ALKALINE_PH,"ICAR-IISS / Soil Health Card Portal (DAC&FW, GoI)",ICAR Soil Test Crop Response (STCR) Database & National Fertilizer Guidelines 2024-25
SOIL_REC_01583,Jute,2,15,30,6.91,2.41,0.26,391.1,11.4,239.3,18.5,1.2,3.18,Alluvial,Medium,Medium,Medium,24.0,12.0,12.0,42.0,26.1,24.0,0.0,0.0,0.0,Nitrogen,HIGH_EC_SALINITY;ELEVATED_SALINITY,"ICAR-IISS / Soil Health Card Portal (DAC&FW, GoI)",ICAR Soil Test Crop Response (STCR) Database & National Fertilizer Guidelines 2024-25
SOIL_REC_01584,Jute,3,30,60,7.88,1.62,0.43,140.5,6.5,94.7,27.7,0.25,9.77,Alluvial,Low,Low,Low,30.0,15.6,15.0,52.0,33.9,25.0,0.0,0.0,0.0,Nitrogen,NONE,"ICAR-IISS / Soil Health Card Portal (DAC&FW, GoI)",ICAR Soil Test Crop Response (STCR) Database & National Fertilizer Guidelines 2024-25
SOIL_REC_01585,Jute,1,0,15,8.06,2.0,0.97,481.5,9.5,149.4,24.8,1.22,3.27,Sandy loam,Medium,Low,Medium,21.6,15.6,12.0,33.7,33.9,20.0,0.0,0.0,0.0,Phosphorus,ALKALINE_PH;ELEVATED_SALINITY;HIGH_LEACHING_TEXTURE,"ICAR-IISS / Soil Health Card Portal (DAC&FW, GoI)",ICAR Soil Test Crop Response (STCR) Database & National Fertilizer Guidelines 2024-25
SOIL_REC_01586,Jute,2,15,30,7.77,1.45,0.69,254.6,32.7,242.3,5.6,1.21,11.7,Sandy loam,Low,High,Medium,30.0,0.0,12.0,65.2,0.0,20.0,0.0,0.0,0.0,Nitrogen,HIGH_LEACHING_TEXTURE,"ICAR-IISS / Soil Health Card Portal (DAC&FW, GoI)",ICAR Soil Test Crop Response (STCR) Database & National Fertilizer Guidelines 2024-25
SOIL_REC_01587,Jute,3,30,60,5.59,0.59,0.24,154.8,5.4,209.6,22.1,1.4,4.98,Sandy loam,Low,Low,Medium,30.0,15.6,12.0,65.2,0.0,20.0,97.5,0.0,0.0,Nitrogen,ACIDIC_PH;HIGH_LEACHING_TEXTURE,"ICAR-IISS / Soil Health Card Portal (DAC&FW, GoI)",ICAR Soil Test Crop Response (STCR) Database & National Fertilizer Guidelines 2024-25
SOIL_REC_01588,Jute,1,0,15,7.3,0.58,0.78,390.0,18.1,278.0,25.5,0.44,10.33,Sandy loam,Medium,Medium,Medium,24.0,12.0,12.0,42.0,26.1,20.0,0.0,0.0,0.0,Nitrogen,HIGH_LEACHING_TEXTURE,"ICAR-IISS / Soil Health Card Portal (DAC&FW, GoI)",ICAR Soil Test Crop Response (STCR) Database & National Fertilizer Guidelines 2024-25
SOIL_REC_01589,Jute,2,15,30,6.45,1.82,0.14,232.3,5.8,184.9,4.7,1.16,2.53,Sandy loam,Low,Low,Medium,30.0,15.6,12.0,52.0,33.9,20.0,0.0,0.0,0.0,Nitrogen,ELEVATED_SALINITY;HIGH_LEACHING_TEXTURE,"ICAR-IISS / Soil Health Card Portal (DAC&FW, GoI)",ICAR Soil Test Crop Response (STCR) Database & National Fertilizer Guidelines 2024-25
SOIL_REC_01590,Jute,3,30,60,6.36,0.84,0.24,145.4,10.6,137.9,18.8,0.85,7.85,Sandy loam,Low,Medium,Low,30.0,12.0,15.0,55.0,26.1,25.0,0.0,0.0,0.0,Nitrogen,HIGH_LEACHING_TEXTURE,"ICAR-IISS / Soil Health Card Portal (DAC&FW, GoI)",ICAR Soil Test Crop Response (STCR) Database & National Fertilizer Guidelines 2024-25
SOIL_REC_01591,Jute,1,0,15,6.86,2.27,0.64,615.3,21.5,107.6,12.7,0.47,7.98,Loam,High,Medium,Low,9.6,12.0,15.0,10.7,26.1,30.0,0.0,0.0,0.0,Potassium,HIGH_EC_SALINITY;ELEVATED_SALINITY,"ICAR-IISS / Soil Health Card Portal (DAC&FW, GoI)",ICAR Soil Test Crop Response (STCR) Database & National Fertilizer Guidelines 2024-25
SOIL_REC_01592,Jute,2,15,30,7.91,1.64,0.14,266.2,17.3,132.4,20.9,1.18,6.87,Loam,Low,Medium,Low,30.0,12.0,15.0,55.0,26.1,25.0,0.0,0.0,0.0,Nitrogen,NONE,"ICAR-IISS / Soil Health Card Portal (DAC&FW, GoI)",ICAR Soil Test Crop Response (STCR) Database & National Fertilizer Guidelines 2024-25
SOIL_REC_01593,Jute,3,30,60,6.67,2.8,0.44,254.7,23.0,199.1,18.7,0.4,3.08,Loam,Low,Medium,Medium,30.0,12.0,12.0,55.0,26.1,24.0,0.0,0.0,0.0,Nitrogen,HIGH_EC_SALINITY;ELEVATED_SALINITY,"ICAR-IISS / Soil Health Card Portal (DAC&FW, GoI)",ICAR Soil Test Crop Response (STCR) Database & National Fertilizer Guidelines 2024-25
SOIL_REC_01594,Jute,1,0,15,8.56,2.45,0.39,384.3,43.4,419.5,24.7,0.62,9.47,Sandy loam,Medium,High,High,24.0,0.0,0.0,52.2,0.0,0.0,0.0,0.0,0.0,Nitrogen,ALKALINE_PH;ELEVATED_SALINITY;HIGH_LEACHING_TEXTURE,"ICAR-IISS / Soil Health Card Portal (DAC&FW, GoI)",ICAR Soil Test Crop Response (STCR) Database & National Fertilizer Guidelines 2024-25
SOIL_REC_01595,Jute,2,15,30,8.68,1.87,0.5,267.6,32.2,134.7,9.4,1.35,4.28,Sandy loam,Low,High,Low,30.0,0.0,15.0,65.2,0.0,25.0,0.0,0.0,0.0,Nitrogen,ALKALINE_PH;ELEVATED_SALINITY;HIGH_LEACHING_TEXTURE,"ICAR-IISS / Soil Health Card Portal (DAC&FW, GoI)",ICAR Soil Test Crop Response (STCR) Database & National Fertilizer Guidelines 2024-25
SOIL_REC_01596,Jute,3,30,60,7.64,1.24,0.19,228.2,6.0,117.0,23.0,1.36,7.46,Sandy loam,Low,Low,Low,30.0,15.6,15.0,52.0,33.9,25.0,0.0,0.0,0.0,Nitrogen,HIGH_LEACHING_TEXTURE,"ICAR-IISS / Soil Health Card Portal (DAC&FW, GoI)",ICAR Soil Test Crop Response (STCR) Database & National Fertilizer Guidelines 2024-25
SOIL_REC_01597,Jute,1,0,15,7.71,2.1,0.54,199.3,16.2,241.1,24.1,0.79,9.39,Red soil,Low,Medium,Medium,30.0,12.0,12.0,55.0,26.1,24.0,0.0,0.0,0.0,Nitrogen,HIGH_EC_SALINITY;ELEVATED_SALINITY,"ICAR-IISS / Soil Health Card Portal (DAC&FW, GoI)",ICAR Soil Test Crop Response (STCR) Database & National Fertilizer Guidelines 2024-25
SOIL_REC_01598,Jute,2,15,30,7.24,0.76,0.33,381.9,7.1,303.3,27.0,0.67,11.83,Red soil,Medium,Low,Medium,24.0,15.6,12.0,38.9,33.9,20.0,0.0,0.0,0.0,Phosphorus,NONE,"ICAR-IISS / Soil Health Card Portal (DAC&FW, GoI)",ICAR Soil Test Crop Response (STCR) Database & National Fertilizer Guidelines 2024-25
SOIL_REC_01599,Jute,3,30,60,6.79,1.12,0.43,249.4,21.2,52.6,15.3,0.57,8.92,Red soil,Low,Medium,Low,30.0,12.0,15.0,55.0,26.1,25.0,0.0,0.0,0.0,Nitrogen,NONE,"ICAR-IISS / Soil Health Card Portal (DAC&FW, GoI)",ICAR Soil Test Crop Response (STCR) Database & National Fertilizer Guidelines 2024-25
SOIL_REC_01600,Jute,1,0,15,7.29,0.69,0.33,552.7,36.6,330.7,17.2,0.69,10.02,Clay loam,Medium,High,Medium,24.0,0.0,12.0,52.2,0.0,20.0,0.0,0.0,0.0,Nitrogen,NONE,"ICAR-IISS / Soil Health Card Portal (DAC&FW, GoI)",ICAR Soil Test Crop Response (STCR) Database & National Fertilizer Guidelines 2024-25
SOIL_REC_01601,Jute,2,15,30,8.35,1.53,0.8,288.9,33.4,73.6,10.3,0.37,4.79,Clay loam,Medium,High,Low,24.0,0.0,15.0,52.2,0.0,25.0,0.0,0.0,0.0,Potassium,ALKALINE_PH,"ICAR-IISS / Soil Health Card Portal (DAC&FW, GoI)",ICAR Soil Test Crop Response (STCR) Database & National Fertilizer Guidelines 2024-25
SOIL_REC_01602,Jute,3,30,60,7.8,1.55,0.47,128.9,18.2,69.2,21.1,1.32,8.9,Clay loam,Low,Medium,Low,30.0,12.0,15.0,55.0,26.1,25.0,0.0,0.0,0.0,Nitrogen,NONE,"ICAR-IISS / Soil Health Card Portal (DAC&FW, GoI)",ICAR Soil Test Crop Response (STCR) Database & National Fertilizer Guidelines 2024-25
SOIL_REC_01603,Jute,1,0,15,5.62,1.99,0.2,546.5,16.0,419.9,9.9,1.42,5.87,Clay loam,Medium,Medium,High,24.0,12.0,0.0,52.2,0.0,0.0,75.0,0.0,0.0,Nitrogen,ACIDIC_PH;ELEVATED_SALINITY,"ICAR-IISS / Soil Health Card Portal (DAC&FW, GoI)",ICAR Soil Test Crop Response (STCR) Database & National Fertilizer Guidelines 2024-25
SOIL_REC_01604,Jute,2,15,30,8.23,0.87,0.34,355.8,16.9,127.4,8.0,0.36,3.4,Clay loam,Medium,Medium,Low,24.0,12.0,15.0,42.0,26.1,25.0,0.0,0.0,0.0,Potassium,ALKALINE_PH,"ICAR-IISS / Soil Health Card Portal (DAC&FW, GoI)",ICAR Soil Test Crop Response (STCR) Database & National Fertilizer Guidelines 2024-25
SOIL_REC_01605,Jute,3,30,60,7.48,1.57,0.42,256.8,14.4,154.2,9.6,1.15,8.49,Clay loam,Low,Medium,Medium,30.0,12.0,12.0,55.0,26.1,20.0,0.0,0.0,0.0,Nitrogen,NONE,"ICAR-IISS / Soil Health Card Portal (DAC&FW, GoI)",ICAR Soil Test Crop Response (STCR) Database & National Fertilizer Guidelines 2024-25
SOIL_REC_01606,Jute,1,0,15,7.13,0.55,0.76,619.7,7.6,236.4,5.0,0.32,3.3,Loam,High,Low,Medium,9.6,15.6,12.0,7.6,33.9,20.0,0.0,0.0,0.0,Phosphorus,NONE,"ICAR-IISS / Soil Health Card Portal (DAC&FW, GoI)",ICAR Soil Test Crop Response (STCR) Database & National Fertilizer Guidelines 2024-25
SOIL_REC_01607,Jute,2,15,30,7.98,2.18,0.47,450.6,35.7,93.2,30.9,1.57,9.9,Loam,Medium,High,Low,24.0,0.0,15.0,52.2,0.0,30.0,0.0,0.0,0.0,Potassium,HIGH_EC_SALINITY;ELEVATED_SALINITY,"ICAR-IISS / Soil Health Card Portal (DAC&FW, GoI)",ICAR Soil Test Crop Response (STCR) Database & National Fertilizer Guidelines 2024-25
SOIL_REC_01608,Jute,3,30,60,7.88,1.56,0.08,287.9,7.4,49.8,26.7,1.14,5.68,Loam,Medium,Low,Low,24.0,15.6,15.0,38.9,33.9,25.0,0.0,0.0,0.0,Phosphorus,NONE,"ICAR-IISS / Soil Health Card Portal (DAC&FW, GoI)",ICAR Soil Test Crop Response (STCR) Database & National Fertilizer Guidelines 2024-25
SOIL_REC_01609,Jute,1,0,15,5.87,0.53,0.72,582.2,16.3,225.8,17.2,1.32,5.01,Black soil,High,Medium,Medium,9.6,12.0,12.0,20.9,0.0,20.0,75.0,0.0,0.0,Nitrogen,ACIDIC_PH,"ICAR-IISS / Soil Health Card Portal (DAC&FW, GoI)",ICAR Soil Test Crop Response (STCR) Database & National Fertilizer Guidelines 2024-25
SOIL_REC_01610,Jute,2,15,30,6.44,2.75,0.2,361.8,17.6,68.3,21.4,0.54,6.0,Black soil,Medium,Medium,Low,24.0,12.0,15.0,42.0,26.1,30.0,0.0,0.0,0.0,Potassium,HIGH_EC_SALINITY;ELEVATED_SALINITY,"ICAR-IISS / Soil Health Card Portal (DAC&FW, GoI)",ICAR Soil Test Crop Response (STCR) Database & National Fertilizer Guidelines 2024-25
SOIL_REC_01611,Jute,3,30,60,8.11,0.55,0.1,137.8,4.5,67.2,18.7,1.43,5.22,Black soil,Low,Low,Low,30.0,15.6,15.0,52.0,33.9,25.0,0.0,0.0,0.0,Nitrogen,ALKALINE_PH,"ICAR-IISS / Soil Health Card Portal (DAC&FW, GoI)",ICAR Soil Test Crop Response (STCR) Database & National Fertilizer Guidelines 2024-25
SOIL_REC_01612,Jute,1,0,15,6.46,0.8,0.65,291.5,7.1,140.1,31.9,0.51,10.24,Alluvial,Medium,Low,Low,24.0,15.6,15.0,38.9,33.9,25.0,0.0,0.0,0.0,Phosphorus,NONE,"ICAR-IISS / Soil Health Card Portal (DAC&FW, GoI)",ICAR Soil Test Crop Response (STCR) Database & National Fertilizer Guidelines 2024-25
SOIL_REC_01613,Jute,2,15,30,6.02,0.76,0.54,145.5,12.1,141.8,13.5,0.32,4.92,Alluvial,Low,Medium,Low,30.0,12.0,15.0,65.2,0.0,25.0,75.0,0.0,0.0,Nitrogen,NONE,"ICAR-IISS / Soil Health Card Portal (DAC&FW, GoI)",ICAR Soil Test Crop Response (STCR) Database & National Fertilizer Guidelines 2024-25
SOIL_REC_01614,Jute,3,30,60,5.62,2.14,0.42,92.5,14.3,214.3,5.2,0.79,2.7,Alluvial,Low,Medium,Medium,30.0,12.0,12.0,65.2,0.0,24.0,75.0,0.0,0.0,Nitrogen,HIGH_EC_SALINITY;ACIDIC_PH;ELEVATED_SALINITY,"ICAR-IISS / Soil Health Card Portal (DAC&FW, GoI)",ICAR Soil Test Crop Response (STCR) Database & National Fertilizer Guidelines 2024-25
SOIL_REC_01615,Jute,1,0,15,6.28,2.63,0.56,603.1,37.2,277.0,6.7,1.39,6.55,Clay loam,High,High,Medium,9.6,0.0,12.0,20.9,0.0,24.0,0.0,0.0,0.0,Nitrogen,HIGH_EC_SALINITY;ELEVATED_SALINITY,"ICAR-IISS / Soil Health Card Portal (DAC&FW, GoI)",ICAR Soil Test Crop Response (STCR) Database & National Fertilizer Guidelines 2024-25
SOIL_REC_01616,Jute,2,15,30,8.29,2.64,0.78,418.1,6.2,306.4,14.1,0.84,8.27,Clay loam,Medium,Low,Medium,24.0,15.6,12.0,38.9,33.9,24.0,0.0,0.0,0.0,Phosphorus,HIGH_EC_SALINITY;ALKALINE_PH;ELEVATED_SALINITY,"ICAR-IISS / Soil Health Card Portal (DAC&FW, GoI)",ICAR Soil Test Crop Response (STCR) Database & National Fertilizer Guidelines 2024-25
SOIL_REC_01617,Jute,3,30,60,8.2,2.18,0.26,231.2,4.5,214.3,10.0,1.72,9.79,Clay loam,Low,Low,Medium,30.0,15.6,12.0,52.0,33.9,24.0,0.0,0.0,0.0,Nitrogen,HIGH_EC_SALINITY;ALKALINE_PH;ELEVATED_SALINITY,"ICAR-IISS / Soil Health Card Portal (DAC&FW, GoI)",ICAR Soil Test Crop Response (STCR) Database & National Fertilizer Guidelines 2024-25
SOIL_REC_01618,Jute,1,0,15,8.46,1.13,0.93,374.5,13.7,295.9,17.6,1.56,6.53,Clay loam,Medium,Medium,Medium,21.6,12.0,12.0,36.7,26.1,20.0,0.0,0.0,0.0,Nitrogen,ALKALINE_PH,"ICAR-IISS / Soil Health Card Portal (DAC&FW, GoI)",ICAR Soil Test Crop Response (STCR) Database & National Fertilizer Guidelines 2024-25
SOIL_REC_01619,Jute,2,15,30,7.35,2.55,0.56,459.0,30.7,145.9,31.0,0.39,5.39,Clay loam,Medium,High,Medium,24.0,0.0,12.0,52.2,0.0,24.0,0.0,0.0,0.0,Nitrogen,HIGH_EC_SALINITY;ELEVATED_SALINITY,"ICAR-IISS / Soil Health Card Portal (DAC&FW, GoI)",ICAR Soil Test Crop Response (STCR) Database & National Fertilizer Guidelines 2024-25
SOIL_REC_01620,Jute,3,30,60,7.33,2.26,0.54,255.1,10.2,87.7,28.2,1.66,9.5,Clay loam,Low,Medium,Low,30.0,12.0,15.0,55.0,26.1,30.0,0.0,0.0,0.0,Nitrogen,HIGH_EC_SALINITY;ELEVATED_SALINITY,"ICAR-IISS / Soil Health Card Portal (DAC&FW, GoI)",ICAR Soil Test Crop Response (STCR) Database & National Fertilizer Guidelines 2024-25
SOIL_REC_01621,Potato,1,0,15,5.95,0.32,0.37,307.2,36.4,109.2,22.7,0.92,9.09,Alluvial,Medium,High,Low,60.0,0.0,60.0,130.4,0.0,100.0,0.0,0.0,0.0,Potassium,ACIDIC_PH,"ICAR-IISS / Soil Health Card Portal (DAC&FW, GoI)",ICAR Soil Test Crop Response (STCR) Database & National Fertilizer Guidelines 2024-25
SOIL_REC_01622,Potato,2,15,30,7.5,0.32,0.37,301.7,26.8,284.4,12.0,0.49,2.65,Alluvial,Medium,High,Medium,60.0,0.0,48.0,130.4,0.0,80.0,0.0,10.0,0.0,Zinc,NONE,"ICAR-IISS / Soil Health Card Portal (DAC&FW, GoI)",ICAR Soil Test Crop Response (STCR) Database & National Fertilizer Guidelines 2024-25
SOIL_REC_01623,Potato,3,30,60,8.78,2.78,0.35,101.4,18.9,172.1,21.5,1.2,9.78,Alluvial,Low,Medium,Medium,75.0,40.0,48.0,128.9,87.0,96.0,0.0,0.0,0.0,Nitrogen,HIGH_EC_SALINITY;ALKALINE_PH;ELEVATED_SALINITY,"ICAR-IISS / Soil Health Card Portal (DAC&FW, GoI)",ICAR Soil Test Crop Response (STCR) Database & National Fertilizer Guidelines 2024-25
SOIL_REC_01624,Potato,1,0,15,8.17,2.46,0.77,535.1,33.0,363.4,24.9,1.28,9.73,Alluvial,Medium,High,High,60.0,0.0,0.0,130.4,0.0,0.0,0.0,0.0,0.0,Nitrogen,ALKALINE_PH;ELEVATED_SALINITY,"ICAR-IISS / Soil Health Card Portal (DAC&FW, GoI)",ICAR Soil Test Crop Response (STCR) Database & National Fertilizer Guidelines 2024-25
SOIL_REC_01625,Potato,2,15,30,8.32,0.43,0.48,144.4,29.2,223.9,21.8,1.11,3.9,Alluvial,Low,High,Medium,75.0,0.0,48.0,163.0,0.0,80.0,0.0,0.0,0.0,Nitrogen,ALKALINE_PH,"ICAR-IISS / Soil Health Card Portal (DAC&FW, GoI)",ICAR Soil Test Crop Response (STCR) Database & National Fertilizer Guidelines 2024-25
SOIL_REC_01626,Potato,3,30,60,7.37,0.97,0.44,281.8,15.0,187.6,28.0,1.73,10.96,Alluvial,Medium,Medium,Medium,60.0,40.0,48.0,96.3,87.0,80.0,0.0,0.0,0.0,Nitrogen,NONE,"ICAR-IISS / Soil Health Card Portal (DAC&FW, GoI)",ICAR Soil Test Crop Response (STCR) Database & National Fertilizer Guidelines 2024-25
SOIL_REC_01627,Potato,1,0,15,6.11,2.23,0.93,267.2,11.9,438.9,15.3,1.1,11.41,Sandy loam,Low,Medium,High,69.0,40.0,0.0,150.0,0.0,0.0,250.0,0.0,0.0,Nitrogen,ELEVATED_SALINITY;HIGH_LEACHING_TEXTURE,"ICAR-IISS / Soil Health Card Portal (DAC&FW, GoI)",ICAR Soil Test Crop Response (STCR) Database & National Fertilizer Guidelines 2024-25
SOIL_REC_01628,Potato,2,15,30,6.85,2.02,0.82,267.4,17.0,99.3,25.4,1.76,2.79,Sandy loam,Low,Medium,Low,69.0,40.0,60.0,115.9,87.0,120.0,0.0,0.0,0.0,Nitrogen,HIGH_EC_SALINITY;ELEVATED_SALINITY;HIGH_LEACHING_TEXTURE,"ICAR-IISS / Soil Health Card Portal (DAC&FW, GoI)",ICAR Soil Test Crop Response (STCR) Database & National Fertilizer Guidelines 2024-25
SOIL_REC_01629,Potato,3,30,60,6.96,2.15,0.22,295.8,18.2,138.6,10.2,1.27,8.22,Sandy loam,Medium,Medium,Low,60.0,40.0,60.0,96.3,87.0,120.0,0.0,0.0,0.0,Potassium,HIGH_EC_SALINITY;ELEVATED_SALINITY;HIGH_LEACHING_TEXTURE,"ICAR-IISS / Soil Health Card Portal (DAC&FW, GoI)",ICAR Soil Test Crop Response (STCR) Database & National Fertilizer Guidelines 2024-25
SOIL_REC_01630,Potato,1,0,15,7.65,2.54,0.64,448.6,29.6,96.3,26.9,0.66,2.53,Clay loam,Medium,High,Low,60.0,0.0,60.0,130.4,0.0,120.0,0.0,0.0,0.0,Potassium,HIGH_EC_SALINITY;ELEVATED_SALINITY,"ICAR-IISS / Soil Health Card Portal (DAC&FW, GoI)",ICAR Soil Test Crop Response (STCR) Database & National Fertilizer Guidelines 2024-25
SOIL_REC_01631,Potato,2,15,30,6.64,1.26,0.59,458.1,32.9,220.4,16.2,0.25,10.14,Clay loam,Medium,High,Medium,60.0,0.0,48.0,130.4,0.0,80.0,0.0,10.0,0.0,Zinc,NONE,"ICAR-IISS / Soil Health Card Portal (DAC&FW, GoI)",ICAR Soil Test Crop Response (STCR) Database & National Fertilizer Guidelines 2024-25
SOIL_REC_01632,Potato,3,30,60,8.09,1.26,0.44,196.1,6.1,164.0,6.6,1.08,7.94,Clay loam,Low,Low,Medium,75.0,52.0,48.0,118.9,113.0,80.0,0.0,0.0,0.0,Nitrogen,ALKALINE_PH,"ICAR-IISS / Soil Health Card Portal (DAC&FW, GoI)",ICAR Soil Test Crop Response (STCR) Database & National Fertilizer Guidelines 2024-25
SOIL_REC_01633,Potato,1,0,15,6.84,0.39,0.94,127.5,26.2,243.3,22.8,1.3,3.88,Clay loam,Low,High,Medium,69.0,0.0,48.0,150.0,0.0,80.0,0.0,0.0,0.0,Nitrogen,NONE,"ICAR-IISS / Soil Health Card Portal (DAC&FW, GoI)",ICAR Soil Test Crop Response (STCR) Database & National Fertilizer Guidelines 2024-25
SOIL_REC_01634,Potato,2,15,30,6.13,1.57,0.52,457.7,28.1,135.5,9.4,0.63,7.64,Clay loam,Medium,High,Low,60.0,0.0,60.0,130.4,0.0,100.0,0.0,0.0,0.0,Potassium,NONE,"ICAR-IISS / Soil Health Card Portal (DAC&FW, GoI)",ICAR Soil Test Crop Response (STCR) Database & National Fertilizer Guidelines 2024-25
SOIL_REC_01635,Potato,3,30,60,6.29,2.27,0.22,187.3,16.1,52.3,4.8,1.73,7.04,Clay loam,Low,Medium,Low,75.0,40.0,60.0,128.9,87.0,120.0,0.0,0.0,0.0,Nitrogen,HIGH_EC_SALINITY;ELEVATED_SALINITY,"ICAR-IISS / Soil Health Card Portal (DAC&FW, GoI)",ICAR Soil Test Crop Response (STCR) Database & National Fertilizer Guidelines 2024-25
SOIL_REC_01636,Potato,1,0,15,5.5,1.94,0.64,420.2,44.1,230.1,32.0,0.39,11.81,Loam,Medium,High,Medium,60.0,0.0,48.0,130.4,0.0,80.0,0.0,10.0,0.0,Zinc,ACIDIC_PH;ELEVATED_SALINITY,"ICAR-IISS / Soil Health Card Portal (DAC&FW, GoI)",ICAR Soil Test Crop Response (STCR) Database & National Fertilizer Guidelines 2024-25
SOIL_REC_01637,Potato,2,15,30,6.78,0.73,0.17,162.5,23.8,289.9,27.1,0.24,11.48,Loam,Low,Medium,Medium,75.0,40.0,48.0,128.9,87.0,80.0,0.0,10.0,0.0,Zinc,NONE,"ICAR-IISS / Soil Health Card Portal (DAC&FW, GoI)",ICAR Soil Test Crop Response (STCR) Database & National Fertilizer Guidelines 2024-25
SOIL_REC_01638,Potato,3,30,60,6.74,0.35,0.38,80.0,16.2,58.2,24.7,0.29,6.37,Loam,Low,Medium,Low,75.0,40.0,60.0,128.9,87.0,100.0,0.0,10.0,0.0,Zinc,NONE,"ICAR-IISS / Soil Health Card Portal (DAC&FW, GoI)",ICAR Soil Test Crop Response (STCR) Database & National Fertilizer Guidelines 2024-25
SOIL_REC_01639,Potato,1,0,15,8.35,1.56,0.98,594.7,33.0,315.7,5.4,0.79,8.56,Loam,High,High,Medium,18.0,0.0,48.0,39.1,0.0,80.0,0.0,0.0,0.0,Nitrogen,ALKALINE_PH,"ICAR-IISS / Soil Health Card Portal (DAC&FW, GoI)",ICAR Soil Test Crop Response (STCR) Database & National Fertilizer Guidelines 2024-25
SOIL_REC_01640,Potato,2,15,30,6.39,2.53,0.43,314.6,16.8,83.2,30.4,1.62,9.4,Loam,Medium,Medium,Low,60.0,40.0,60.0,96.3,87.0,120.0,0.0,0.0,0.0,Potassium,HIGH_EC_SALINITY;ELEVATED_SALINITY,"ICAR-IISS / Soil Health Card Portal (DAC&FW, GoI)",ICAR Soil Test Crop Response (STCR) Database & National Fertilizer Guidelines 2024-25
SOIL_REC_01641,Potato,3,30,60,8.02,1.27,0.14,94.3,3.4,188.8,24.9,0.99,8.44,Loam,Low,Low,Medium,75.0,52.0,48.0,118.9,113.0,80.0,0.0,0.0,0.0,Nitrogen,ALKALINE_PH,"ICAR-IISS / Soil Health Card Portal (DAC&FW, GoI)",ICAR Soil Test Crop Response (STCR) Database & National Fertilizer Guidelines 2024-25
SOIL_REC_01642,Potato,1,0,15,8.55,2.6,1.08,402.7,45.2,114.0,25.8,0.24,11.4,Black soil,Medium,High,Low,54.0,0.0,60.0,117.4,0.0,120.0,0.0,10.0,0.0,Potassium,HIGH_EC_SALINITY;ALKALINE_PH;ELEVATED_SALINITY,"ICAR-IISS / Soil Health Card Portal (DAC&FW, GoI)",ICAR Soil Test Crop Response (STCR) Database & National Fertilizer Guidelines 2024-25
SOIL_REC_01643,Potato,2,15,30,7.73,0.88,0.8,164.4,18.8,91.6,7.7,1.69,5.9,Black soil,Low,Medium,Low,75.0,40.0,60.0,128.9,87.0,100.0,0.0,0.0,0.0,Nitrogen,NONE,"ICAR-IISS / Soil Health Card Portal (DAC&FW, GoI)",ICAR Soil Test Crop Response (STCR) Database & National Fertilizer Guidelines 2024-25
SOIL_REC_01644,Potato,3,30,60,8.57,0.73,0.51,160.3,12.8,211.9,17.0,0.53,11.96,Black soil,Low,Medium,Medium,75.0,40.0,48.0,128.9,87.0,80.0,0.0,10.0,0.0,Zinc,ALKALINE_PH,"ICAR-IISS / Soil Health Card Portal (DAC&FW, GoI)",ICAR Soil Test Crop Response (STCR) Database & National Fertilizer Guidelines 2024-25
SOIL_REC_01645,Potato,1,0,15,7.74,0.4,0.31,309.9,15.2,241.9,27.1,1.77,5.52,Loam,Medium,Medium,Medium,60.0,40.0,48.0,96.3,87.0,80.0,0.0,0.0,0.0,Nitrogen,NONE,"ICAR-IISS / Soil Health Card Portal (DAC&FW, GoI)",ICAR Soil Test Crop Response (STCR) Database & National Fertilizer Guidelines 2024-25
SOIL_REC_01646,Potato,2,15,30,7.04,1.62,0.81,231.0,10.5,188.3,29.0,1.07,5.42,Loam,Low,Medium,Medium,69.0,40.0,48.0,115.9,87.0,80.0,0.0,0.0,0.0,Nitrogen,NONE,"ICAR-IISS / Soil Health Card Portal (DAC&FW, GoI)",ICAR Soil Test Crop Response (STCR) Database & National Fertilizer Guidelines 2024-25
SOIL_REC_01647,Potato,3,30,60,7.46,2.09,0.16,204.7,4.0,200.5,12.2,0.27,10.27,Loam,Low,Low,Medium,75.0,52.0,48.0,118.9,113.0,96.0,0.0,10.0,0.0,Zinc,HIGH_EC_SALINITY;ELEVATED_SALINITY,"ICAR-IISS / Soil Health Card Portal (DAC&FW, GoI)",ICAR Soil Test Crop Response (STCR) Database & National Fertilizer Guidelines 2024-25
SOIL_REC_01648,Potato,1,0,15,6.41,2.79,0.37,222.4,16.5,126.6,17.2,0.37,3.85,Black soil,Low,Medium,Low,75.0,40.0,60.0,128.9,87.0,120.0,0.0,10.0,0.0,Zinc,HIGH_EC_SALINITY;ELEVATED_SALINITY,"ICAR-IISS / Soil Health Card Portal (DAC&FW, GoI)",ICAR Soil Test Crop Response (STCR) Database & National Fertilizer Guidelines 2024-25
SOIL_REC_01649,Potato,2,15,30,7.03,2.26,0.59,153.9,10.4,71.3,8.5,0.35,7.17,Black soil,Low,Medium,Low,75.0,40.0,60.0,128.9,87.0,120.0,0.0,10.0,0.0,Zinc,HIGH_EC_SALINITY;ELEVATED_SALINITY,"ICAR-IISS / Soil Health Card Portal (DAC&FW, GoI)",ICAR Soil Test Crop Response (STCR) Database & National Fertilizer Guidelines 2024-25
SOIL_REC_01650,Potato,3,30,60,8.21,1.59,0.16,217.1,8.5,212.5,15.8,1.12,5.73,Black soil,Low,Low,Medium,75.0,52.0,48.0,118.9,113.0,80.0,0.0,0.0,0.0,Nitrogen,ALKALINE_PH,"ICAR-IISS / Soil Health Card Portal (DAC&FW, GoI)",ICAR Soil Test Crop Response (STCR) Database & National Fertilizer Guidelines 2024-25
SOIL_REC_01651,Potato,1,0,15,8.09,1.99,0.57,498.9,42.4,173.4,27.0,0.59,3.59,Black soil,Medium,High,Medium,60.0,0.0,48.0,130.4,0.0,80.0,0.0,10.0,0.0,Zinc,ALKALINE_PH;ELEVATED_SALINITY,"ICAR-IISS / Soil Health Card Portal (DAC&FW, GoI)",ICAR Soil Test Crop Response (STCR) Database & National Fertilizer Guidelines 2024-25
SOIL_REC_01652,Potato,2,15,30,7.2,1.61,0.82,243.2,15.2,222.1,16.6,1.38,7.18,Black soil,Low,Medium,Medium,69.0,40.0,48.0,115.9,87.0,80.0,0.0,0.0,0.0,Nitrogen,NONE,"ICAR-IISS / Soil Health Card Portal (DAC&FW, GoI)",ICAR Soil Test Crop Response (STCR) Database & National Fertilizer Guidelines 2024-25
SOIL_REC_01653,Potato,3,30,60,7.82,1.62,0.38,160.7,22.5,66.4,17.4,0.3,10.68,Black soil,Low,Medium,Low,75.0,40.0,60.0,128.9,87.0,100.0,0.0,10.0,0.0,Zinc,NONE,"ICAR-IISS / Soil Health Card Portal (DAC&FW, GoI)",ICAR Soil Test Crop Response (STCR) Database & National Fertilizer Guidelines 2024-25
SOIL_REC_01654,Potato,1,0,15,6.28,1.25,0.89,193.3,39.3,221.4,4.1,1.06,3.3,Black soil,Low,High,Medium,69.0,0.0,48.0,150.0,0.0,80.0,0.0,0.0,0.0,Nitrogen,NONE,"ICAR-IISS / Soil Health Card Portal (DAC&FW, GoI)",ICAR Soil Test Crop Response (STCR) Database & National Fertilizer Guidelines 2024-25
SOIL_REC_01655,Potato,2,15,30,8.27,0.67,0.56,213.0,9.5,335.4,23.0,1.26,2.64,Black soil,Low,Low,Medium,75.0,52.0,48.0,118.9,113.0,80.0,0.0,0.0,0.0,Nitrogen,ALKALINE_PH,"ICAR-IISS / Soil Health Card Portal (DAC&FW, GoI)",ICAR Soil Test Crop Response (STCR) Database & National Fertilizer Guidelines 2024-25
SOIL_REC_01656,Potato,3,30,60,6.61,2.77,0.52,231.7,11.5,72.1,6.0,1.24,11.4,Black soil,Low,Medium,Low,75.0,40.0,60.0,128.9,87.0,120.0,0.0,0.0,0.0,Nitrogen,HIGH_EC_SALINITY;ELEVATED_SALINITY,"ICAR-IISS / Soil Health Card Portal (DAC&FW, GoI)",ICAR Soil Test Crop Response (STCR) Database & National Fertilizer Guidelines 2024-25
SOIL_REC_01657,Potato,1,0,15,8.74,0.56,0.69,604.5,37.7,433.8,19.6,1.05,8.98,Sandy loam,High,High,High,24.0,0.0,0.0,52.2,0.0,0.0,0.0,0.0,0.0,Nitrogen,ALKALINE_PH;HIGH_LEACHING_TEXTURE,"ICAR-IISS / Soil Health Card Portal (DAC&FW, GoI)",ICAR Soil Test Crop Response (STCR) Database & National Fertilizer Guidelines 2024-25
SOIL_REC_01658,Potato,2,15,30,6.28,1.82,0.5,383.8,31.8,324.8,7.6,1.67,10.58,Sandy loam,Medium,High,Medium,60.0,0.0,48.0,130.4,0.0,80.0,0.0,0.0,0.0,Nitrogen,ELEVATED_SALINITY;HIGH_LEACHING_TEXTURE,"ICAR-IISS / Soil Health Card Portal (DAC&FW, GoI)",ICAR Soil Test Crop Response (STCR) Database & National Fertilizer Guidelines 2024-25
SOIL_REC_01659,Potato,3,30,60,8.13,2.67,0.4,117.4,20.7,123.0,24.1,1.35,4.88,Sandy loam,Low,Medium,Low,75.0,40.0,60.0,128.9,87.0,120.0,0.0,0.0,0.0,Nitrogen,HIGH_EC_SALINITY;ALKALINE_PH;ELEVATED_SALINITY;HIGH_LEACHING_TEXTURE,"ICAR-IISS / Soil Health Card Portal (DAC&FW, GoI)",ICAR Soil Test Crop Response (STCR) Database & National Fertilizer Guidelines 2024-25
SOIL_REC_01660,Potato,1,0,15,7.64,0.98,0.73,543.1,31.6,289.3,5.8,0.33,5.79,Clay loam,Medium,High,Medium,60.0,0.0,48.0,130.4,0.0,80.0,0.0,10.0,0.0,Zinc,NONE,"ICAR-IISS / Soil Health Card Portal (DAC&FW, GoI)",ICAR Soil Test Crop Response (STCR) Database & National Fertilizer Guidelines 2024-25
SOIL_REC_01661,Potato,2,15,30,7.57,1.52,0.8,371.7,5.6,244.3,6.6,1.68,4.74,Clay loam,Medium,Low,Medium,60.0,52.0,48.0,86.3,113.0,80.0,0.0,0.0,0.0,Phosphorus,NONE,"ICAR-IISS / Soil Health Card Portal (DAC&FW, GoI)",ICAR Soil Test Crop Response (STCR) Database & National Fertilizer Guidelines 2024-25
SOIL_REC_01662,Potato,3,30,60,7.3,1.36,0.3,194.8,23.4,78.6,30.1,0.92,6.11,Clay loam,Low,Medium,Low,75.0,40.0,60.0,128.9,87.0,100.0,0.0,0.0,0.0,Nitrogen,NONE,"ICAR-IISS / Soil Health Card Portal (DAC&FW, GoI)",ICAR Soil Test Crop Response (STCR) Database & National Fertilizer Guidelines 2024-25
SOIL_REC_01663,Potato,1,0,15,8.68,0.37,0.75,606.7,26.8,281.6,14.8,0.44,8.42,Sandy loam,High,High,Medium,24.0,0.0,48.0,52.2,0.0,80.0,0.0,10.0,0.0,Zinc,ALKALINE_PH;HIGH_LEACHING_TEXTURE,"ICAR-IISS / Soil Health Card Portal (DAC&FW, GoI)",ICAR Soil Test Crop Response (STCR) Database & National Fertilizer Guidelines 2024-25
SOIL_REC_01664,Potato,2,15,30,8.52,1.52,0.62,147.7,30.8,153.9,20.2,0.99,9.62,Sandy loam,Low,High,Medium,75.0,0.0,48.0,163.0,0.0,80.0,0.0,0.0,0.0,Nitrogen,ALKALINE_PH;HIGH_LEACHING_TEXTURE,"ICAR-IISS / Soil Health Card Portal (DAC&FW, GoI)",ICAR Soil Test Crop Response (STCR) Database & National Fertilizer Guidelines 2024-25
SOIL_REC_01665,Potato,3,30,60,8.11,1.58,0.4,60.2,16.5,167.8,26.2,0.79,9.11,Sandy loam,Low,Medium,Medium,75.0,40.0,48.0,128.9,87.0,80.0,0.0,0.0,0.0,Nitrogen,ALKALINE_PH;HIGH_LEACHING_TEXTURE,"ICAR-IISS / Soil Health Card Portal (DAC&FW, GoI)",ICAR Soil Test Crop Response (STCR) Database & National Fertilizer Guidelines 2024-25
SOIL_REC_01666,Potato,1,0,15,7.69,2.46,0.87,315.1,36.6,209.5,16.8,0.26,8.89,Sandy loam,Medium,High,Medium,54.0,0.0,48.0,117.4,0.0,96.0,0.0,10.0,0.0,Zinc,HIGH_EC_SALINITY;ELEVATED_SALINITY;HIGH_LEACHING_TEXTURE,"ICAR-IISS / Soil Health Card Portal (DAC&FW, GoI)",ICAR Soil Test Crop Response (STCR) Database & National Fertilizer Guidelines 2024-25
SOIL_REC_01667,Potato,2,15,30,6.05,2.54,0.24,369.9,31.4,139.9,9.1,1.04,6.88,Sandy loam,Medium,High,Low,60.0,0.0,60.0,130.4,0.0,120.0,0.0,0.0,0.0,Potassium,HIGH_EC_SALINITY;ELEVATED_SALINITY;HIGH_LEACHING_TEXTURE,"ICAR-IISS / Soil Health Card Portal (DAC&FW, GoI)",ICAR Soil Test Crop Response (STCR) Database & National Fertilizer Guidelines 2024-25
SOIL_REC_01668,Potato,3,30,60,6.8,0.56,0.47,212.8,6.9,89.4,30.6,1.29,9.52,Sandy loam,Low,Low,Low,75.0,52.0,60.0,118.9,113.0,100.0,0.0,0.0,0.0,Nitrogen,HIGH_LEACHING_TEXTURE,"ICAR-IISS / Soil Health Card Portal (DAC&FW, GoI)",ICAR Soil Test Crop Response (STCR) Database & National Fertilizer Guidelines 2024-25
SOIL_REC_01669,Potato,1,0,15,8.11,2.36,0.36,590.3,28.9,414.5,20.0,0.36,6.35,Clay loam,High,High,High,24.0,0.0,0.0,52.2,0.0,0.0,0.0,10.0,0.0,Zinc,ALKALINE_PH;ELEVATED_SALINITY,"ICAR-IISS / Soil Health Card Portal (DAC&FW, GoI)",ICAR Soil Test Crop Response (STCR) Database & National Fertilizer Guidelines 2024-25
SOIL_REC_01670,Potato,2,15,30,6.36,1.98,0.77,160.0,28.5,262.6,30.1,0.48,11.48,Clay loam,Low,High,Medium,75.0,0.0,48.0,163.0,0.0,80.0,0.0,10.0,0.0,Zinc,ELEVATED_SALINITY,"ICAR-IISS / Soil Health Card Portal (DAC&FW, GoI)",ICAR Soil Test Crop Response (STCR) Database & National Fertilizer Guidelines 2024-25
SOIL_REC_01671,Potato,3,30,60,6.78,2.72,0.16,296.5,7.7,170.0,13.6,1.17,9.02,Clay loam,Medium,Low,Medium,60.0,52.0,48.0,86.3,113.0,96.0,0.0,0.0,0.0,Phosphorus,HIGH_EC_SALINITY;ELEVATED_SALINITY,"ICAR-IISS / Soil Health Card Portal (DAC&FW, GoI)",ICAR Soil Test Crop Response (STCR) Database & National Fertilizer Guidelines 2024-25
SOIL_REC_01672,Potato,1,0,15,6.24,2.78,0.63,400.0,22.4,221.7,30.6,0.98,5.0,Sandy loam,Medium,Medium,Medium,60.0,40.0,48.0,96.3,87.0,96.0,0.0,0.0,0.0,Nitrogen,HIGH_EC_SALINITY;ELEVATED_SALINITY;HIGH_LEACHING_TEXTURE,"ICAR-IISS / Soil Health Card Portal (DAC&FW, GoI)",ICAR Soil Test Crop Response (STCR) Database & National Fertilizer Guidelines 2024-25
SOIL_REC_01673,Potato,2,15,30,6.77,2.41,0.34,318.7,28.3,276.2,12.0,0.62,2.57,Sandy loam,Medium,High,Medium,60.0,0.0,48.0,130.4,0.0,96.0,0.0,0.0,0.0,Nitrogen,HIGH_EC_SALINITY;ELEVATED_SALINITY;HIGH_LEACHING_TEXTURE,"ICAR-IISS / Soil Health Card Portal (DAC&FW, GoI)",ICAR Soil Test Crop Response (STCR) Database & National Fertilizer Guidelines 2024-25
SOIL_REC_01674,Potato,3,30,60,6.51,1.82,0.49,283.5,20.3,58.4,27.3,1.66,8.19,Sandy loam,Medium,Medium,Low,60.0,40.0,60.0,96.3,87.0,100.0,0.0,0.0,0.0,Potassium,ELEVATED_SALINITY;HIGH_LEACHING_TEXTURE,"ICAR-IISS / Soil Health Card Portal (DAC&FW, GoI)",ICAR Soil Test Crop Response (STCR) Database & National Fertilizer Guidelines 2024-25
SOIL_REC_01675,Potato,1,0,15,5.65,1.56,0.82,411.0,17.3,103.6,27.5,0.54,5.42,Loam,Medium,Medium,Low,54.0,40.0,60.0,117.4,0.0,100.0,250.0,10.0,0.0,Potassium,ACIDIC_PH,"ICAR-IISS / Soil Health Card Portal (DAC&FW, GoI)",ICAR Soil Test Crop Response (STCR) Database & National Fertilizer Guidelines 2024-25
SOIL_REC_01676,Potato,2,15,30,6.57,1.38,0.35,212.9,7.9,264.3,14.3,1.62,10.27,Loam,Low,Low,Medium,75.0,52.0,48.0,118.9,113.0,80.0,0.0,0.0,0.0,Nitrogen,NONE,"ICAR-IISS / Soil Health Card Portal (DAC&FW, GoI)",ICAR Soil Test Crop Response (STCR) Database & National Fertilizer Guidelines 2024-25
SOIL_REC_01677,Potato,3,30,60,7.07,2.4,0.32,119.5,12.0,198.3,5.3,1.74,5.02,Loam,Low,Medium,Medium,75.0,40.0,48.0,128.9,87.0,96.0,0.0,0.0,0.0,Nitrogen,HIGH_EC_SALINITY;ELEVATED_SALINITY,"ICAR-IISS / Soil Health Card Portal (DAC&FW, GoI)",ICAR Soil Test Crop Response (STCR) Database & National Fertilizer Guidelines 2024-25
SOIL_REC_01678,Potato,1,0,15,7.8,1.87,0.25,595.2,39.3,102.7,13.9,0.93,8.35,Loam,High,High,Low,24.0,0.0,60.0,52.2,0.0,100.0,0.0,0.0,0.0,Potassium,ELEVATED_SALINITY,"ICAR-IISS / Soil Health Card Portal (DAC&FW, GoI)",ICAR Soil Test Crop Response (STCR) Database & National Fertilizer Guidelines 2024-25
SOIL_REC_01679,Potato,2,15,30,8.63,0.52,0.53,267.3,6.4,265.3,7.7,0.96,5.08,Loam,Low,Low,Medium,75.0,52.0,48.0,118.9,113.0,80.0,0.0,0.0,0.0,Nitrogen,ALKALINE_PH,"ICAR-IISS / Soil Health Card Portal (DAC&FW, GoI)",ICAR Soil Test Crop Response (STCR) Database & National Fertilizer Guidelines 2024-25
SOIL_REC_01680,Potato,3,30,60,5.93,2.4,0.33,274.1,10.3,74.3,7.8,0.73,10.19,Loam,Low,Medium,Low,75.0,40.0,60.0,163.0,0.0,120.0,250.0,0.0,0.0,Nitrogen,HIGH_EC_SALINITY;ACIDIC_PH;ELEVATED_SALINITY,"ICAR-IISS / Soil Health Card Portal (DAC&FW, GoI)",ICAR Soil Test Crop Response (STCR) Database & National Fertilizer Guidelines 2024-25
SOIL_REC_01681,Potato,1,0,15,6.87,2.68,0.97,411.8,23.5,361.5,19.1,0.65,10.69,Black soil,Medium,Medium,High,54.0,40.0,0.0,83.3,87.0,0.0,0.0,0.0,0.0,Nitrogen,ELEVATED_SALINITY,"ICAR-IISS / Soil Health Card Portal (DAC&FW, GoI)",ICAR Soil Test Crop Response (STCR) Database & National Fertilizer Guidelines 2024-25
SOIL_REC_01682,Potato,2,15,30,5.96,2.04,0.48,458.7,32.6,143.0,21.7,1.37,6.51,Black soil,Medium,High,Low,60.0,0.0,60.0,130.4,0.0,120.0,0.0,0.0,0.0,Potassium,HIGH_EC_SALINITY;ACIDIC_PH;ELEVATED_SALINITY,"ICAR-IISS / Soil Health Card Portal (DAC&FW, GoI)",ICAR Soil Test Crop Response (STCR) Database & National Fertilizer Guidelines 2024-25
SOIL_REC_01683,Potato,3,30,60,6.7,2.45,0.45,270.4,9.0,135.4,12.5,1.18,3.63,Black soil,Low,Low,Low,75.0,52.0,60.0,118.9,113.0,120.0,0.0,0.0,0.0,Nitrogen,HIGH_EC_SALINITY;ELEVATED_SALINITY,"ICAR-IISS / Soil Health Card Portal (DAC&FW, GoI)",ICAR Soil Test Crop Response (STCR) Database & National Fertilizer Guidelines 2024-25
SOIL_REC_01684,Potato,1,0,15,8.18,1.31,0.47,188.1,41.7,407.7,5.2,1.48,6.04,Sandy loam,Low,High,High,75.0,0.0,0.0,163.0,0.0,0.0,0.0,0.0,0.0,Nitrogen,ALKALINE_PH;HIGH_LEACHING_TEXTURE,"ICAR-IISS / Soil Health Card Portal (DAC&FW, GoI)",ICAR Soil Test Crop Response (STCR) Database & National Fertilizer Guidelines 2024-25
SOIL_REC_01685,Potato,2,15,30,6.26,1.88,0.28,449.4,8.6,304.4,28.7,1.52,10.09,Sandy loam,Medium,Low,Medium,60.0,52.0,48.0,86.3,113.0,80.0,0.0,0.0,0.0,Phosphorus,ELEVATED_SALINITY;HIGH_LEACHING_TEXTURE,"ICAR-IISS / Soil Health Card Portal (DAC&FW, GoI)",ICAR Soil Test Crop Response (STCR) Database & National Fertilizer Guidelines 2024-25
SOIL_REC_01686,Potato,3,30,60,8.37,0.38,0.08,145.0,3.7,81.7,21.7,1.09,4.23,Sandy loam,Low,Low,Low,75.0,52.0,60.0,118.9,113.0,100.0,0.0,0.0,0.0,Nitrogen,ALKALINE_PH;HIGH_LEACHING_TEXTURE,"ICAR-IISS / Soil Health Card Portal (DAC&FW, GoI)",ICAR Soil Test Crop Response (STCR) Database & National Fertilizer Guidelines 2024-25
SOIL_REC_01687,Potato,1,0,15,6.44,0.94,0.64,428.5,22.2,313.2,24.1,0.43,11.65,Sandy loam,Medium,Medium,Medium,60.0,40.0,48.0,96.3,87.0,80.0,0.0,10.0,0.0,Zinc,HIGH_LEACHING_TEXTURE,"ICAR-IISS / Soil Health Card Portal (DAC&FW, GoI)",ICAR Soil Test Crop Response (STCR) Database & National Fertilizer Guidelines 2024-25
SOIL_REC_01688,Potato,2,15,30,7.78,2.64,0.41,427.1,29.3,261.7,12.2,0.86,9.6,Sandy loam,Medium,High,Medium,60.0,0.0,48.0,130.4,0.0,96.0,0.0,0.0,0.0,Nitrogen,HIGH_EC_SALINITY;ELEVATED_SALINITY;HIGH_LEACHING_TEXTURE,"ICAR-IISS / Soil Health Card Portal (DAC&FW, GoI)",ICAR Soil Test Crop Response (STCR) Database & National Fertilizer Guidelines 2024-25
SOIL_REC_01689,Potato,3,30,60,5.93,2.4,0.54,235.9,22.3,96.8,30.6,0.31,4.58,Sandy loam,Low,Medium,Low,75.0,40.0,60.0,163.0,0.0,120.0,250.0,10.0,0.0,Zinc,HIGH_EC_SALINITY;ACIDIC_PH;ELEVATED_SALINITY;HIGH_LEACHING_TEXTURE,"ICAR-IISS / Soil Health Card Portal (DAC&FW, GoI)",ICAR Soil Test Crop Response (STCR) Database & National Fertilizer Guidelines 2024-25
SOIL_REC_01690,Potato,1,0,15,7.83,2.3,0.25,186.9,41.1,135.5,21.0,1.61,8.63,Loam,Low,High,Low,75.0,0.0,60.0,163.0,0.0,120.0,0.0,0.0,0.0,Nitrogen,HIGH_EC_SALINITY;ELEVATED_SALINITY,"ICAR-IISS / Soil Health Card Portal (DAC&FW, GoI)",ICAR Soil Test Crop Response (STCR) Database & National Fertilizer Guidelines 2024-25
SOIL_REC_01691,Potato,2,15,30,7.57,1.82,0.15,366.9,32.4,207.8,15.6,0.98,4.44,Loam,Medium,High,Medium,60.0,0.0,48.0,130.4,0.0,80.0,0.0,0.0,0.0,Nitrogen,ELEVATED_SALINITY,"ICAR-IISS / Soil Health Card Portal (DAC&FW, GoI)",ICAR Soil Test Crop Response (STCR) Database & National Fertilizer Guidelines 2024-25
SOIL_REC_01692,Potato,3,30,60,7.32,1.1,0.33,251.7,11.5,172.1,22.6,0.48,4.22,Loam,Low,Medium,Medium,75.0,40.0,48.0,128.9,87.0,80.0,0.0,10.0,0.0,Zinc,NONE,"ICAR-IISS / Soil Health Card Portal (DAC&FW, GoI)",ICAR Soil Test Crop Response (STCR) Database & National Fertilizer Guidelines 2024-25
SOIL_REC_01693,Potato,1,0,15,7.08,1.03,0.86,301.6,32.4,264.2,14.6,1.58,11.45,Clay loam,Medium,High,Medium,54.0,0.0,48.0,117.4,0.0,80.0,0.0,0.0,0.0,Nitrogen,NONE,"ICAR-IISS / Soil Health Card Portal (DAC&FW, GoI)",ICAR Soil Test Crop Response (STCR) Database & National Fertilizer Guidelines 2024-25
SOIL_REC_01694,Potato,2,15,30,6.57,1.81,0.48,380.8,25.6,190.0,29.2,1.09,9.43,Clay loam,Medium,High,Medium,60.0,0.0,48.0,130.4,0.0,80.0,0.0,0.0,0.0,Nitrogen,ELEVATED_SALINITY,"ICAR-IISS / Soil Health Card Portal (DAC&FW, GoI)",ICAR Soil Test Crop Response (STCR) Database & National Fertilizer Guidelines 2024-25
SOIL_REC_01695,Potato,3,30,60,6.8,1.63,0.16,169.9,5.5,129.4,5.8,1.3,4.38,Clay loam,Low,Low,Low,75.0,52.0,60.0,118.9,113.0,100.0,0.0,0.0,0.0,Nitrogen,NONE,"ICAR-IISS / Soil Health Card Portal (DAC&FW, GoI)",ICAR Soil Test Crop Response (STCR) Database & National Fertilizer Guidelines 2024-25
SOIL_REC_01696,Potato,1,0,15,7.9,2.61,0.77,603.3,46.2,423.4,13.1,0.48,7.98,Red soil,High,High,High,24.0,0.0,0.0,52.2,0.0,0.0,0.0,10.0,0.0,Zinc,ELEVATED_SALINITY,"ICAR-IISS / Soil Health Card Portal (DAC&FW, GoI)",ICAR Soil Test Crop Response (STCR) Database & National Fertilizer Guidelines 2024-25
SOIL_REC_01697,Potato,2,15,30,7.37,1.8,0.64,420.6,34.6,265.4,26.4,1.25,8.06,Red soil,Medium,High,Medium,60.0,0.0,48.0,130.4,0.0,80.0,0.0,0.0,0.0,Nitrogen,NONE,"ICAR-IISS / Soil Health Card Portal (DAC&FW, GoI)",ICAR Soil Test Crop Response (STCR) Database & National Fertilizer Guidelines 2024-25
SOIL_REC_01698,Potato,3,30,60,7.61,0.81,0.34,119.1,6.5,162.6,23.7,0.59,7.99,Red soil,Low,Low,Medium,75.0,52.0,48.0,118.9,113.0,80.0,0.0,10.0,0.0,Zinc,NONE,"ICAR-IISS / Soil Health Card Portal (DAC&FW, GoI)",ICAR Soil Test Crop Response (STCR) Database & National Fertilizer Guidelines 2024-25
SOIL_REC_01699,Potato,1,0,15,6.17,1.65,0.44,328.9,26.5,322.1,24.6,1.61,4.58,Alluvial,Medium,High,Medium,60.0,0.0,48.0,130.4,0.0,80.0,0.0,0.0,0.0,Nitrogen,NONE,"ICAR-IISS / Soil Health Card Portal (DAC&FW, GoI)",ICAR Soil Test Crop Response (STCR) Database & National Fertilizer Guidelines 2024-25
SOIL_REC_01700,Potato,2,15,30,8.17,0.95,0.78,304.1,12.7,136.1,26.7,1.44,8.31,Alluvial,Medium,Medium,Low,60.0,40.0,60.0,96.3,87.0,100.0,0.0,0.0,0.0,Potassium,ALKALINE_PH,"ICAR-IISS / Soil Health Card Portal (DAC&FW, GoI)",ICAR Soil Test Crop Response (STCR) Database & National Fertilizer Guidelines 2024-25
SOIL_REC_01701,Potato,3,30,60,7.89,0.67,0.29,266.2,21.1,124.0,9.2,0.48,3.16,Alluvial,Low,Medium,Low,75.0,40.0,60.0,128.9,87.0,100.0,0.0,10.0,0.0,Zinc,NONE,"ICAR-IISS / Soil Health Card Portal (DAC&FW, GoI)",ICAR Soil Test Crop Response (STCR) Database & National Fertilizer Guidelines 2024-25
SOIL_REC_01702,Potato,1,0,15,6.59,1.93,0.72,499.9,44.2,348.8,10.0,1.33,10.27,Sandy loam,Medium,High,High,60.0,0.0,0.0,130.4,0.0,0.0,0.0,0.0,0.0,Nitrogen,ELEVATED_SALINITY;HIGH_LEACHING_TEXTURE,"ICAR-IISS / Soil Health Card Portal (DAC&FW, GoI)",ICAR Soil Test Crop Response (STCR) Database & National Fertilizer Guidelines 2024-25
SOIL_REC_01703,Potato,2,15,30,5.96,2.67,0.79,284.6,8.6,75.1,22.9,1.76,3.78,Sandy loam,Medium,Low,Low,60.0,52.0,60.0,130.4,0.0,120.0,325.0,0.0,0.0,Phosphorus,HIGH_EC_SALINITY;ACIDIC_PH;ELEVATED_SALINITY;HIGH_LEACHING_TEXTURE,"ICAR-IISS / Soil Health Card Portal (DAC&FW, GoI)",ICAR Soil Test Crop Response (STCR) Database & National Fertilizer Guidelines 2024-25
SOIL_REC_01704,Potato,3,30,60,6.7,2.1,0.42,73.6,7.0,51.8,5.2,1.42,7.14,Sandy loam,Low,Low,Low,75.0,52.0,60.0,118.9,113.0,120.0,0.0,0.0,0.0,Nitrogen,HIGH_EC_SALINITY;ELEVATED_SALINITY;HIGH_LEACHING_TEXTURE,"ICAR-IISS / Soil Health Card Portal (DAC&FW, GoI)",ICAR Soil Test Crop Response (STCR) Database & National Fertilizer Guidelines 2024-25
SOIL_REC_01705,Potato,1,0,15,8.42,1.55,0.63,404.5,20.7,165.8,24.7,1.33,6.04,Red soil,Medium,Medium,Medium,60.0,40.0,48.0,96.3,87.0,80.0,0.0,0.0,0.0,Nitrogen,ALKALINE_PH,"ICAR-IISS / Soil Health Card Portal (DAC&FW, GoI)",ICAR Soil Test Crop Response (STCR) Database & National Fertilizer Guidelines 2024-25
SOIL_REC_01706,Potato,2,15,30,7.2,0.68,0.57,237.9,6.4,293.7,25.0,1.8,9.8,Red soil,Low,Low,Medium,75.0,52.0,48.0,118.9,113.0,80.0,0.0,0.0,0.0,Nitrogen,NONE,"ICAR-IISS / Soil Health Card Portal (DAC&FW, GoI)",ICAR Soil Test Crop Response (STCR) Database & National Fertilizer Guidelines 2024-25
SOIL_REC_01707,Potato,3,30,60,6.17,0.92,0.22,290.6,16.6,191.6,27.9,1.12,3.54,Red soil,Medium,Medium,Medium,60.0,40.0,48.0,130.4,0.0,80.0,250.0,0.0,0.0,Nitrogen,NONE,"ICAR-IISS / Soil Health Card Portal (DAC&FW, GoI)",ICAR Soil Test Crop Response (STCR) Database & National Fertilizer Guidelines 2024-25
SOIL_REC_01708,Potato,1,0,15,6.64,2.47,1.06,556.0,30.0,424.3,6.6,1.45,8.61,Sandy loam,Medium,High,High,54.0,0.0,0.0,117.4,0.0,0.0,0.0,0.0,0.0,Nitrogen,ELEVATED_SALINITY;HIGH_LEACHING_TEXTURE,"ICAR-IISS / Soil Health Card Portal (DAC&FW, GoI)",ICAR Soil Test Crop Response (STCR) Database & National Fertilizer Guidelines 2024-25
SOIL_REC_01709,Potato,2,15,30,6.05,2.61,0.78,371.0,25.4,92.5,9.6,0.64,10.74,Sandy loam,Medium,High,Low,60.0,0.0,60.0,130.4,0.0,120.0,0.0,0.0,0.0,Potassium,HIGH_EC_SALINITY;ELEVATED_SALINITY;HIGH_LEACHING_TEXTURE,"ICAR-IISS / Soil Health Card Portal (DAC&FW, GoI)",ICAR Soil Test Crop Response (STCR) Database & National Fertilizer Guidelines 2024-25
SOIL_REC_01710,Potato,3,30,60,7.19,0.35,0.47,287.9,15.1,223.6,6.3,1.3,7.25,Sandy loam,Medium,Medium,Medium,60.0,40.0,48.0,96.3,87.0,80.0,0.0,0.0,0.0,Nitrogen,HIGH_LEACHING_TEXTURE,"ICAR-IISS / Soil Health Card Portal (DAC&FW, GoI)",ICAR Soil Test Crop Response (STCR) Database & National Fertilizer Guidelines 2024-25
SOIL_REC_01711,Onion,1,0,15,8.69,0.58,0.2,195.5,12.4,164.6,7.3,1.3,9.15,Alluvial,Low,Medium,Medium,50.0,20.0,32.0,108.7,0.0,53.3,125.0,0.0,0.0,Nitrogen,ALKALINE_PH,"ICAR-IISS / Soil Health Card Portal (DAC&FW, GoI)",ICAR Soil Test Crop Response (STCR) Database & National Fertilizer Guidelines 2024-25
SOIL_REC_01712,Onion,2,15,30,7.02,1.41,0.58,110.1,23.6,268.9,6.5,0.38,6.33,Alluvial,Low,Medium,Medium,50.0,20.0,32.0,108.7,0.0,53.3,125.0,0.0,0.0,Nitrogen,NONE,"ICAR-IISS / Soil Health Card Portal (DAC&FW, GoI)",ICAR Soil Test Crop Response (STCR) Database & National Fertilizer Guidelines 2024-25
SOIL_REC_01713,Onion,3,30,60,5.93,0.67,0.13,240.4,12.4,175.1,22.5,1.68,9.72,Alluvial,Low,Medium,Medium,50.0,20.0,32.0,108.7,0.0,53.3,125.0,0.0,0.0,Nitrogen,ACIDIC_PH,"ICAR-IISS / Soil Health Card Portal (DAC&FW, GoI)",ICAR Soil Test Crop Response (STCR) Database & National Fertilizer Guidelines 2024-25
SOIL_REC_01714,Onion,1,0,15,6.15,1.82,0.84,138.5,30.0,245.3,13.4,1.06,8.77,Loam,Low,High,Medium,46.0,0.0,32.0,100.0,0.0,53.3,0.0,0.0,0.0,Nitrogen,ELEVATED_SALINITY,"ICAR-IISS / Soil Health Card Portal (DAC&FW, GoI)",ICAR Soil Test Crop Response (STCR) Database & National Fertilizer Guidelines 2024-25
SOIL_REC_01715,Onion,2,15,30,7.0,2.48,0.69,381.2,7.8,273.9,11.9,0.36,5.2,Loam,Medium,Low,Medium,40.0,26.0,32.0,87.0,0.0,64.0,162.5,0.0,0.0,Phosphorus,HIGH_EC_SALINITY;ELEVATED_SALINITY,"ICAR-IISS / Soil Health Card Portal (DAC&FW, GoI)",ICAR Soil Test Crop Response (STCR) Database & National Fertilizer Guidelines 2024-25
SOIL_REC_01716,Onion,3,30,60,8.11,1.98,0.37,95.2,10.1,46.6,22.6,1.77,3.93,Loam,Low,Medium,Low,50.0,20.0,40.0,91.7,43.5,66.7,0.0,0.0,0.0,Nitrogen,ALKALINE_PH;ELEVATED_SALINITY,"ICAR-IISS / Soil Health Card Portal (DAC&FW, GoI)",ICAR Soil Test Crop Response (STCR) Database & National Fertilizer Guidelines 2024-25
SOIL_REC_01717,Onion,1,0,15,6.74,0.24,0.93,216.8,41.6,448.0,13.8,0.81,10.01,Clay loam,Low,High,High,46.0,0.0,0.0,100.0,0.0,0.0,0.0,0.0,0.0,Nitrogen,NONE,"ICAR-IISS / Soil Health Card Portal (DAC&FW, GoI)",ICAR Soil Test Crop Response (STCR) Database & National Fertilizer Guidelines 2024-25
SOIL_REC_01718,Onion,2,15,30,8.17,2.11,0.11,439.0,27.0,221.1,13.7,1.45,8.04,Clay loam,Medium,High,Medium,40.0,0.0,32.0,87.0,0.0,64.0,0.0,0.0,0.0,Nitrogen,HIGH_EC_SALINITY;ALKALINE_PH;ELEVATED_SALINITY,"ICAR-IISS / Soil Health Card Portal (DAC&FW, GoI)",ICAR Soil Test Crop Response (STCR) Database & National Fertilizer Guidelines 2024-25
SOIL_REC_01719,Onion,3,30,60,8.22,2.22,0.18,173.4,6.0,79.3,30.2,1.08,7.63,Clay loam,Low,Low,Low,50.0,26.0,40.0,86.5,56.5,80.0,0.0,0.0,0.0,Nitrogen,HIGH_EC_SALINITY;ALKALINE_PH;ELEVATED_SALINITY,"ICAR-IISS / Soil Health Card Portal (DAC&FW, GoI)",ICAR Soil Test Crop Response (STCR) Database & National Fertilizer Guidelines 2024-25
SOIL_REC_01720,Onion,1,0,15,6.51,2.6,0.35,133.5,45.5,409.7,25.8,0.24,11.91,Black soil,Low,High,High,50.0,0.0,0.0,108.7,0.0,0.0,0.0,0.0,0.0,Nitrogen,ELEVATED_SALINITY,"ICAR-IISS / Soil Health Card Portal (DAC&FW, GoI)",ICAR Soil Test Crop Response (STCR) Database & National Fertilizer Guidelines 2024-25
SOIL_REC_01721,Onion,2,15,30,8.57,1.3,0.37,150.7,11.8,201.1,5.7,1.16,3.08,Black soil,Low,Medium,Medium,50.0,20.0,32.0,108.7,0.0,53.3,125.0,0.0,0.0,Nitrogen,ALKALINE_PH,"ICAR-IISS / Soil Health Card Portal (DAC&FW, GoI)",ICAR Soil Test Crop Response (STCR) Database & National Fertilizer Guidelines 2024-25
SOIL_REC_01722,Onion,3,30,60,7.87,2.71,0.28,275.5,3.5,86.1,7.5,0.65,8.68,Black soil,Low,Low,Low,50.0,26.0,40.0,108.7,0.0,80.0,162.5,0.0,0.0,Nitrogen,HIGH_EC_SALINITY;ELEVATED_SALINITY,"ICAR-IISS / Soil Health Card Portal (DAC&FW, GoI)",ICAR Soil Test Crop Response (STCR) Database & National Fertilizer Guidelines 2024-25
SOIL_REC_01723,Onion,1,0,15,6.63,0.88,0.97,533.9,34.7,321.1,10.2,1.34,5.21,Sandy loam,Medium,High,Medium,36.0,0.0,32.0,78.3,0.0,53.3,0.0,0.0,0.0,Nitrogen,HIGH_LEACHING_TEXTURE,"ICAR-IISS / Soil Health Card Portal (DAC&FW, GoI)",ICAR Soil Test Crop Response (STCR) Database & National Fertilizer Guidelines 2024-25
SOIL_REC_01724,Onion,2,15,30,6.32,0.52,0.55,430.5,17.3,201.5,29.6,1.22,6.0,Sandy loam,Medium,Medium,Medium,40.0,20.0,32.0,70.0,43.5,53.3,0.0,0.0,0.0,Nitrogen,HIGH_LEACHING_TEXTURE,"ICAR-IISS / Soil Health Card Portal (DAC&FW, GoI)",ICAR Soil Test Crop Response (STCR) Database & National Fertilizer Guidelines 2024-25
SOIL_REC_01725,Onion,3,30,60,8.45,1.0,0.11,170.7,17.2,224.6,14.4,0.88,4.14,Sandy loam,Low,Medium,Medium,50.0,20.0,32.0,91.7,43.5,53.3,0.0,0.0,0.0,Nitrogen,ALKALINE_PH;HIGH_LEACHING_TEXTURE,"ICAR-IISS / Soil Health Card Portal (DAC&FW, GoI)",ICAR Soil Test Crop Response (STCR) Database & National Fertilizer Guidelines 2024-25
SOIL_REC_01726,Onion,1,0,15,6.33,2.39,0.28,525.0,25.4,91.0,5.2,0.3,3.63,Loam,Medium,High,Low,40.0,0.0,40.0,87.0,0.0,80.0,0.0,0.0,40.0,Potassium,HIGH_EC_SALINITY;ELEVATED_SALINITY,"ICAR-IISS / Soil Health Card Portal (DAC&FW, GoI)",ICAR Soil Test Crop Response (STCR) Database & National Fertilizer Guidelines 2024-25
SOIL_REC_01727,Onion,2,15,30,8.09,0.52,0.26,392.3,27.7,178.9,10.4,0.92,5.12,Loam,Medium,High,Medium,40.0,0.0,32.0,87.0,0.0,53.3,0.0,0.0,0.0,Nitrogen,ALKALINE_PH,"ICAR-IISS / Soil Health Card Portal (DAC&FW, GoI)",ICAR Soil Test Crop Response (STCR) Database & National Fertilizer Guidelines 2024-25
SOIL_REC_01728,Onion,3,30,60,8.61,1.47,0.28,70.7,3.3,62.5,24.3,0.79,3.52,Loam,Low,Low,Low,50.0,26.0,40.0,86.5,56.5,66.7,0.0,0.0,0.0,Nitrogen,ALKALINE_PH,"ICAR-IISS / Soil Health Card Portal (DAC&FW, GoI)",ICAR Soil Test Crop Response (STCR) Database & National Fertilizer Guidelines 2024-25
SOIL_REC_01729,Onion,1,0,15,5.6,2.07,1.08,472.2,25.5,160.4,5.2,0.92,4.84,Alluvial,Medium,High,Medium,36.0,0.0,32.0,78.3,0.0,64.0,0.0,0.0,40.0,Nitrogen,HIGH_EC_SALINITY;ACIDIC_PH;ELEVATED_SALINITY,"ICAR-IISS / Soil Health Card Portal (DAC&FW, GoI)",ICAR Soil Test Crop Response (STCR) Database & National Fertilizer Guidelines 2024-25
SOIL_REC_01730,Onion,2,15,30,7.02,0.8,0.17,107.9,31.9,165.0,18.9,0.64,5.35,Alluvial,Low,High,Medium,50.0,0.0,32.0,108.7,0.0,53.3,0.0,0.0,0.0,Nitrogen,NONE,"ICAR-IISS / Soil Health Card Portal (DAC&FW, GoI)",ICAR Soil Test Crop Response (STCR) Database & National Fertilizer Guidelines 2024-25
SOIL_REC_01731,Onion,3,30,60,8.14,0.65,0.41,66.2,14.9,77.7,18.9,1.04,5.88,Alluvial,Low,Medium,Low,50.0,20.0,40.0,91.7,43.5,66.7,0.0,0.0,0.0,Nitrogen,ALKALINE_PH,"ICAR-IISS / Soil Health Card Portal (DAC&FW, GoI)",ICAR Soil Test Crop Response (STCR) Database & National Fertilizer Guidelines 2024-25
SOIL_REC_01732,Onion,1,0,15,7.82,1.75,0.62,222.3,29.6,210.2,32.0,1.49,9.88,Black soil,Low,High,Medium,50.0,0.0,32.0,108.7,0.0,53.3,0.0,0.0,0.0,Nitrogen,NONE,"ICAR-IISS / Soil Health Card Portal (DAC&FW, GoI)",ICAR Soil Test Crop Response (STCR) Database & National Fertilizer Guidelines 2024-25
SOIL_REC_01733,Onion,2,15,30,7.5,0.61,0.69,442.0,33.5,293.8,28.9,0.9,3.91,Black soil,Medium,High,Medium,40.0,0.0,32.0,87.0,0.0,53.3,0.0,0.0,0.0,Nitrogen,NONE,"ICAR-IISS / Soil Health Card Portal (DAC&FW, GoI)",ICAR Soil Test Crop Response (STCR) Database & National Fertilizer Guidelines 2024-25
SOIL_REC_01734,Onion,3,30,60,6.67,0.37,0.19,94.6,20.9,48.4,5.6,0.63,6.44,Black soil,Low,Medium,Low,50.0,20.0,40.0,108.7,0.0,66.7,125.0,0.0,0.0,Nitrogen,NONE,"ICAR-IISS / Soil Health Card Portal (DAC&FW, GoI)",ICAR Soil Test Crop Response (STCR) Database & National Fertilizer Guidelines 2024-25
SOIL_REC_01735,Onion,1,0,15,6.52,1.06,0.71,497.5,39.4,108.2,20.5,1.27,3.68,Sandy loam,Medium,High,Low,40.0,0.0,40.0,87.0,0.0,66.7,0.0,0.0,0.0,Potassium,HIGH_LEACHING_TEXTURE,"ICAR-IISS / Soil Health Card Portal (DAC&FW, GoI)",ICAR Soil Test Crop Response (STCR) Database & National Fertilizer Guidelines 2024-25
SOIL_REC_01736,Onion,2,15,30,6.33,0.25,0.58,309.6,21.6,321.7,5.9,1.34,9.69,Sandy loam,Medium,Medium,Medium,40.0,20.0,32.0,87.0,0.0,53.3,125.0,0.0,0.0,Nitrogen,HIGH_LEACHING_TEXTURE,"ICAR-IISS / Soil Health Card Portal (DAC&FW, GoI)",ICAR Soil Test Crop Response (STCR) Database & National Fertilizer Guidelines 2024-25
SOIL_REC_01737,Onion,3,30,60,8.33,1.84,0.2,60.8,8.2,224.5,5.8,1.46,2.9,Sandy loam,Low,Low,Medium,50.0,26.0,32.0,108.7,0.0,53.3,162.5,0.0,0.0,Nitrogen,ALKALINE_PH;ELEVATED_SALINITY;HIGH_LEACHING_TEXTURE,"ICAR-IISS / Soil Health Card Portal (DAC&FW, GoI)",ICAR Soil Test Crop Response (STCR) Database & National Fertilizer Guidelines 2024-25
SOIL_REC_01738,Onion,1,0,15,7.51,0.3,0.71,443.3,31.1,268.9,29.6,1.45,7.53,Alluvial,Medium,High,Medium,40.0,0.0,32.0,87.0,0.0,53.3,0.0,0.0,0.0,Nitrogen,NONE,"ICAR-IISS / Soil Health Card Portal (DAC&FW, GoI)",ICAR Soil Test Crop Response (STCR) Database & National Fertilizer Guidelines 2024-25
SOIL_REC_01739,Onion,2,15,30,7.13,0.78,0.16,263.7,18.3,100.0,15.6,1.16,9.62,Alluvial,Low,Medium,Low,50.0,20.0,40.0,91.7,43.5,66.7,0.0,0.0,0.0,Nitrogen,NONE,"ICAR-IISS / Soil Health Card Portal (DAC&FW, GoI)",ICAR Soil Test Crop Response (STCR) Database & National Fertilizer Guidelines 2024-25
SOIL_REC_01740,Onion,3,30,60,5.84,2.56,0.53,97.1,13.2,216.5,17.6,1.11,4.86,Alluvial,Low,Medium,Medium,50.0,20.0,32.0,108.7,0.0,64.0,125.0,0.0,0.0,Nitrogen,HIGH_EC_SALINITY;ACIDIC_PH;ELEVATED_SALINITY,"ICAR-IISS / Soil Health Card Portal (DAC&FW, GoI)",ICAR Soil Test Crop Response (STCR) Database & National Fertilizer Guidelines 2024-25
SOIL_REC_01741,Onion,1,0,15,8.02,1.34,0.35,464.4,27.6,302.8,12.1,1.11,3.58,Loam,Medium,High,Medium,40.0,0.0,32.0,87.0,0.0,53.3,0.0,0.0,0.0,Nitrogen,ALKALINE_PH,"ICAR-IISS / Soil Health Card Portal (DAC&FW, GoI)",ICAR Soil Test Crop Response (STCR) Database & National Fertilizer Guidelines 2024-25
SOIL_REC_01742,Onion,2,15,30,7.51,2.3,0.16,398.5,12.8,306.0,27.7,1.73,3.83,Loam,Medium,Medium,Medium,40.0,20.0,32.0,70.0,43.5,64.0,0.0,0.0,0.0,Nitrogen,HIGH_EC_SALINITY;ELEVATED_SALINITY,"ICAR-IISS / Soil Health Card Portal (DAC&FW, GoI)",ICAR Soil Test Crop Response (STCR) Database & National Fertilizer Guidelines 2024-25
SOIL_REC_01743,Onion,3,30,60,6.21,0.33,0.29,286.0,20.7,64.0,15.5,1.55,8.78,Loam,Medium,Medium,Low,40.0,20.0,40.0,70.0,43.5,66.7,0.0,0.0,0.0,Potassium,NONE,"ICAR-IISS / Soil Health Card Portal (DAC&FW, GoI)",ICAR Soil Test Crop Response (STCR) Database & National Fertilizer Guidelines 2024-25
SOIL_REC_01744,Onion,1,0,15,5.59,2.29,0.75,167.5,45.1,427.1,30.4,1.48,4.73,Red soil,Low,High,High,50.0,0.0,0.0,108.7,0.0,0.0,0.0,0.0,0.0,Nitrogen,ACIDIC_PH;ELEVATED_SALINITY,"ICAR-IISS / Soil Health Card Portal (DAC&FW, GoI)",ICAR Soil Test Crop Response (STCR) Database & National Fertilizer Guidelines 2024-25
SOIL_REC_01745,Onion,2,15,30,7.76,2.15,0.52,313.3,32.4,278.1,16.6,0.43,3.56,Red soil,Medium,High,Medium,40.0,0.0,32.0,87.0,0.0,64.0,0.0,0.0,0.0,Nitrogen,HIGH_EC_SALINITY;ELEVATED_SALINITY,"ICAR-IISS / Soil Health Card Portal (DAC&FW, GoI)",ICAR Soil Test Crop Response (STCR) Database & National Fertilizer Guidelines 2024-25
SOIL_REC_01746,Onion,3,30,60,8.72,2.7,0.42,194.4,16.1,218.6,30.0,1.01,10.25,Red soil,Low,Medium,Medium,50.0,20.0,32.0,91.7,43.5,64.0,0.0,0.0,0.0,Nitrogen,HIGH_EC_SALINITY;ALKALINE_PH;ELEVATED_SALINITY,"ICAR-IISS / Soil Health Card Portal (DAC&FW, GoI)",ICAR Soil Test Crop Response (STCR) Database & National Fertilizer Guidelines 2024-25
SOIL_REC_01747,Onion,1,0,15,8.7,2.61,1.0,272.1,11.8,362.8,16.6,1.61,5.88,Sandy loam,Low,Medium,High,46.0,20.0,0.0,83.0,43.5,0.0,0.0,0.0,0.0,Nitrogen,ALKALINE_PH;ELEVATED_SALINITY;HIGH_LEACHING_TEXTURE,"ICAR-IISS / Soil Health Card Portal (DAC&FW, GoI)",ICAR Soil Test Crop Response (STCR) Database & National Fertilizer Guidelines 2024-25
SOIL_REC_01748,Onion,2,15,30,7.19,2.61,0.52,255.1,20.5,185.7,4.3,0.48,10.21,Sandy loam,Low,Medium,Medium,50.0,20.0,32.0,108.7,0.0,64.0,125.0,0.0,0.0,Nitrogen,HIGH_EC_SALINITY;ELEVATED_SALINITY;HIGH_LEACHING_TEXTURE,"ICAR-IISS / Soil Health Card Portal (DAC&FW, GoI)",ICAR Soil Test Crop Response (STCR) Database & National Fertilizer Guidelines 2024-25
SOIL_REC_01749,Onion,3,30,60,6.36,0.32,0.3,178.3,5.0,196.7,27.6,0.81,3.31,Sandy loam,Low,Low,Medium,50.0,26.0,32.0,86.5,56.5,53.3,0.0,0.0,0.0,Nitrogen,HIGH_LEACHING_TEXTURE,"ICAR-IISS / Soil Health Card Portal (DAC&FW, GoI)",ICAR Soil Test Crop Response (STCR) Database & National Fertilizer Guidelines 2024-25
SOIL_REC_01750,Onion,1,0,15,6.83,2.19,0.78,587.1,27.5,269.9,26.9,0.63,4.07,Alluvial,High,High,Medium,16.0,0.0,32.0,34.8,0.0,64.0,0.0,0.0,0.0,Nitrogen,HIGH_EC_SALINITY;ELEVATED_SALINITY,"ICAR-IISS / Soil Health Card Portal (DAC&FW, GoI)",ICAR Soil Test Crop Response (STCR) Database & National Fertilizer Guidelines 2024-25
SOIL_REC_01751,Onion,2,15,30,7.71,1.66,0.47,263.8,28.2,223.7,32.0,1.69,7.03,Alluvial,Low,High,Medium,50.0,0.0,32.0,108.7,0.0,53.3,0.0,0.0,0.0,Nitrogen,NONE,"ICAR-IISS / Soil Health Card Portal (DAC&FW, GoI)",ICAR Soil Test Crop Response (STCR) Database & National Fertilizer Guidelines 2024-25
SOIL_REC_01752,Onion,3,30,60,7.6,0.89,0.35,117.3,5.5,207.8,6.5,1.13,3.57,Alluvial,Low,Low,Medium,50.0,26.0,32.0,108.7,0.0,53.3,162.5,0.0,0.0,Nitrogen,NONE,"ICAR-IISS / Soil Health Card Portal (DAC&FW, GoI)",ICAR Soil Test Crop Response (STCR) Database & National Fertilizer Guidelines 2024-25
SOIL_REC_01753,Onion,1,0,15,5.65,2.54,0.76,208.5,17.9,411.8,23.3,1.09,5.67,Black soil,Low,Medium,High,50.0,20.0,0.0,108.7,0.0,0.0,125.0,0.0,0.0,Nitrogen,ACIDIC_PH;ELEVATED_SALINITY,"ICAR-IISS / Soil Health Card Portal (DAC&FW, GoI)",ICAR Soil Test Crop Response (STCR) Database & National Fertilizer Guidelines 2024-25
SOIL_REC_01754,Onion,2,15,30,6.75,0.48,0.78,307.9,31.6,245.3,22.0,0.49,8.58,Black soil,Medium,High,Medium,40.0,0.0,32.0,87.0,0.0,53.3,0.0,0.0,0.0,Nitrogen,NONE,"ICAR-IISS / Soil Health Card Portal (DAC&FW, GoI)",ICAR Soil Test Crop Response (STCR) Database & National Fertilizer Guidelines 2024-25
SOIL_REC_01755,Onion,3,30,60,8.42,2.61,0.41,130.8,15.8,114.1,11.0,0.62,8.31,Black soil,Low,Medium,Low,50.0,20.0,40.0,108.7,0.0,80.0,125.0,0.0,0.0,Nitrogen,HIGH_EC_SALINITY;ALKALINE_PH;ELEVATED_SALINITY,"ICAR-IISS / Soil Health Card Portal (DAC&FW, GoI)",ICAR Soil Test Crop Response (STCR) Database & National Fertilizer Guidelines 2024-25
SOIL_REC_01756,Onion,1,0,15,6.38,1.53,0.29,342.0,12.4,211.7,14.8,0.46,11.37,Sandy loam,Medium,Medium,Medium,40.0,20.0,32.0,70.0,43.5,53.3,0.0,0.0,0.0,Nitrogen,HIGH_LEACHING_TEXTURE,"ICAR-IISS / Soil Health Card Portal (DAC&FW, GoI)",ICAR Soil Test Crop Response (STCR) Database & National Fertilizer Guidelines 2024-25
SOIL_REC_01757,Onion,2,15,30,7.41,0.83,0.56,193.2,21.7,67.6,31.1,1.74,9.9,Sandy loam,Low,Medium,Low,50.0,20.0,40.0,91.7,43.5,66.7,0.0,0.0,0.0,Nitrogen,HIGH_LEACHING_TEXTURE,"ICAR-IISS / Soil Health Card Portal (DAC&FW, GoI)",ICAR Soil Test Crop Response (STCR) Database & National Fertilizer Guidelines 2024-25
SOIL_REC_01758,Onion,3,30,60,6.38,1.24,0.41,117.0,3.9,123.5,31.6,0.83,3.94,Sandy loam,Low,Low,Low,50.0,26.0,40.0,86.5,56.5,66.7,0.0,0.0,0.0,Nitrogen,HIGH_LEACHING_TEXTURE,"ICAR-IISS / Soil Health Card Portal (DAC&FW, GoI)",ICAR Soil Test Crop Response (STCR) Database & National Fertilizer Guidelines 2024-25
SOIL_REC_01759,Onion,1,0,15,6.97,1.7,0.55,431.6,8.7,198.0,10.0,1.53,8.07,Alluvial,Medium,Low,Medium,40.0,26.0,32.0,87.0,0.0,53.3,162.5,0.0,0.0,Phosphorus,NONE,"ICAR-IISS / Soil Health Card Portal (DAC&FW, GoI)",ICAR Soil Test Crop Response (STCR) Database & National Fertilizer Guidelines 2024-25
SOIL_REC_01760,Onion,2,15,30,8.0,2.08,0.37,373.3,23.4,287.5,32.0,1.6,9.29,Alluvial,Medium,Medium,Medium,40.0,20.0,32.0,70.0,43.5,64.0,0.0,0.0,0.0,Nitrogen,HIGH_EC_SALINITY;ELEVATED_SALINITY,"ICAR-IISS / Soil Health Card Portal (DAC&FW, GoI)",ICAR Soil Test Crop Response (STCR) Database & National Fertilizer Guidelines 2024-25
SOIL_REC_01761,Onion,3,30,60,5.86,0.75,0.42,283.6,10.2,221.6,5.2,0.61,7.78,Alluvial,Medium,Medium,Medium,40.0,20.0,32.0,87.0,0.0,53.3,125.0,0.0,0.0,Nitrogen,ACIDIC_PH,"ICAR-IISS / Soil Health Card Portal (DAC&FW, GoI)",ICAR Soil Test Crop Response (STCR) Database & National Fertilizer Guidelines 2024-25
SOIL_REC_01762,Onion,1,0,15,6.82,2.23,0.82,575.0,21.1,434.2,25.0,0.99,4.99,Sandy loam,High,Medium,High,12.0,20.0,0.0,9.1,43.5,0.0,0.0,0.0,0.0,Nitrogen,ELEVATED_SALINITY;HIGH_LEACHING_TEXTURE,"ICAR-IISS / Soil Health Card Portal (DAC&FW, GoI)",ICAR Soil Test Crop Response (STCR) Database & National Fertilizer Guidelines 2024-25
SOIL_REC_01763,Onion,2,15,30,7.53,1.32,0.58,417.4,26.5,141.4,26.1,0.87,10.53,Sandy loam,Medium,High,Low,40.0,0.0,40.0,87.0,0.0,66.7,0.0,0.0,0.0,Potassium,HIGH_LEACHING_TEXTURE,"ICAR-IISS / Soil Health Card Portal (DAC&FW, GoI)",ICAR Soil Test Crop Response (STCR) Database & National Fertilizer Guidelines 2024-25
SOIL_REC_01764,Onion,3,30,60,7.05,2.12,0.5,292.8,4.4,137.8,23.6,1.15,7.95,Sandy loam,Medium,Low,Low,40.0,26.0,40.0,64.8,56.5,80.0,0.0,0.0,0.0,Phosphorus,HIGH_EC_SALINITY;ELEVATED_SALINITY;HIGH_LEACHING_TEXTURE,"ICAR-IISS / Soil Health Card Portal (DAC&FW, GoI)",ICAR Soil Test Crop Response (STCR) Database & National Fertilizer Guidelines 2024-25
SOIL_REC_01765,Onion,1,0,15,7.58,1.62,1.06,484.7,42.4,256.2,19.4,0.36,3.26,Alluvial,Medium,High,Medium,36.0,0.0,32.0,78.3,0.0,53.3,0.0,0.0,0.0,Nitrogen,NONE,"ICAR-IISS / Soil Health Card Portal (DAC&FW, GoI)",ICAR Soil Test Crop Response (STCR) Database & National Fertilizer Guidelines 2024-25
SOIL_REC_01766,Onion,2,15,30,6.39,1.54,0.82,385.2,31.0,235.6,29.7,1.2,11.5,Alluvial,Medium,High,Medium,36.0,0.0,32.0,78.3,0.0,53.3,0.0,0.0,0.0,Nitrogen,NONE,"ICAR-IISS / Soil Health Card Portal (DAC&FW, GoI)",ICAR Soil Test Crop Response (STCR) Database & National Fertilizer Guidelines 2024-25
SOIL_REC_01767,Onion,3,30,60,7.3,1.8,0.33,261.2,8.2,220.5,15.1,1.19,6.68,Alluvial,Low,Low,Medium,50.0,26.0,32.0,86.5,56.5,53.3,0.0,0.0,0.0,Nitrogen,NONE,"ICAR-IISS / Soil Health Card Portal (DAC&FW, GoI)",ICAR Soil Test Crop Response (STCR) Database & National Fertilizer Guidelines 2024-25
SOIL_REC_01768,Onion,1,0,15,6.76,1.01,1.0,165.1,20.3,184.0,12.8,1.26,3.55,Alluvial,Low,Medium,Medium,46.0,20.0,32.0,83.0,43.5,53.3,0.0,0.0,0.0,Nitrogen,NONE,"ICAR-IISS / Soil Health Card Portal (DAC&FW, GoI)",ICAR Soil Test Crop Response (STCR) Database & National Fertilizer Guidelines 2024-25
SOIL_REC_01769,Onion,2,15,30,7.53,2.08,0.6,112.0,26.2,196.5,14.1,1.32,6.12,Alluvial,Low,High,Medium,50.0,0.0,32.0,108.7,0.0,64.0,0.0,0.0,0.0,Nitrogen,HIGH_EC_SALINITY;ELEVATED_SALINITY,"ICAR-IISS / Soil Health Card Portal (DAC&FW, GoI)",ICAR Soil Test Crop Response (STCR) Database & National Fertilizer Guidelines 2024-25
SOIL_REC_01770,Onion,3,30,60,7.79,1.11,0.11,79.7,17.3,56.1,27.3,1.06,9.83,Alluvial,Low,Medium,Low,50.0,20.0,40.0,91.7,43.5,66.7,0.0,0.0,0.0,Nitrogen,NONE,"ICAR-IISS / Soil Health Card Portal (DAC&FW, GoI)",ICAR Soil Test Crop Response (STCR) Database & National Fertilizer Guidelines 2024-25
SOIL_REC_01771,Onion,1,0,15,6.18,1.02,0.54,474.7,11.3,275.3,11.3,0.8,3.03,Black soil,Medium,Medium,Medium,40.0,20.0,32.0,87.0,0.0,53.3,125.0,0.0,0.0,Nitrogen,NONE,"ICAR-IISS / Soil Health Card Portal (DAC&FW, GoI)",ICAR Soil Test Crop Response (STCR) Database & National Fertilizer Guidelines 2024-25
SOIL_REC_01772,Onion,2,15,30,7.1,0.33,0.54,334.2,14.0,104.2,18.8,1.13,4.2,Black soil,Medium,Medium,Low,40.0,20.0,40.0,70.0,43.5,66.7,0.0,0.0,0.0,Potassium,NONE,"ICAR-IISS / Soil Health Card Portal (DAC&FW, GoI)",ICAR Soil Test Crop Response (STCR) Database & National Fertilizer Guidelines 2024-25
SOIL_REC_01773,Onion,3,30,60,6.47,1.18,0.25,276.3,19.5,178.3,19.6,0.9,7.23,Black soil,Low,Medium,Medium,50.0,20.0,32.0,91.7,43.5,53.3,0.0,0.0,0.0,Nitrogen,NONE,"ICAR-IISS / Soil Health Card Portal (DAC&FW, GoI)",ICAR Soil Test Crop Response (STCR) Database & National Fertilizer Guidelines 2024-25
SOIL_REC_01774,Onion,1,0,15,6.58,1.33,0.3,530.1,45.1,203.3,28.2,0.98,6.71,Sandy loam,Medium,High,Medium,40.0,0.0,32.0,87.0,0.0,53.3,0.0,0.0,0.0,Nitrogen,HIGH_LEACHING_TEXTURE,"ICAR-IISS / Soil Health Card Portal (DAC&FW, GoI)",ICAR Soil Test Crop Response (STCR) Database & National Fertilizer Guidelines 2024-25
SOIL_REC_01775,Onion,2,15,30,7.27,0.28,0.43,447.4,28.7,328.0,9.4,1.01,8.28,Sandy loam,Medium,High,Medium,40.0,0.0,32.0,87.0,0.0,53.3,0.0,0.0,40.0,Nitrogen,HIGH_LEACHING_TEXTURE,"ICAR-IISS / Soil Health Card Portal (DAC&FW, GoI)",ICAR Soil Test Crop Response (STCR) Database & National Fertilizer Guidelines 2024-25
SOIL_REC_01776,Onion,3,30,60,6.9,0.83,0.45,124.5,11.5,113.6,7.7,1.21,9.82,Sandy loam,Low,Medium,Low,50.0,20.0,40.0,108.7,0.0,66.7,125.0,0.0,0.0,Nitrogen,HIGH_LEACHING_TEXTURE,"ICAR-IISS / Soil Health Card Portal (DAC&FW, GoI)",ICAR Soil Test Crop Response (STCR) Database & National Fertilizer Guidelines 2024-25
SOIL_REC_01777,Onion,1,0,15,7.81,0.34,0.53,287.0,31.5,172.4,5.5,1.31,8.92,Clay loam,Medium,High,Medium,40.0,0.0,32.0,87.0,0.0,53.3,0.0,0.0,40.0,Nitrogen,NONE,"ICAR-IISS / Soil Health Card Portal (DAC&FW, GoI)",ICAR Soil Test Crop Response (STCR) Database & National Fertilizer Guidelines 2024-25
SOIL_REC_01778,Onion,2,15,30,6.03,0.69,0.24,200.3,34.8,283.0,16.0,1.61,9.09,Clay loam,Low,High,Medium,50.0,0.0,32.0,108.7,0.0,53.3,0.0,0.0,0.0,Nitrogen,NONE,"ICAR-IISS / Soil Health Card Portal (DAC&FW, GoI)",ICAR Soil Test Crop Response (STCR) Database & National Fertilizer Guidelines 2024-25
SOIL_REC_01779,Onion,3,30,60,7.06,1.24,0.44,213.3,11.2,63.7,9.0,1.33,3.45,Clay loam,Low,Medium,Low,50.0,20.0,40.0,108.7,0.0,66.7,125.0,0.0,0.0,Nitrogen,NONE,"ICAR-IISS / Soil Health Card Portal (DAC&FW, GoI)",ICAR Soil Test Crop Response (STCR) Database & National Fertilizer Guidelines 2024-25
SOIL_REC_01780,Onion,1,0,15,8.51,2.41,0.92,245.6,39.5,320.2,31.8,0.21,11.09,Clay loam,Low,High,Medium,46.0,0.0,32.0,100.0,0.0,64.0,0.0,0.0,0.0,Nitrogen,HIGH_EC_SALINITY;ALKALINE_PH;ELEVATED_SALINITY,"ICAR-IISS / Soil Health Card Portal (DAC&FW, GoI)",ICAR Soil Test Crop Response (STCR) Database & National Fertilizer Guidelines 2024-25
SOIL_REC_01781,Onion,2,15,30,7.27,0.48,0.53,458.2,19.7,201.0,19.6,0.51,3.25,Clay loam,Medium,Medium,Medium,40.0,20.0,32.0,70.0,43.5,53.3,0.0,0.0,0.0,Nitrogen,NONE,"ICAR-IISS / Soil Health Card Portal (DAC&FW, GoI)",ICAR Soil Test Crop Response (STCR) Database & National Fertilizer Guidelines 2024-25
SOIL_REC_01782,Onion,3,30,60,7.41,2.49,0.25,292.7,21.8,212.6,11.6,0.42,9.32,Clay loam,Medium,Medium,Medium,40.0,20.0,32.0,87.0,0.0,64.0,125.0,0.0,0.0,Nitrogen,HIGH_EC_SALINITY;ELEVATED_SALINITY,"ICAR-IISS / Soil Health Card Portal (DAC&FW, GoI)",ICAR Soil Test Crop Response (STCR) Database & National Fertilizer Guidelines 2024-25
SOIL_REC_01783,Onion,1,0,15,8.31,1.86,0.55,193.6,10.7,149.3,9.7,0.6,9.49,Clay loam,Low,Medium,Medium,50.0,20.0,32.0,108.7,0.0,53.3,125.0,0.0,0.0,Nitrogen,ALKALINE_PH;ELEVATED_SALINITY,"ICAR-IISS / Soil Health Card Portal (DAC&FW, GoI)",ICAR Soil Test Crop Response (STCR) Database & National Fertilizer Guidelines 2024-25
SOIL_REC_01784,Onion,2,15,30,8.42,1.09,0.42,351.2,27.5,301.4,18.9,0.94,5.83,Clay loam,Medium,High,Medium,40.0,0.0,32.0,87.0,0.0,53.3,0.0,0.0,0.0,Nitrogen,ALKALINE_PH,"ICAR-IISS / Soil Health Card Portal (DAC&FW, GoI)",ICAR Soil Test Crop Response (STCR) Database & National Fertilizer Guidelines 2024-25
SOIL_REC_01785,Onion,3,30,60,8.2,0.64,0.54,297.0,6.7,68.0,22.8,1.31,4.71,Clay loam,Medium,Low,Low,40.0,26.0,40.0,64.8,56.5,66.7,0.0,0.0,0.0,Phosphorus,ALKALINE_PH,"ICAR-IISS / Soil Health Card Portal (DAC&FW, GoI)",ICAR Soil Test Crop Response (STCR) Database & National Fertilizer Guidelines 2024-25
SOIL_REC_01786,Onion,1,0,15,8.4,1.14,0.86,595.0,8.0,333.3,16.0,0.69,5.99,Clay loam,High,Low,Medium,12.0,26.0,32.0,3.9,56.5,53.3,0.0,0.0,0.0,Phosphorus,ALKALINE_PH,"ICAR-IISS / Soil Health Card Portal (DAC&FW, GoI)",ICAR Soil Test Crop Response (STCR) Database & National Fertilizer Guidelines 2024-25
SOIL_REC_01787,Onion,2,15,30,7.65,1.08,0.22,163.8,32.2,97.6,30.4,0.45,9.27,Clay loam,Low,High,Low,50.0,0.0,40.0,108.7,0.0,66.7,0.0,0.0,0.0,Nitrogen,NONE,"ICAR-IISS / Soil Health Card Portal (DAC&FW, GoI)",ICAR Soil Test Crop Response (STCR) Database & National Fertilizer Guidelines 2024-25
SOIL_REC_01788,Onion,3,30,60,6.98,2.2,0.37,244.1,23.5,167.8,21.4,1.5,3.31,Clay loam,Low,Medium,Medium,50.0,20.0,32.0,91.7,43.5,64.0,0.0,0.0,0.0,Nitrogen,HIGH_EC_SALINITY;ELEVATED_SALINITY,"ICAR-IISS / Soil Health Card Portal (DAC&FW, GoI)",ICAR Soil Test Crop Response (STCR) Database & National Fertilizer Guidelines 2024-25
SOIL_REC_01789,Onion,1,0,15,8.47,1.24,0.35,452.2,33.1,334.3,8.7,0.47,4.32,Black soil,Medium,High,Medium,40.0,0.0,32.0,87.0,0.0,53.3,0.0,0.0,40.0,Nitrogen,ALKALINE_PH,"ICAR-IISS / Soil Health Card Portal (DAC&FW, GoI)",ICAR Soil Test Crop Response (STCR) Database & National Fertilizer Guidelines 2024-25
SOIL_REC_01790,Onion,2,15,30,8.25,1.6,0.6,397.4,32.8,163.0,4.4,1.07,10.11,Black soil,Medium,High,Medium,40.0,0.0,32.0,87.0,0.0,53.3,0.0,0.0,40.0,Nitrogen,ALKALINE_PH,"ICAR-IISS / Soil Health Card Portal (DAC&FW, GoI)",ICAR Soil Test Crop Response (STCR) Database & National Fertilizer Guidelines 2024-25
SOIL_REC_01791,Onion,3,30,60,5.72,2.24,0.53,266.7,8.4,173.7,9.4,0.82,11.95,Black soil,Low,Low,Medium,50.0,26.0,32.0,108.7,0.0,64.0,162.5,0.0,0.0,Nitrogen,HIGH_EC_SALINITY;ACIDIC_PH;ELEVATED_SALINITY,"ICAR-IISS / Soil Health Card Portal (DAC&FW, GoI)",ICAR Soil Test Crop Response (STCR) Database & National Fertilizer Guidelines 2024-25
SOIL_REC_01792,Onion,1,0,15,6.57,1.62,0.94,253.4,43.5,209.2,10.4,0.69,2.84,Loam,Low,High,Medium,46.0,0.0,32.0,100.0,0.0,53.3,0.0,0.0,0.0,Nitrogen,NONE,"ICAR-IISS / Soil Health Card Portal (DAC&FW, GoI)",ICAR Soil Test Crop Response (STCR) Database & National Fertilizer Guidelines 2024-25
SOIL_REC_01793,Onion,2,15,30,8.54,2.02,0.56,128.9,6.7,303.1,16.3,1.01,7.38,Loam,Low,Low,Medium,50.0,26.0,32.0,86.5,56.5,64.0,0.0,0.0,0.0,Nitrogen,HIGH_EC_SALINITY;ALKALINE_PH;ELEVATED_SALINITY,"ICAR-IISS / Soil Health Card Portal (DAC&FW, GoI)",ICAR Soil Test Crop Response (STCR) Database & National Fertilizer Guidelines 2024-25
SOIL_REC_01794,Onion,3,30,60,5.72,1.3,0.54,129.7,8.3,165.6,14.1,0.62,3.01,Loam,Low,Low,Medium,50.0,26.0,32.0,108.7,0.0,53.3,162.5,0.0,0.0,Nitrogen,ACIDIC_PH,"ICAR-IISS / Soil Health Card Portal (DAC&FW, GoI)",ICAR Soil Test Crop Response (STCR) Database & National Fertilizer Guidelines 2024-25
SOIL_REC_01795,Onion,1,0,15,6.19,1.59,0.49,153.0,31.3,168.3,23.7,1.08,2.65,Alluvial,Low,High,Medium,50.0,0.0,32.0,108.7,0.0,53.3,0.0,0.0,0.0,Nitrogen,NONE,"ICAR-IISS / Soil Health Card Portal (DAC&FW, GoI)",ICAR Soil Test Crop Response (STCR) Database & National Fertilizer Guidelines 2024-25
SOIL_REC_01796,Onion,2,15,30,7.76,2.16,0.68,341.1,12.1,228.4,8.1,0.93,7.27,Alluvial,Medium,Medium,Medium,40.0,20.0,32.0,87.0,0.0,64.0,125.0,0.0,0.0,Nitrogen,HIGH_EC_SALINITY;ELEVATED_SALINITY,"ICAR-IISS / Soil Health Card Portal (DAC&FW, GoI)",ICAR Soil Test Crop Response (STCR) Database & National Fertilizer Guidelines 2024-25
SOIL_REC_01797,Onion,3,30,60,7.68,2.47,0.42,261.0,14.9,121.6,20.4,1.02,3.97,Alluvial,Low,Medium,Low,50.0,20.0,40.0,91.7,43.5,80.0,0.0,0.0,0.0,Nitrogen,HIGH_EC_SALINITY;ELEVATED_SALINITY,"ICAR-IISS / Soil Health Card Portal (DAC&FW, GoI)",ICAR Soil Test Crop Response (STCR) Database & National Fertilizer Guidelines 2024-25
SOIL_REC_01798,Onion,1,0,15,7.48,1.0,1.09,360.6,35.5,391.5,6.9,1.54,8.97,Red soil,Medium,High,High,36.0,0.0,0.0,78.3,0.0,0.0,0.0,0.0,40.0,Nitrogen,NONE,"ICAR-IISS / Soil Health Card Portal (DAC&FW, GoI)",ICAR Soil Test Crop Response (STCR) Database & National Fertilizer Guidelines 2024-25
SOIL_REC_01799,Onion,2,15,30,6.34,0.8,0.69,413.2,35.6,213.4,31.0,1.34,4.16,Red soil,Medium,High,Medium,40.0,0.0,32.0,87.0,0.0,53.3,0.0,0.0,0.0,Nitrogen,NONE,"ICAR-IISS / Soil Health Card Portal (DAC&FW, GoI)",ICAR Soil Test Crop Response (STCR) Database & National Fertilizer Guidelines 2024-25
SOIL_REC_01800,Onion,3,30,60,5.94,0.73,0.34,116.6,12.4,138.9,10.7,1.47,3.93,Red soil,Low,Medium,Low,50.0,20.0,40.0,108.7,0.0,66.7,125.0,0.0,0.0,Nitrogen,ACIDIC_PH,"ICAR-IISS / Soil Health Card Portal (DAC&FW, GoI)",ICAR Soil Test Crop Response (STCR) Database & National Fertilizer Guidelines 2024-25
SOIL_REC_01801,Tomato,1,0,15,8.75,1.91,0.62,315.9,40.3,429.7,19.9,1.77,7.41,Sandy loam,Medium,High,High,48.0,0.0,0.0,104.3,0.0,0.0,0.0,0.0,0.0,Nitrogen,ALKALINE_PH;ELEVATED_SALINITY;HIGH_LEACHING_TEXTURE,"ICAR-IISS / Soil Health Card Portal (DAC&FW, GoI)",ICAR Soil Test Crop Response (STCR) Database & National Fertilizer Guidelines 2024-25
SOIL_REC_01802,Tomato,2,15,30,7.2,0.33,0.52,436.5,9.8,100.2,26.9,0.22,4.69,Sandy loam,Medium,Low,Low,48.0,41.6,40.0,68.9,90.4,66.7,0.0,0.0,0.0,Phosphorus,HIGH_LEACHING_TEXTURE,"ICAR-IISS / Soil Health Card Portal (DAC&FW, GoI)",ICAR Soil Test Crop Response (STCR) Database & National Fertilizer Guidelines 2024-25
SOIL_REC_01803,Tomato,3,30,60,8.43,0.24,0.4,156.5,12.1,65.6,29.5,1.01,8.5,Sandy loam,Low,Medium,Low,60.0,32.0,40.0,103.3,69.6,66.7,0.0,0.0,0.0,Nitrogen,ALKALINE_PH;HIGH_LEACHING_TEXTURE,"ICAR-IISS / Soil Health Card Portal (DAC&FW, GoI)",ICAR Soil Test Crop Response (STCR) Database & National Fertilizer Guidelines 2024-25
SOIL_REC_01804,Tomato,1,0,15,8.36,2.59,0.79,477.4,11.1,287.2,26.9,0.5,6.15,Red soil,Medium,Medium,Medium,48.0,32.0,32.0,77.2,69.6,64.0,0.0,0.0,0.0,Nitrogen,HIGH_EC_SALINITY;ALKALINE_PH;ELEVATED_SALINITY,"ICAR-IISS / Soil Health Card Portal (DAC&FW, GoI)",ICAR Soil Test Crop Response (STCR) Database & National Fertilizer Guidelines 2024-25
SOIL_REC_01805,Tomato,2,15,30,5.81,0.36,0.63,426.7,13.6,153.7,10.8,1.71,8.1,Red soil,Medium,Medium,Medium,48.0,32.0,32.0,104.3,0.0,53.3,200.0,0.0,0.0,Nitrogen,ACIDIC_PH,"ICAR-IISS / Soil Health Card Portal (DAC&FW, GoI)",ICAR Soil Test Crop Response (STCR) Database & National Fertilizer Guidelines 2024-25
SOIL_REC_01806,Tomato,3,30,60,7.99,2.24,0.21,255.8,19.1,144.1,7.9,0.7,6.38,Red soil,Low,Medium,Low,60.0,32.0,40.0,103.3,69.6,80.0,0.0,0.0,0.0,Nitrogen,HIGH_EC_SALINITY;ELEVATED_SALINITY,"ICAR-IISS / Soil Health Card Portal (DAC&FW, GoI)",ICAR Soil Test Crop Response (STCR) Database & National Fertilizer Guidelines 2024-25
SOIL_REC_01807,Tomato,1,0,15,6.54,1.96,0.24,121.8,36.8,448.1,16.8,1.4,11.2,Alluvial,Low,High,High,60.0,0.0,0.0,130.4,0.0,0.0,0.0,0.0,0.0,Nitrogen,ELEVATED_SALINITY,"ICAR-IISS / Soil Health Card Portal (DAC&FW, GoI)",ICAR Soil Test Crop Response (STCR) Database & National Fertilizer Guidelines 2024-25
SOIL_REC_01808,Tomato,2,15,30,5.51,2.33,0.31,213.5,27.9,169.9,27.4,0.73,11.08,Alluvial,Low,High,Medium,60.0,0.0,32.0,130.4,0.0,64.0,0.0,0.0,0.0,Nitrogen,HIGH_EC_SALINITY;ACIDIC_PH;ELEVATED_SALINITY,"ICAR-IISS / Soil Health Card Portal (DAC&FW, GoI)",ICAR Soil Test Crop Response (STCR) Database & National Fertilizer Guidelines 2024-25
SOIL_REC_01809,Tomato,3,30,60,5.65,1.33,0.5,157.5,8.6,58.3,29.3,0.83,6.02,Alluvial,Low,Low,Low,60.0,41.6,40.0,130.4,0.0,66.7,260.0,0.0,0.0,Nitrogen,ACIDIC_PH,"ICAR-IISS / Soil Health Card Portal (DAC&FW, GoI)",ICAR Soil Test Crop Response (STCR) Database & National Fertilizer Guidelines 2024-25
SOIL_REC_01810,Tomato,1,0,15,7.84,2.03,1.0,591.3,47.4,90.6,16.5,0.72,6.29,Sandy loam,High,High,Low,14.4,0.0,40.0,31.3,0.0,80.0,0.0,0.0,0.0,Potassium,HIGH_EC_SALINITY;ELEVATED_SALINITY;HIGH_LEACHING_TEXTURE,"ICAR-IISS / Soil Health Card Portal (DAC&FW, GoI)",ICAR Soil Test Crop Response (STCR) Database & National Fertilizer Guidelines 2024-25
SOIL_REC_01811,Tomato,2,15,30,8.2,2.58,0.3,322.0,5.8,233.6,14.3,1.1,4.35,Sandy loam,Medium,Low,Medium,48.0,41.6,32.0,68.9,90.4,64.0,0.0,0.0,0.0,Phosphorus,HIGH_EC_SALINITY;ALKALINE_PH;ELEVATED_SALINITY;HIGH_LEACHING_TEXTURE,"ICAR-IISS / Soil Health Card Portal (DAC&FW, GoI)",ICAR Soil Test Crop Response (STCR) Database & National Fertilizer Guidelines 2024-25
SOIL_REC_01812,Tomato,3,30,60,6.88,0.73,0.34,154.5,18.2,146.6,15.3,0.82,6.86,Sandy loam,Low,Medium,Medium,60.0,32.0,32.0,103.3,69.6,53.3,0.0,0.0,0.0,Nitrogen,HIGH_LEACHING_TEXTURE,"ICAR-IISS / Soil Health Card Portal (DAC&FW, GoI)",ICAR Soil Test Crop Response (STCR) Database & National Fertilizer Guidelines 2024-25
SOIL_REC_01813,Tomato,1,0,15,7.24,1.6,0.68,380.0,32.7,132.6,18.8,1.29,8.59,Sandy loam,Medium,High,Low,48.0,0.0,40.0,104.3,0.0,66.7,0.0,0.0,0.0,Potassium,HIGH_LEACHING_TEXTURE,"ICAR-IISS / Soil Health Card Portal (DAC&FW, GoI)",ICAR Soil Test Crop Response (STCR) Database & National Fertilizer Guidelines 2024-25
SOIL_REC_01814,Tomato,2,15,30,8.08,0.39,0.13,391.1,18.0,165.5,27.6,1.11,11.02,Sandy loam,Medium,Medium,Medium,48.0,32.0,32.0,77.2,69.6,53.3,0.0,0.0,0.0,Nitrogen,ALKALINE_PH;HIGH_LEACHING_TEXTURE,"ICAR-IISS / Soil Health Card Portal (DAC&FW, GoI)",ICAR Soil Test Crop Response (STCR) Database & National Fertilizer Guidelines 2024-25
SOIL_REC_01815,Tomato,3,30,60,5.58,1.75,0.14,295.8,5.8,203.6,25.4,0.77,10.57,Sandy loam,Medium,Low,Medium,48.0,41.6,32.0,104.3,0.0,53.3,260.0,0.0,0.0,Phosphorus,ACIDIC_PH;HIGH_LEACHING_TEXTURE,"ICAR-IISS / Soil Health Card Portal (DAC&FW, GoI)",ICAR Soil Test Crop Response (STCR) Database & National Fertilizer Guidelines 2024-25
SOIL_REC_01816,Tomato,1,0,15,7.22,1.65,0.98,310.1,18.7,118.3,27.9,1.42,11.81,Red soil,Medium,Medium,Low,43.2,32.0,40.0,66.7,69.6,66.7,0.0,0.0,0.0,Potassium,NONE,"ICAR-IISS / Soil Health Card Portal (DAC&FW, GoI)",ICAR Soil Test Crop Response (STCR) Database & National Fertilizer Guidelines 2024-25
SOIL_REC_01817,Tomato,2,15,30,7.39,2.63,0.78,384.0,15.9,205.3,31.2,0.39,7.12,Red soil,Medium,Medium,Medium,48.0,32.0,32.0,77.2,69.6,64.0,0.0,0.0,0.0,Nitrogen,HIGH_EC_SALINITY;ELEVATED_SALINITY,"ICAR-IISS / Soil Health Card Portal (DAC&FW, GoI)",ICAR Soil Test Crop Response (STCR) Database & National Fertilizer Guidelines 2024-25
SOIL_REC_01818,Tomato,3,30,60,6.46,0.43,0.43,182.1,11.1,78.3,6.1,1.07,10.07,Red soil,Low,Medium,Low,60.0,32.0,40.0,103.3,69.6,66.7,0.0,0.0,0.0,Nitrogen,NONE,"ICAR-IISS / Soil Health Card Portal (DAC&FW, GoI)",ICAR Soil Test Crop Response (STCR) Database & National Fertilizer Guidelines 2024-25
SOIL_REC_01819,Tomato,1,0,15,7.32,0.93,0.73,416.1,45.5,246.9,9.0,0.43,11.46,Red soil,Medium,High,Medium,48.0,0.0,32.0,104.3,0.0,53.3,0.0,0.0,0.0,Nitrogen,NONE,"ICAR-IISS / Soil Health Card Portal (DAC&FW, GoI)",ICAR Soil Test Crop Response (STCR) Database & National Fertilizer Guidelines 2024-25
SOIL_REC_01820,Tomato,2,15,30,6.6,1.73,0.43,394.2,32.3,314.1,11.4,1.37,5.03,Red soil,Medium,High,Medium,48.0,0.0,32.0,104.3,0.0,53.3,0.0,0.0,0.0,Nitrogen,NONE,"ICAR-IISS / Soil Health Card Portal (DAC&FW, GoI)",ICAR Soil Test Crop Response (STCR) Database & National Fertilizer Guidelines 2024-25
SOIL_REC_01821,Tomato,3,30,60,5.94,2.34,0.24,133.4,13.2,195.3,12.9,1.45,3.7,Red soil,Low,Medium,Medium,60.0,32.0,32.0,130.4,0.0,64.0,200.0,0.0,0.0,Nitrogen,HIGH_EC_SALINITY;ACIDIC_PH;ELEVATED_SALINITY,"ICAR-IISS / Soil Health Card Portal (DAC&FW, GoI)",ICAR Soil Test Crop Response (STCR) Database & National Fertilizer Guidelines 2024-25
SOIL_REC_01822,Tomato,1,0,15,5.97,2.4,0.5,535.3,35.8,96.5,24.6,0.3,6.29,Alluvial,Medium,High,Low,48.0,0.0,40.0,104.3,0.0,80.0,0.0,0.0,0.0,Potassium,HIGH_EC_SALINITY;ACIDIC_PH;ELEVATED_SALINITY,"ICAR-IISS / Soil Health Card Portal (DAC&FW, GoI)",ICAR Soil Test Crop Response (STCR) Database & National Fertilizer Guidelines 2024-25
SOIL_REC_01823,Tomato,2,15,30,8.55,2.54,0.4,446.5,19.0,124.5,7.8,1.56,6.97,Alluvial,Medium,Medium,Low,48.0,32.0,40.0,77.2,69.6,80.0,0.0,0.0,0.0,Potassium,HIGH_EC_SALINITY;ALKALINE_PH;ELEVATED_SALINITY,"ICAR-IISS / Soil Health Card Portal (DAC&FW, GoI)",ICAR Soil Test Crop Response (STCR) Database & National Fertilizer Guidelines 2024-25
SOIL_REC_01824,Tomato,3,30,60,6.09,0.62,0.34,142.0,18.1,186.8,4.1,0.34,7.44,Alluvial,Low,Medium,Medium,60.0,32.0,32.0,130.4,0.0,53.3,200.0,0.0,0.0,Nitrogen,NONE,"ICAR-IISS / Soil Health Card Portal (DAC&FW, GoI)",ICAR Soil Test Crop Response (STCR) Database & National Fertilizer Guidelines 2024-25
SOIL_REC_01825,Tomato,1,0,15,6.1,1.99,0.83,240.2,11.7,241.1,14.9,1.69,11.28,Alluvial,Low,Medium,Medium,55.2,32.0,32.0,120.0,0.0,53.3,200.0,0.0,0.0,Nitrogen,ELEVATED_SALINITY,"ICAR-IISS / Soil Health Card Portal (DAC&FW, GoI)",ICAR Soil Test Crop Response (STCR) Database & National Fertilizer Guidelines 2024-25
SOIL_REC_01826,Tomato,2,15,30,8.12,1.17,0.46,112.1,15.6,219.4,23.5,1.72,3.37,Alluvial,Low,Medium,Medium,60.0,32.0,32.0,103.3,69.6,53.3,0.0,0.0,0.0,Nitrogen,ALKALINE_PH,"ICAR-IISS / Soil Health Card Portal (DAC&FW, GoI)",ICAR Soil Test Crop Response (STCR) Database & National Fertilizer Guidelines 2024-25
SOIL_REC_01827,Tomato,3,30,60,7.4,2.73,0.36,271.0,21.6,64.7,26.9,0.34,4.27,Alluvial,Low,Medium,Low,60.0,32.0,40.0,103.3,69.6,80.0,0.0,0.0,0.0,Nitrogen,HIGH_EC_SALINITY;ELEVATED_SALINITY,"ICAR-IISS / Soil Health Card Portal (DAC&FW, GoI)",ICAR Soil Test Crop Response (STCR) Database & National Fertilizer Guidelines 2024-25
SOIL_REC_01828,Tomato,1,0,15,7.97,0.31,0.49,593.5,42.2,248.6,27.0,0.42,2.92,Sandy loam,High,High,Medium,19.2,0.0,32.0,41.7,0.0,53.3,0.0,0.0,0.0,Nitrogen,HIGH_LEACHING_TEXTURE,"ICAR-IISS / Soil Health Card Portal (DAC&FW, GoI)",ICAR Soil Test Crop Response (STCR) Database & National Fertilizer Guidelines 2024-25
SOIL_REC_01829,Tomato,2,15,30,7.03,2.31,0.54,345.2,4.6,198.1,29.4,1.53,8.71,Sandy loam,Medium,Low,Medium,48.0,41.6,32.0,68.9,90.4,64.0,0.0,0.0,0.0,Phosphorus,HIGH_EC_SALINITY;ELEVATED_SALINITY;HIGH_LEACHING_TEXTURE,"ICAR-IISS / Soil Health Card Portal (DAC&FW, GoI)",ICAR Soil Test Crop Response (STCR) Database & National Fertilizer Guidelines 2024-25
SOIL_REC_01830,Tomato,3,30,60,8.39,1.69,0.22,237.8,17.7,85.9,22.1,1.48,7.46,Sandy loam,Low,Medium,Low,60.0,32.0,40.0,103.3,69.6,66.7,0.0,0.0,0.0,Nitrogen,ALKALINE_PH;HIGH_LEACHING_TEXTURE,"ICAR-IISS / Soil Health Card Portal (DAC&FW, GoI)",ICAR Soil Test Crop Response (STCR) Database & National Fertilizer Guidelines 2024-25
SOIL_REC_01831,Tomato,1,0,15,7.46,1.69,0.97,326.1,11.5,182.6,30.8,1.43,6.43,Black soil,Medium,Medium,Medium,43.2,32.0,32.0,66.7,69.6,53.3,0.0,0.0,0.0,Nitrogen,NONE,"ICAR-IISS / Soil Health Card Portal (DAC&FW, GoI)",ICAR Soil Test Crop Response (STCR) Database & National Fertilizer Guidelines 2024-25
SOIL_REC_01832,Tomato,2,15,30,7.92,2.69,0.68,283.0,8.9,195.5,26.5,1.5,3.29,Black soil,Medium,Low,Medium,48.0,41.6,32.0,68.9,90.4,64.0,0.0,0.0,0.0,Phosphorus,HIGH_EC_SALINITY;ELEVATED_SALINITY,"ICAR-IISS / Soil Health Card Portal (DAC&FW, GoI)",ICAR Soil Test Crop Response (STCR) Database & National Fertilizer Guidelines 2024-25
SOIL_REC_01833,Tomato,3,30,60,8.48,2.09,0.11,124.5,4.0,108.3,19.7,1.18,4.61,Black soil,Low,Low,Low,60.0,41.6,40.0,95.0,90.4,80.0,0.0,0.0,0.0,Nitrogen,HIGH_EC_SALINITY;ALKALINE_PH;ELEVATED_SALINITY,"ICAR-IISS / Soil Health Card Portal (DAC&FW, GoI)",ICAR Soil Test Crop Response (STCR) Database & National Fertilizer Guidelines 2024-25
SOIL_REC_01834,Tomato,1,0,15,5.73,2.52,0.35,560.8,39.2,219.6,11.2,1.42,10.33,Loam,High,High,Medium,19.2,0.0,32.0,41.7,0.0,64.0,0.0,0.0,0.0,Nitrogen,HIGH_EC_SALINITY;ACIDIC_PH;ELEVATED_SALINITY,"ICAR-IISS / Soil Health Card Portal (DAC&FW, GoI)",ICAR Soil Test Crop Response (STCR) Database & National Fertilizer Guidelines 2024-25
SOIL_REC_01835,Tomato,2,15,30,6.61,2.59,0.41,112.7,31.7,331.8,16.2,1.39,6.75,Loam,Low,High,Medium,60.0,0.0,32.0,130.4,0.0,64.0,0.0,0.0,0.0,Nitrogen,HIGH_EC_SALINITY;ELEVATED_SALINITY,"ICAR-IISS / Soil Health Card Portal (DAC&FW, GoI)",ICAR Soil Test Crop Response (STCR) Database & National Fertilizer Guidelines 2024-25
SOIL_REC_01836,Tomato,3,30,60,7.44,0.77,0.42,122.8,9.3,142.5,9.5,0.69,4.18,Loam,Low,Low,Low,60.0,41.6,40.0,95.0,90.4,66.7,0.0,0.0,0.0,Nitrogen,NONE,"ICAR-IISS / Soil Health Card Portal (DAC&FW, GoI)",ICAR Soil Test Crop Response (STCR) Database & National Fertilizer Guidelines 2024-25
SOIL_REC_01837,Tomato,1,0,15,6.76,2.75,1.01,604.5,18.5,419.4,19.1,0.73,3.0,Loam,High,Medium,High,14.4,32.0,0.0,4.1,69.6,0.0,0.0,0.0,0.0,Nitrogen,ELEVATED_SALINITY,"ICAR-IISS / Soil Health Card Portal (DAC&FW, GoI)",ICAR Soil Test Crop Response (STCR) Database & National Fertilizer Guidelines 2024-25
SOIL_REC_01838,Tomato,2,15,30,8.19,2.61,0.61,237.6,18.6,158.1,6.2,1.74,4.01,Loam,Low,Medium,Medium,60.0,32.0,32.0,103.3,69.6,64.0,0.0,0.0,0.0,Nitrogen,HIGH_EC_SALINITY;ALKALINE_PH;ELEVATED_SALINITY,"ICAR-IISS / Soil Health Card Portal (DAC&FW, GoI)",ICAR Soil Test Crop Response (STCR) Database & National Fertilizer Guidelines 2024-25
SOIL_REC_01839,Tomato,3,30,60,7.36,2.1,0.08,68.5,22.7,207.4,13.1,0.27,8.47,Loam,Low,Medium,Medium,60.0,32.0,32.0,103.3,69.6,64.0,0.0,0.0,0.0,Nitrogen,HIGH_EC_SALINITY;ELEVATED_SALINITY,"ICAR-IISS / Soil Health Card Portal (DAC&FW, GoI)",ICAR Soil Test Crop Response (STCR) Database & National Fertilizer Guidelines 2024-25
SOIL_REC_01840,Tomato,1,0,15,7.91,1.93,0.72,564.7,10.2,120.0,6.8,1.45,11.44,Clay loam,High,Medium,Low,19.2,32.0,40.0,14.6,69.6,66.7,0.0,0.0,0.0,Potassium,ELEVATED_SALINITY,"ICAR-IISS / Soil Health Card Portal (DAC&FW, GoI)",ICAR Soil Test Crop Response (STCR) Database & National Fertilizer Guidelines 2024-25
SOIL_REC_01841,Tomato,2,15,30,5.81,2.76,0.13,213.2,13.8,322.0,23.1,0.29,9.18,Clay loam,Low,Medium,Medium,60.0,32.0,32.0,130.4,0.0,64.0,200.0,0.0,0.0,Nitrogen,HIGH_EC_SALINITY;ACIDIC_PH;ELEVATED_SALINITY,"ICAR-IISS / Soil Health Card Portal (DAC&FW, GoI)",ICAR Soil Test Crop Response (STCR) Database & National Fertilizer Guidelines 2024-25
SOIL_REC_01842,Tomato,3,30,60,6.06,0.26,0.42,152.7,7.9,192.2,30.1,1.32,3.29,Clay loam,Low,Low,Medium,60.0,41.6,32.0,130.4,0.0,53.3,260.0,0.0,0.0,Nitrogen,NONE,"ICAR-IISS / Soil Health Card Portal (DAC&FW, GoI)",ICAR Soil Test Crop Response (STCR) Database & National Fertilizer Guidelines 2024-25
SOIL_REC_01843,Tomato,1,0,15,8.79,2.52,0.78,211.1,43.8,372.6,29.2,0.77,11.64,Loam,Low,High,High,60.0,0.0,0.0,130.4,0.0,0.0,0.0,0.0,0.0,Nitrogen,ALKALINE_PH;ELEVATED_SALINITY,"ICAR-IISS / Soil Health Card Portal (DAC&FW, GoI)",ICAR Soil Test Crop Response (STCR) Database & National Fertilizer Guidelines 2024-25
SOIL_REC_01844,Tomato,2,15,30,5.53,2.44,0.65,352.4,6.1,153.8,13.4,1.58,11.34,Loam,Medium,Low,Medium,48.0,41.6,32.0,104.3,0.0,64.0,260.0,0.0,0.0,Phosphorus,HIGH_EC_SALINITY;ACIDIC_PH;ELEVATED_SALINITY,"ICAR-IISS / Soil Health Card Portal (DAC&FW, GoI)",ICAR Soil Test Crop Response (STCR) Database & National Fertilizer Guidelines 2024-25
SOIL_REC_01845,Tomato,3,30,60,8.49,1.1,0.45,231.6,15.4,124.2,28.9,0.74,6.66,Loam,Low,Medium,Low,60.0,32.0,40.0,103.3,69.6,66.7,0.0,0.0,0.0,Nitrogen,ALKALINE_PH,"ICAR-IISS / Soil Health Card Portal (DAC&FW, GoI)",ICAR Soil Test Crop Response (STCR) Database & National Fertilizer Guidelines 2024-25
SOIL_REC_01846,Tomato,1,0,15,8.65,1.48,0.88,472.1,41.5,256.9,19.4,1.69,9.23,Sandy loam,Medium,High,Medium,43.2,0.0,32.0,93.9,0.0,53.3,0.0,0.0,0.0,Nitrogen,ALKALINE_PH;HIGH_LEACHING_TEXTURE,"ICAR-IISS / Soil Health Card Portal (DAC&FW, GoI)",ICAR Soil Test Crop Response (STCR) Database & National Fertilizer Guidelines 2024-25
SOIL_REC_01847,Tomato,2,15,30,7.45,1.15,0.13,176.5,28.2,85.3,4.3,0.83,11.6,Sandy loam,Low,High,Low,60.0,0.0,40.0,130.4,0.0,66.7,0.0,0.0,0.0,Nitrogen,HIGH_LEACHING_TEXTURE,"ICAR-IISS / Soil Health Card Portal (DAC&FW, GoI)",ICAR Soil Test Crop Response (STCR) Database & National Fertilizer Guidelines 2024-25
SOIL_REC_01848,Tomato,3,30,60,7.55,2.72,0.44,63.1,17.5,149.2,4.1,0.76,11.41,Sandy loam,Low,Medium,Medium,60.0,32.0,32.0,103.3,69.6,64.0,0.0,0.0,0.0,Nitrogen,HIGH_EC_SALINITY;ELEVATED_SALINITY;HIGH_LEACHING_TEXTURE,"ICAR-IISS / Soil Health Card Portal (DAC&FW, GoI)",ICAR Soil Test Crop Response (STCR) Database & National Fertilizer Guidelines 2024-25
SOIL_REC_01849,Tomato,1,0,15,6.91,1.52,0.81,500.2,8.7,285.4,21.6,1.66,11.58,Loam,Medium,Low,Medium,43.2,41.6,32.0,58.5,90.4,53.3,0.0,0.0,0.0,Phosphorus,NONE,"ICAR-IISS / Soil Health Card Portal (DAC&FW, GoI)",ICAR Soil Test Crop Response (STCR) Database & National Fertilizer Guidelines 2024-25
SOIL_REC_01850,Tomato,2,15,30,8.77,1.08,0.55,424.5,34.7,164.5,25.3,0.59,6.05,Loam,Medium,High,Medium,48.0,0.0,32.0,104.3,0.0,53.3,0.0,0.0,0.0,Nitrogen,ALKALINE_PH,"ICAR-IISS / Soil Health Card Portal (DAC&FW, GoI)",ICAR Soil Test Crop Response (STCR) Database & National Fertilizer Guidelines 2024-25
SOIL_REC_01851,Tomato,3,30,60,7.37,0.58,0.25,77.7,4.2,218.5,19.9,1.12,8.62,Loam,Low,Low,Medium,60.0,41.6,32.0,95.0,90.4,53.3,0.0,0.0,0.0,Nitrogen,NONE,"ICAR-IISS / Soil Health Card Portal (DAC&FW, GoI)",ICAR Soil Test Crop Response (STCR) Database & National Fertilizer Guidelines 2024-25
SOIL_REC_01852,Tomato,1,0,15,7.38,2.65,1.01,393.7,9.1,229.3,16.3,0.62,9.89,Black soil,Medium,Low,Medium,43.2,41.6,32.0,58.5,90.4,64.0,0.0,0.0,0.0,Phosphorus,HIGH_EC_SALINITY;ELEVATED_SALINITY,"ICAR-IISS / Soil Health Card Portal (DAC&FW, GoI)",ICAR Soil Test Crop Response (STCR) Database & National Fertilizer Guidelines 2024-25
SOIL_REC_01853,Tomato,2,15,30,8.45,2.79,0.47,350.4,8.4,307.7,10.1,0.51,10.56,Black soil,Medium,Low,Medium,48.0,41.6,32.0,68.9,90.4,64.0,0.0,0.0,0.0,Phosphorus,HIGH_EC_SALINITY;ALKALINE_PH;ELEVATED_SALINITY,"ICAR-IISS / Soil Health Card Portal (DAC&FW, GoI)",ICAR Soil Test Crop Response (STCR) Database & National Fertilizer Guidelines 2024-25
SOIL_REC_01854,Tomato,3,30,60,6.51,2.02,0.54,275.5,3.4,115.7,16.8,1.41,10.54,Black soil,Low,Low,Low,60.0,41.6,40.0,95.0,90.4,80.0,0.0,0.0,0.0,Nitrogen,HIGH_EC_SALINITY;ELEVATED_SALINITY,"ICAR-IISS / Soil Health Card Portal (DAC&FW, GoI)",ICAR Soil Test Crop Response (STCR) Database & National Fertilizer Guidelines 2024-25
SOIL_REC_01855,Tomato,1,0,15,6.58,0.77,0.75,534.2,9.1,166.5,14.6,0.61,11.04,Clay loam,Medium,Low,Medium,48.0,41.6,32.0,68.9,90.4,53.3,0.0,0.0,0.0,Phosphorus,NONE,"ICAR-IISS / Soil Health Card Portal (DAC&FW, GoI)",ICAR Soil Test Crop Response (STCR) Database & National Fertilizer Guidelines 2024-25
SOIL_REC_01856,Tomato,2,15,30,6.11,0.47,0.5,158.9,6.4,117.9,30.5,1.32,3.92,Clay loam,Low,Low,Low,60.0,41.6,40.0,130.4,0.0,66.7,260.0,0.0,0.0,Nitrogen,NONE,"ICAR-IISS / Soil Health Card Portal (DAC&FW, GoI)",ICAR Soil Test Crop Response (STCR) Database & National Fertilizer Guidelines 2024-25
SOIL_REC_01857,Tomato,3,30,60,8.1,1.0,0.48,77.4,18.5,50.8,5.1,1.63,6.51,Clay loam,Low,Medium,Low,60.0,32.0,40.0,103.3,69.6,66.7,0.0,0.0,0.0,Nitrogen,ALKALINE_PH,"ICAR-IISS / Soil Health Card Portal (DAC&FW, GoI)",ICAR Soil Test Crop Response (STCR) Database & National Fertilizer Guidelines 2024-25
SOIL_REC_01858,Tomato,1,0,15,5.65,0.84,0.76,599.5,29.3,239.0,11.1,0.22,10.92,Red soil,High,High,Medium,19.2,0.0,32.0,41.7,0.0,53.3,0.0,0.0,0.0,Nitrogen,ACIDIC_PH,"ICAR-IISS / Soil Health Card Portal (DAC&FW, GoI)",ICAR Soil Test Crop Response (STCR) Database & National Fertilizer Guidelines 2024-25
SOIL_REC_01859,Tomato,2,15,30,5.88,1.2,0.43,388.0,23.9,69.3,29.1,0.74,11.77,Red soil,Medium,Medium,Low,48.0,32.0,40.0,104.3,0.0,66.7,200.0,0.0,0.0,Potassium,ACIDIC_PH,"ICAR-IISS / Soil Health Card Portal (DAC&FW, GoI)",ICAR Soil Test Crop Response (STCR) Database & National Fertilizer Guidelines 2024-25
SOIL_REC_01860,Tomato,3,30,60,8.51,1.07,0.49,200.6,19.6,142.7,13.1,1.1,4.27,Red soil,Low,Medium,Low,60.0,32.0,40.0,103.3,69.6,66.7,0.0,0.0,0.0,Nitrogen,ALKALINE_PH,"ICAR-IISS / Soil Health Card Portal (DAC&FW, GoI)",ICAR Soil Test Crop Response (STCR) Database & National Fertilizer Guidelines 2024-25
SOIL_REC_01861,Tomato,1,0,15,7.46,1.74,0.55,203.7,7.9,433.2,10.7,1.27,10.88,Loam,Low,Low,High,60.0,41.6,0.0,95.0,90.4,0.0,0.0,0.0,0.0,Nitrogen,NONE,"ICAR-IISS / Soil Health Card Portal (DAC&FW, GoI)",ICAR Soil Test Crop Response (STCR) Database & National Fertilizer Guidelines 2024-25
SOIL_REC_01862,Tomato,2,15,30,8.13,2.5,0.21,228.8,20.9,88.5,16.9,0.94,2.73,Loam,Low,Medium,Low,60.0,32.0,40.0,103.3,69.6,80.0,0.0,0.0,0.0,Nitrogen,HIGH_EC_SALINITY;ALKALINE_PH;ELEVATED_SALINITY,"ICAR-IISS / Soil Health Card Portal (DAC&FW, GoI)",ICAR Soil Test Crop Response (STCR) Database & National Fertilizer Guidelines 2024-25
SOIL_REC_01863,Tomato,3,30,60,7.47,0.2,0.29,82.7,10.2,74.2,24.0,1.08,4.22,Loam,Low,Medium,Low,60.0,32.0,40.0,103.3,69.6,66.7,0.0,0.0,0.0,Nitrogen,NONE,"ICAR-IISS / Soil Health Card Portal (DAC&FW, GoI)",ICAR Soil Test Crop Response (STCR) Database & National Fertilizer Guidelines 2024-25
SOIL_REC_01864,Tomato,1,0,15,7.81,0.64,0.76,424.0,33.7,114.3,29.4,1.04,3.68,Black soil,Medium,High,Low,48.0,0.0,40.0,104.3,0.0,66.7,0.0,0.0,0.0,Potassium,NONE,"ICAR-IISS / Soil Health Card Portal (DAC&FW, GoI)",ICAR Soil Test Crop Response (STCR) Database & National Fertilizer Guidelines 2024-25
SOIL_REC_01865,Tomato,2,15,30,7.39,1.47,0.12,227.3,7.5,96.2,7.1,0.9,7.59,Black soil,Low,Low,Low,60.0,41.6,40.0,95.0,90.4,66.7,0.0,0.0,0.0,Nitrogen,NONE,"ICAR-IISS / Soil Health Card Portal (DAC&FW, GoI)",ICAR Soil Test Crop Response (STCR) Database & National Fertilizer Guidelines 2024-25
SOIL_REC_01866,Tomato,3,30,60,6.6,1.63,0.42,280.2,14.9,128.5,31.2,0.47,9.06,Black soil,Medium,Medium,Low,48.0,32.0,40.0,77.2,69.6,66.7,0.0,0.0,0.0,Potassium,NONE,"ICAR-IISS / Soil Health Card Portal (DAC&FW, GoI)",ICAR Soil Test Crop Response (STCR) Database & National Fertilizer Guidelines 2024-25
SOIL_REC_01867,Tomato,1,0,15,7.33,0.32,0.2,616.2,20.3,175.1,19.0,1.49,8.24,Black soil,High,Medium,Medium,19.2,32.0,32.0,14.6,69.6,53.3,0.0,0.0,0.0,Nitrogen,NONE,"ICAR-IISS / Soil Health Card Portal (DAC&FW, GoI)",ICAR Soil Test Crop Response (STCR) Database & National Fertilizer Guidelines 2024-25
SOIL_REC_01868,Tomato,2,15,30,6.21,1.62,0.38,443.5,20.5,224.6,29.2,1.49,5.12,Black soil,Medium,Medium,Medium,48.0,32.0,32.0,77.2,69.6,53.3,0.0,0.0,0.0,Nitrogen,NONE,"ICAR-IISS / Soil Health Card Portal (DAC&FW, GoI)",ICAR Soil Test Crop Response (STCR) Database & National Fertilizer Guidelines 2024-25
SOIL_REC_01869,Tomato,3,30,60,8.67,1.01,0.1,84.0,13.8,75.3,25.1,0.46,3.01,Black soil,Low,Medium,Low,60.0,32.0,40.0,103.3,69.6,66.7,0.0,0.0,0.0,Nitrogen,ALKALINE_PH,"ICAR-IISS / Soil Health Card Portal (DAC&FW, GoI)",ICAR Soil Test Crop Response (STCR) Database & National Fertilizer Guidelines 2024-25
SOIL_REC_01870,Tomato,1,0,15,6.21,0.97,0.27,583.3,47.1,138.7,30.5,0.29,3.34,Alluvial,High,High,Low,19.2,0.0,40.0,41.7,0.0,66.7,0.0,0.0,0.0,Potassium,NONE,"ICAR-IISS / Soil Health Card Portal (DAC&FW, GoI)",ICAR Soil Test Crop Response (STCR) Database & National Fertilizer Guidelines 2024-25
SOIL_REC_01871,Tomato,2,15,30,6.42,2.77,0.58,364.2,33.6,299.8,24.9,0.31,11.75,Alluvial,Medium,High,Medium,48.0,0.0,32.0,104.3,0.0,64.0,0.0,0.0,0.0,Nitrogen,HIGH_EC_SALINITY;ELEVATED_SALINITY,"ICAR-IISS / Soil Health Card Portal (DAC&FW, GoI)",ICAR Soil Test Crop Response (STCR) Database & National Fertilizer Guidelines 2024-25
SOIL_REC_01872,Tomato,3,30,60,8.66,1.7,0.41,235.3,17.1,177.4,24.6,0.4,8.52,Alluvial,Low,Medium,Medium,60.0,32.0,32.0,103.3,69.6,53.3,0.0,0.0,0.0,Nitrogen,ALKALINE_PH,"ICAR-IISS / Soil Health Card Portal (DAC&FW, GoI)",ICAR Soil Test Crop Response (STCR) Database & National Fertilizer Guidelines 2024-25
SOIL_REC_01873,Tomato,1,0,15,6.41,2.06,0.29,546.2,11.5,248.0,14.1,1.69,9.11,Sandy loam,Medium,Medium,Medium,48.0,32.0,32.0,77.2,69.6,64.0,0.0,0.0,0.0,Nitrogen,HIGH_EC_SALINITY;ELEVATED_SALINITY;HIGH_LEACHING_TEXTURE,"ICAR-IISS / Soil Health Card Portal (DAC&FW, GoI)",ICAR Soil Test Crop Response (STCR) Database & National Fertilizer Guidelines 2024-25
SOIL_REC_01874,Tomato,2,15,30,5.84,1.17,0.25,426.9,28.4,203.4,15.7,1.62,6.37,Sandy loam,Medium,High,Medium,48.0,0.0,32.0,104.3,0.0,53.3,0.0,0.0,0.0,Nitrogen,ACIDIC_PH;HIGH_LEACHING_TEXTURE,"ICAR-IISS / Soil Health Card Portal (DAC&FW, GoI)",ICAR Soil Test Crop Response (STCR) Database & National Fertilizer Guidelines 2024-25
SOIL_REC_01875,Tomato,3,30,60,6.81,0.21,0.54,74.4,18.0,152.1,30.2,0.9,6.87,Sandy loam,Low,Medium,Medium,60.0,32.0,32.0,103.3,69.6,53.3,0.0,0.0,0.0,Nitrogen,HIGH_LEACHING_TEXTURE,"ICAR-IISS / Soil Health Card Portal (DAC&FW, GoI)",ICAR Soil Test Crop Response (STCR) Database & National Fertilizer Guidelines 2024-25
SOIL_REC_01876,Tomato,1,0,15,8.48,0.45,0.66,186.0,9.0,98.3,8.5,1.16,6.45,Black soil,Low,Low,Low,60.0,41.6,40.0,95.0,90.4,66.7,0.0,0.0,0.0,Nitrogen,ALKALINE_PH,"ICAR-IISS / Soil Health Card Portal (DAC&FW, GoI)",ICAR Soil Test Crop Response (STCR) Database & National Fertilizer Guidelines 2024-25
SOIL_REC_01877,Tomato,2,15,30,8.42,1.98,0.64,266.1,16.4,231.7,28.1,0.45,9.62,Black soil,Low,Medium,Medium,60.0,32.0,32.0,103.3,69.6,53.3,0.0,0.0,0.0,Nitrogen,ALKALINE_PH;ELEVATED_SALINITY,"ICAR-IISS / Soil Health Card Portal (DAC&FW, GoI)",ICAR Soil Test Crop Response (STCR) Database & National Fertilizer Guidelines 2024-25
SOIL_REC_01878,Tomato,3,30,60,7.25,0.51,0.45,125.9,20.7,178.5,27.0,0.31,6.18,Black soil,Low,Medium,Medium,60.0,32.0,32.0,103.3,69.6,53.3,0.0,0.0,0.0,Nitrogen,NONE,"ICAR-IISS / Soil Health Card Portal (DAC&FW, GoI)",ICAR Soil Test Crop Response (STCR) Database & National Fertilizer Guidelines 2024-25
SOIL_REC_01879,Tomato,1,0,15,6.0,0.41,0.98,589.4,23.6,95.0,5.6,0.85,10.91,Loam,High,Medium,Low,14.4,32.0,40.0,31.3,0.0,66.7,200.0,0.0,0.0,Potassium,NONE,"ICAR-IISS / Soil Health Card Portal (DAC&FW, GoI)",ICAR Soil Test Crop Response (STCR) Database & National Fertilizer Guidelines 2024-25
SOIL_REC_01880,Tomato,2,15,30,8.7,1.29,0.8,237.5,34.6,304.3,5.1,0.57,6.24,Loam,Low,High,Medium,60.0,0.0,32.0,130.4,0.0,53.3,0.0,0.0,0.0,Nitrogen,ALKALINE_PH,"ICAR-IISS / Soil Health Card Portal (DAC&FW, GoI)",ICAR Soil Test Crop Response (STCR) Database & National Fertilizer Guidelines 2024-25
SOIL_REC_01881,Tomato,3,30,60,6.0,1.68,0.46,150.5,4.3,149.6,25.8,1.45,5.35,Loam,Low,Low,Medium,60.0,41.6,32.0,130.4,0.0,53.3,260.0,0.0,0.0,Nitrogen,NONE,"ICAR-IISS / Soil Health Card Portal (DAC&FW, GoI)",ICAR Soil Test Crop Response (STCR) Database & National Fertilizer Guidelines 2024-25
SOIL_REC_01882,Tomato,1,0,15,6.96,1.32,1.08,462.4,31.4,157.9,10.3,0.87,2.58,Sandy loam,Medium,High,Medium,43.2,0.0,32.0,93.9,0.0,53.3,0.0,0.0,0.0,Nitrogen,HIGH_LEACHING_TEXTURE,"ICAR-IISS / Soil Health Card Portal (DAC&FW, GoI)",ICAR Soil Test Crop Response (STCR) Database & National Fertilizer Guidelines 2024-25
SOIL_REC_01883,Tomato,2,15,30,7.64,1.18,0.44,138.6,9.8,103.9,28.7,0.39,5.31,Sandy loam,Low,Low,Low,60.0,41.6,40.0,95.0,90.4,66.7,0.0,0.0,0.0,Nitrogen,HIGH_LEACHING_TEXTURE,"ICAR-IISS / Soil Health Card Portal (DAC&FW, GoI)",ICAR Soil Test Crop Response (STCR) Database & National Fertilizer Guidelines 2024-25
SOIL_REC_01884,Tomato,3,30,60,5.98,0.76,0.27,94.4,20.4,106.8,22.3,1.31,5.03,Sandy loam,Low,Medium,Low,60.0,32.0,40.0,130.4,0.0,66.7,200.0,0.0,0.0,Nitrogen,ACIDIC_PH;HIGH_LEACHING_TEXTURE,"ICAR-IISS / Soil Health Card Portal (DAC&FW, GoI)",ICAR Soil Test Crop Response (STCR) Database & National Fertilizer Guidelines 2024-25
SOIL_REC_01885,Tomato,1,0,15,5.83,1.54,0.64,563.1,7.7,354.6,30.6,1.15,9.03,Loam,High,Low,High,19.2,41.6,0.0,41.7,0.0,0.0,260.0,0.0,0.0,Phosphorus,ACIDIC_PH,"ICAR-IISS / Soil Health Card Portal (DAC&FW, GoI)",ICAR Soil Test Crop Response (STCR) Database & National Fertilizer Guidelines 2024-25
SOIL_REC_01886,Tomato,2,15,30,5.82,1.82,0.4,329.8,27.3,312.5,23.9,1.25,7.92,Loam,Medium,High,Medium,48.0,0.0,32.0,104.3,0.0,53.3,0.0,0.0,0.0,Nitrogen,ACIDIC_PH;ELEVATED_SALINITY,"ICAR-IISS / Soil Health Card Portal (DAC&FW, GoI)",ICAR Soil Test Crop Response (STCR) Database & National Fertilizer Guidelines 2024-25
SOIL_REC_01887,Tomato,3,30,60,6.75,0.77,0.34,261.2,21.6,174.6,30.9,0.65,6.88,Loam,Low,Medium,Medium,60.0,32.0,32.0,103.3,69.6,53.3,0.0,0.0,0.0,Nitrogen,NONE,"ICAR-IISS / Soil Health Card Portal (DAC&FW, GoI)",ICAR Soil Test Crop Response (STCR) Database & National Fertilizer Guidelines 2024-25
SOIL_REC_01888,Tomato,1,0,15,8.43,1.93,0.5,237.9,16.3,431.7,30.6,0.26,9.05,Loam,Low,Medium,High,60.0,32.0,0.0,103.3,69.6,0.0,0.0,0.0,0.0,Nitrogen,ALKALINE_PH;ELEVATED_SALINITY,"ICAR-IISS / Soil Health Card Portal (DAC&FW, GoI)",ICAR Soil Test Crop Response (STCR) Database & National Fertilizer Guidelines 2024-25
SOIL_REC_01889,Tomato,2,15,30,5.76,2.04,0.37,340.7,20.2,75.1,31.4,0.63,10.7,Loam,Medium,Medium,Low,48.0,32.0,40.0,104.3,0.0,80.0,200.0,0.0,0.0,Potassium,HIGH_EC_SALINITY;ACIDIC_PH;ELEVATED_SALINITY,"ICAR-IISS / Soil Health Card Portal (DAC&FW, GoI)",ICAR Soil Test Crop Response (STCR) Database & National Fertilizer Guidelines 2024-25
SOIL_REC_01890,Tomato,3,30,60,8.07,1.22,0.4,228.8,13.5,188.3,15.2,1.34,9.35,Loam,Low,Medium,Medium,60.0,32.0,32.0,103.3,69.6,53.3,0.0,0.0,0.0,Nitrogen,ALKALINE_PH,"ICAR-IISS / Soil Health Card Portal (DAC&FW, GoI)",ICAR Soil Test Crop Response (STCR) Database & National Fertilizer Guidelines 2024-25
SOIL_REC_01891,Chili,1,0,15,7.88,2.65,1.02,287.8,14.4,438.1,16.2,1.1,11.92,Clay loam,Medium,Medium,High,36.0,20.0,0.0,61.3,43.5,0.0,0.0,0.0,0.0,Nitrogen,ELEVATED_SALINITY,"ICAR-IISS / Soil Health Card Portal (DAC&FW, GoI)",ICAR Soil Test Crop Response (STCR) Database & National Fertilizer Guidelines 2024-25
SOIL_REC_01892,Chili,2,15,30,6.39,1.21,0.63,381.3,16.5,285.4,16.1,1.65,3.7,Clay loam,Medium,Medium,Medium,40.0,20.0,20.0,70.0,43.5,33.3,0.0,0.0,0.0,Nitrogen,NONE,"ICAR-IISS / Soil Health Card Portal (DAC&FW, GoI)",ICAR Soil Test Crop Response (STCR) Database & National Fertilizer Guidelines 2024-25
SOIL_REC_01893,Chili,3,30,60,6.08,0.94,0.09,234.4,3.2,104.8,27.5,1.19,11.43,Clay loam,Low,Low,Low,50.0,26.0,25.0,108.7,0.0,41.7,162.5,0.0,0.0,Nitrogen,NONE,"ICAR-IISS / Soil Health Card Portal (DAC&FW, GoI)",ICAR Soil Test Crop Response (STCR) Database & National Fertilizer Guidelines 2024-25
SOIL_REC_01894,Chili,1,0,15,5.79,1.09,0.87,418.0,19.6,428.4,20.1,0.84,10.52,Alluvial,Medium,Medium,High,36.0,20.0,0.0,78.3,0.0,0.0,125.0,0.0,0.0,Nitrogen,ACIDIC_PH,"ICAR-IISS / Soil Health Card Portal (DAC&FW, GoI)",ICAR Soil Test Crop Response (STCR) Database & National Fertilizer Guidelines 2024-25
SOIL_REC_01895,Chili,2,15,30,6.1,2.42,0.28,260.0,35.4,104.4,14.3,1.35,11.88,Alluvial,Low,High,Low,50.0,0.0,25.0,108.7,0.0,50.0,0.0,0.0,0.0,Nitrogen,HIGH_EC_SALINITY;ELEVATED_SALINITY,"ICAR-IISS / Soil Health Card Portal (DAC&FW, GoI)",ICAR Soil Test Crop Response (STCR) Database & National Fertilizer Guidelines 2024-25
SOIL_REC_01896,Chili,3,30,60,6.38,1.2,0.52,131.5,24.0,216.7,22.2,1.13,4.85,Alluvial,Low,Medium,Medium,50.0,20.0,20.0,91.7,43.5,33.3,0.0,0.0,0.0,Nitrogen,NONE,"ICAR-IISS / Soil Health Card Portal (DAC&FW, GoI)",ICAR Soil Test Crop Response (STCR) Database & National Fertilizer Guidelines 2024-25
SOIL_REC_01897,Chili,1,0,15,8.61,2.32,0.44,278.4,19.0,348.6,5.6,1.11,4.59,Loam,Low,Medium,High,50.0,20.0,0.0,91.7,43.5,0.0,0.0,0.0,0.0,Nitrogen,ALKALINE_PH;ELEVATED_SALINITY,"ICAR-IISS / Soil Health Card Portal (DAC&FW, GoI)",ICAR Soil Test Crop Response (STCR) Database & National Fertilizer Guidelines 2024-25
SOIL_REC_01898,Chili,2,15,30,8.04,0.79,0.8,345.3,5.1,211.7,23.2,0.4,11.43,Loam,Medium,Low,Medium,40.0,26.0,20.0,64.8,56.5,33.3,0.0,0.0,0.0,Phosphorus,ALKALINE_PH,"ICAR-IISS / Soil Health Card Portal (DAC&FW, GoI)",ICAR Soil Test Crop Response (STCR) Database & National Fertilizer Guidelines 2024-25
SOIL_REC_01899,Chili,3,30,60,8.21,2.59,0.14,90.1,10.7,143.8,6.6,1.69,5.17,Loam,Low,Medium,Low,50.0,20.0,25.0,91.7,43.5,50.0,0.0,0.0,0.0,Nitrogen,HIGH_EC_SALINITY;ALKALINE_PH;ELEVATED_SALINITY,"ICAR-IISS / Soil Health Card Portal (DAC&FW, GoI)",ICAR Soil Test Crop Response (STCR) Database & National Fertilizer Guidelines 2024-25
SOIL_REC_01900,Chili,1,0,15,6.19,2.32,0.78,489.6,13.4,410.1,18.2,0.94,5.04,Loam,Medium,Medium,High,40.0,20.0,0.0,87.0,0.0,0.0,125.0,0.0,0.0,Nitrogen,ELEVATED_SALINITY,"ICAR-IISS / Soil Health Card Portal (DAC&FW, GoI)",ICAR Soil Test Crop Response (STCR) Database & National Fertilizer Guidelines 2024-25
SOIL_REC_01901,Chili,2,15,30,7.74,2.51,0.47,132.2,10.6,328.0,28.4,1.69,8.93,Loam,Low,Medium,Medium,50.0,20.0,20.0,91.7,43.5,40.0,0.0,0.0,0.0,Nitrogen,HIGH_EC_SALINITY;ELEVATED_SALINITY,"ICAR-IISS / Soil Health Card Portal (DAC&FW, GoI)",ICAR Soil Test Crop Response (STCR) Database & National Fertilizer Guidelines 2024-25
SOIL_REC_01902,Chili,3,30,60,7.78,1.27,0.24,245.5,6.1,207.9,17.0,0.41,6.58,Loam,Low,Low,Medium,50.0,26.0,20.0,86.5,56.5,33.3,0.0,0.0,0.0,Nitrogen,NONE,"ICAR-IISS / Soil Health Card Portal (DAC&FW, GoI)",ICAR Soil Test Crop Response (STCR) Database & National Fertilizer Guidelines 2024-25
SOIL_REC_01903,Chili,1,0,15,6.57,0.69,0.59,175.7,44.3,322.5,5.3,1.42,9.15,Red soil,Low,High,Medium,50.0,0.0,20.0,108.7,0.0,33.3,0.0,0.0,0.0,Nitrogen,NONE,"ICAR-IISS / Soil Health Card Portal (DAC&FW, GoI)",ICAR Soil Test Crop Response (STCR) Database & National Fertilizer Guidelines 2024-25
SOIL_REC_01904,Chili,2,15,30,8.19,2.32,0.78,113.6,33.7,166.7,22.2,1.25,2.93,Red soil,Low,High,Medium,50.0,0.0,20.0,108.7,0.0,40.0,0.0,0.0,0.0,Nitrogen,HIGH_EC_SALINITY;ALKALINE_PH;ELEVATED_SALINITY,"ICAR-IISS / Soil Health Card Portal (DAC&FW, GoI)",ICAR Soil Test Crop Response (STCR) Database & National Fertilizer Guidelines 2024-25
SOIL_REC_01905,Chili,3,30,60,5.58,0.6,0.48,104.5,5.7,100.7,13.0,1.26,11.48,Red soil,Low,Low,Low,50.0,26.0,25.0,108.7,0.0,41.7,162.5,0.0,0.0,Nitrogen,ACIDIC_PH,"ICAR-IISS / Soil Health Card Portal (DAC&FW, GoI)",ICAR Soil Test Crop Response (STCR) Database & National Fertilizer Guidelines 2024-25
SOIL_REC_01906,Chili,1,0,15,6.9,1.77,0.37,406.8,39.3,366.9,10.1,0.84,10.16,Sandy loam,Medium,High,High,40.0,0.0,0.0,87.0,0.0,0.0,0.0,0.0,0.0,Nitrogen,HIGH_LEACHING_TEXTURE,"ICAR-IISS / Soil Health Card Portal (DAC&FW, GoI)",ICAR Soil Test Crop Response (STCR) Database & National Fertilizer Guidelines 2024-25
SOIL_REC_01907,Chili,2,15,30,7.79,1.49,0.23,103.2,8.3,169.6,13.7,1.33,7.42,Sandy loam,Low,Low,Medium,50.0,26.0,20.0,86.5,56.5,33.3,0.0,0.0,0.0,Nitrogen,HIGH_LEACHING_TEXTURE,"ICAR-IISS / Soil Health Card Portal (DAC&FW, GoI)",ICAR Soil Test Crop Response (STCR) Database & National Fertilizer Guidelines 2024-25
SOIL_REC_01908,Chili,3,30,60,6.79,2.56,0.09,221.2,15.1,158.6,17.6,0.59,3.71,Sandy loam,Low,Medium,Medium,50.0,20.0,20.0,91.7,43.5,40.0,0.0,0.0,0.0,Nitrogen,HIGH_EC_SALINITY;ELEVATED_SALINITY;HIGH_LEACHING_TEXTURE,"ICAR-IISS / Soil Health Card Portal (DAC&FW, GoI)",ICAR Soil Test Crop Response (STCR) Database & National Fertilizer Guidelines 2024-25
SOIL_REC_01909,Chili,1,0,15,8.69,1.12,1.0,449.6,15.0,174.5,8.7,1.22,9.82,Clay loam,Medium,Medium,Medium,36.0,20.0,20.0,61.3,43.5,33.3,0.0,0.0,0.0,Nitrogen,ALKALINE_PH,"ICAR-IISS / Soil Health Card Portal (DAC&FW, GoI)",ICAR Soil Test Crop Response (STCR) Database & National Fertilizer Guidelines 2024-25
SOIL_REC_01910,Chili,2,15,30,6.96,2.02,0.25,285.8,23.6,67.9,14.2,0.96,9.09,Clay loam,Medium,Medium,Low,40.0,20.0,25.0,70.0,43.5,50.0,0.0,0.0,0.0,Potassium,HIGH_EC_SALINITY;ELEVATED_SALINITY,"ICAR-IISS / Soil Health Card Portal (DAC&FW, GoI)",ICAR Soil Test Crop Response (STCR) Database & National Fertilizer Guidelines 2024-25
SOIL_REC_01911,Chili,3,30,60,8.45,2.36,0.45,116.4,7.8,121.8,18.2,1.76,6.96,Clay loam,Low,Low,Low,50.0,26.0,25.0,86.5,56.5,50.0,0.0,0.0,0.0,Nitrogen,HIGH_EC_SALINITY;ALKALINE_PH;ELEVATED_SALINITY,"ICAR-IISS / Soil Health Card Portal (DAC&FW, GoI)",ICAR Soil Test Crop Response (STCR) Database & National Fertilizer Guidelines 2024-25
SOIL_REC_01912,Chili,1,0,15,8.49,1.63,0.59,375.7,22.3,269.2,30.9,1.42,10.17,Sandy loam,Medium,Medium,Medium,40.0,20.0,20.0,70.0,43.5,33.3,0.0,0.0,0.0,Nitrogen,ALKALINE_PH;HIGH_LEACHING_TEXTURE,"ICAR-IISS / Soil Health Card Portal (DAC&FW, GoI)",ICAR Soil Test Crop Response (STCR) Database & National Fertilizer Guidelines 2024-25
SOIL_REC_01913,Chili,2,15,30,8.24,0.72,0.14,95.3,8.4,174.5,13.9,1.55,10.32,Sandy loam,Low,Low,Medium,50.0,26.0,20.0,86.5,56.5,33.3,0.0,0.0,0.0,Nitrogen,ALKALINE_PH;HIGH_LEACHING_TEXTURE,"ICAR-IISS / Soil Health Card Portal (DAC&FW, GoI)",ICAR Soil Test Crop Response (STCR) Database & National Fertilizer Guidelines 2024-25
SOIL_REC_01914,Chili,3,30,60,7.33,2.52,0.34,200.1,23.2,172.1,31.0,0.99,10.04,Sandy loam,Low,Medium,Medium,50.0,20.0,20.0,91.7,43.5,40.0,0.0,0.0,0.0,Nitrogen,HIGH_EC_SALINITY;ELEVATED_SALINITY;HIGH_LEACHING_TEXTURE,"ICAR-IISS / Soil Health Card Portal (DAC&FW, GoI)",ICAR Soil Test Crop Response (STCR) Database & National Fertilizer Guidelines 2024-25
SOIL_REC_01915,Chili,1,0,15,6.93,2.04,0.4,549.8,38.7,262.3,13.1,1.41,3.74,Red soil,Medium,High,Medium,40.0,0.0,20.0,87.0,0.0,40.0,0.0,0.0,0.0,Nitrogen,HIGH_EC_SALINITY;ELEVATED_SALINITY,"ICAR-IISS / Soil Health Card Portal (DAC&FW, GoI)",ICAR Soil Test Crop Response (STCR) Database & National Fertilizer Guidelines 2024-25
SOIL_REC_01916,Chili,2,15,30,6.19,2.72,0.27,349.1,9.3,324.6,29.7,1.01,8.53,Red soil,Medium,Low,Medium,40.0,26.0,20.0,87.0,0.0,40.0,162.5,0.0,0.0,Phosphorus,HIGH_EC_SALINITY;ELEVATED_SALINITY,"ICAR-IISS / Soil Health Card Portal (DAC&FW, GoI)",ICAR Soil Test Crop Response (STCR) Database & National Fertilizer Guidelines 2024-25
SOIL_REC_01917,Chili,3,30,60,7.99,0.96,0.55,146.5,23.8,199.5,19.9,1.35,8.82,Red soil,Low,Medium,Medium,50.0,20.0,20.0,91.7,43.5,33.3,0.0,0.0,0.0,Nitrogen,NONE,"ICAR-IISS / Soil Health Card Portal (DAC&FW, GoI)",ICAR Soil Test Crop Response (STCR) Database & National Fertilizer Guidelines 2024-25
SOIL_REC_01918,Chili,1,0,15,7.58,0.68,0.85,296.9,8.4,155.9,28.9,1.79,5.71,Red soil,Medium,Low,Medium,36.0,26.0,20.0,56.1,56.5,33.3,0.0,0.0,0.0,Phosphorus,NONE,"ICAR-IISS / Soil Health Card Portal (DAC&FW, GoI)",ICAR Soil Test Crop Response (STCR) Database & National Fertilizer Guidelines 2024-25
SOIL_REC_01919,Chili,2,15,30,6.73,0.33,0.39,402.4,24.5,262.5,28.2,0.59,10.62,Red soil,Medium,Medium,Medium,40.0,20.0,20.0,70.0,43.5,33.3,0.0,0.0,0.0,Nitrogen,NONE,"ICAR-IISS / Soil Health Card Portal (DAC&FW, GoI)",ICAR Soil Test Crop Response (STCR) Database & National Fertilizer Guidelines 2024-25
SOIL_REC_01920,Chili,3,30,60,5.88,0.34,0.26,258.2,8.8,194.0,4.2,1.27,4.68,Red soil,Low,Low,Medium,50.0,26.0,20.0,108.7,0.0,33.3,162.5,0.0,0.0,Nitrogen,ACIDIC_PH,"ICAR-IISS / Soil Health Card Portal (DAC&FW, GoI)",ICAR Soil Test Crop Response (STCR) Database & National Fertilizer Guidelines 2024-25
SOIL_REC_01921,Chili,1,0,15,8.63,2.21,0.77,282.0,6.6,327.6,10.2,0.82,6.31,Alluvial,Medium,Low,Medium,40.0,26.0,20.0,64.8,56.5,40.0,0.0,0.0,0.0,Phosphorus,HIGH_EC_SALINITY;ALKALINE_PH;ELEVATED_SALINITY,"ICAR-IISS / Soil Health Card Portal (DAC&FW, GoI)",ICAR Soil Test Crop Response (STCR) Database & National Fertilizer Guidelines 2024-25
SOIL_REC_01922,Chili,2,15,30,5.69,2.24,0.59,176.0,30.6,195.4,14.2,0.3,9.44,Alluvial,Low,High,Medium,50.0,0.0,20.0,108.7,0.0,40.0,0.0,0.0,0.0,Nitrogen,HIGH_EC_SALINITY;ACIDIC_PH;ELEVATED_SALINITY,"ICAR-IISS / Soil Health Card Portal (DAC&FW, GoI)",ICAR Soil Test Crop Response (STCR) Database & National Fertilizer Guidelines 2024-25
SOIL_REC_01923,Chili,3,30,60,8.11,0.32,0.23,202.2,19.8,213.6,22.5,0.79,6.57,Alluvial,Low,Medium,Medium,50.0,20.0,20.0,91.7,43.5,33.3,0.0,0.0,0.0,Nitrogen,ALKALINE_PH,"ICAR-IISS / Soil Health Card Portal (DAC&FW, GoI)",ICAR Soil Test Crop Response (STCR) Database & National Fertilizer Guidelines 2024-25
SOIL_REC_01924,Chili,1,0,15,6.38,0.4,0.88,456.6,19.9,187.8,19.9,1.27,7.97,Red soil,Medium,Medium,Medium,36.0,20.0,20.0,61.3,43.5,33.3,0.0,0.0,0.0,Nitrogen,NONE,"ICAR-IISS / Soil Health Card Portal (DAC&FW, GoI)",ICAR Soil Test Crop Response (STCR) Database & National Fertilizer Guidelines 2024-25
SOIL_REC_01925,Chili,2,15,30,6.74,2.76,0.53,259.1,20.1,284.8,5.7,1.49,10.21,Red soil,Low,Medium,Medium,50.0,20.0,20.0,91.7,43.5,40.0,0.0,0.0,0.0,Nitrogen,HIGH_EC_SALINITY;ELEVATED_SALINITY,"ICAR-IISS / Soil Health Card Portal (DAC&FW, GoI)",ICAR Soil Test Crop Response (STCR) Database & National Fertilizer Guidelines 2024-25
SOIL_REC_01926,Chili,3,30,60,5.56,0.64,0.54,226.7,4.5,201.0,17.9,0.42,8.79,Red soil,Low,Low,Medium,50.0,26.0,20.0,108.7,0.0,33.3,162.5,0.0,0.0,Nitrogen,ACIDIC_PH,"ICAR-IISS / Soil Health Card Portal (DAC&FW, GoI)",ICAR Soil Test Crop Response (STCR) Database & National Fertilizer Guidelines 2024-25
SOIL_REC_01927,Chili,1,0,15,6.51,2.65,0.69,495.9,24.1,430.8,15.3,1.05,8.65,Loam,Medium,Medium,High,40.0,20.0,0.0,70.0,43.5,0.0,0.0,0.0,0.0,Nitrogen,ELEVATED_SALINITY,"ICAR-IISS / Soil Health Card Portal (DAC&FW, GoI)",ICAR Soil Test Crop Response (STCR) Database & National Fertilizer Guidelines 2024-25
SOIL_REC_01928,Chili,2,15,30,6.84,1.67,0.49,170.9,9.7,199.9,17.5,0.33,8.22,Loam,Low,Low,Medium,50.0,26.0,20.0,86.5,56.5,33.3,0.0,0.0,0.0,Nitrogen,NONE,"ICAR-IISS / Soil Health Card Portal (DAC&FW, GoI)",ICAR Soil Test Crop Response (STCR) Database & National Fertilizer Guidelines 2024-25
SOIL_REC_01929,Chili,3,30,60,8.04,0.54,0.38,228.7,3.6,217.6,23.5,1.74,7.58,Loam,Low,Low,Medium,50.0,26.0,20.0,86.5,56.5,33.3,0.0,0.0,0.0,Nitrogen,ALKALINE_PH,"ICAR-IISS / Soil Health Card Portal (DAC&FW, GoI)",ICAR Soil Test Crop Response (STCR) Database & National Fertilizer Guidelines 2024-25
SOIL_REC_01930,Chili,1,0,15,7.64,1.29,0.38,438.7,14.7,317.1,20.0,1.67,9.08,Black soil,Medium,Medium,Medium,40.0,20.0,20.0,70.0,43.5,33.3,0.0,0.0,0.0,Nitrogen,NONE,"ICAR-IISS / Soil Health Card Portal (DAC&FW, GoI)",ICAR Soil Test Crop Response (STCR) Database & National Fertilizer Guidelines 2024-25
SOIL_REC_01931,Chili,2,15,30,6.17,1.77,0.56,233.3,14.2,75.8,18.3,1.36,7.99,Black soil,Low,Medium,Low,50.0,20.0,25.0,108.7,0.0,41.7,125.0,0.0,0.0,Nitrogen,NONE,"ICAR-IISS / Soil Health Card Portal (DAC&FW, GoI)",ICAR Soil Test Crop Response (STCR) Database & National Fertilizer Guidelines 2024-25
SOIL_REC_01932,Chili,3,30,60,6.61,0.81,0.14,99.6,15.3,108.4,4.7,0.76,10.17,Black soil,Low,Medium,Low,50.0,20.0,25.0,91.7,43.5,41.7,0.0,0.0,0.0,Nitrogen,NONE,"ICAR-IISS / Soil Health Card Portal (DAC&FW, GoI)",ICAR Soil Test Crop Response (STCR) Database & National Fertilizer Guidelines 2024-25
SOIL_REC_01933,Chili,1,0,15,8.78,1.66,0.58,580.8,26.2,345.9,4.0,0.87,7.83,Clay loam,High,High,High,16.0,0.0,0.0,34.8,0.0,0.0,0.0,0.0,0.0,Nitrogen,ALKALINE_PH,"ICAR-IISS / Soil Health Card Portal (DAC&FW, GoI)",ICAR Soil Test Crop Response (STCR) Database & National Fertilizer Guidelines 2024-25
SOIL_REC_01934,Chili,2,15,30,6.81,1.0,0.59,253.2,17.1,222.0,20.6,1.68,10.91,Clay loam,Low,Medium,Medium,50.0,20.0,20.0,91.7,43.5,33.3,0.0,0.0,0.0,Nitrogen,NONE,"ICAR-IISS / Soil Health Card Portal (DAC&FW, GoI)",ICAR Soil Test Crop Response (STCR) Database & National Fertilizer Guidelines 2024-25
SOIL_REC_01935,Chili,3,30,60,5.79,2.32,0.26,146.9,17.5,51.1,28.0,0.25,6.36,Clay loam,Low,Medium,Low,50.0,20.0,25.0,108.7,0.0,50.0,125.0,0.0,0.0,Nitrogen,HIGH_EC_SALINITY;ACIDIC_PH;ELEVATED_SALINITY,"ICAR-IISS / Soil Health Card Portal (DAC&FW, GoI)",ICAR Soil Test Crop Response (STCR) Database & National Fertilizer Guidelines 2024-25
SOIL_REC_01936,Chili,1,0,15,6.54,0.77,0.34,414.4,22.2,188.1,15.9,0.5,6.91,Clay loam,Medium,Medium,Medium,40.0,20.0,20.0,70.0,43.5,33.3,0.0,0.0,0.0,Nitrogen,NONE,"ICAR-IISS / Soil Health Card Portal (DAC&FW, GoI)",ICAR Soil Test Crop Response (STCR) Database & National Fertilizer Guidelines 2024-25
SOIL_REC_01937,Chili,2,15,30,5.76,2.5,0.52,224.3,22.4,170.1,13.0,0.28,6.02,Clay loam,Low,Medium,Medium,50.0,20.0,20.0,108.7,0.0,40.0,125.0,0.0,0.0,Nitrogen,HIGH_EC_SALINITY;ACIDIC_PH;ELEVATED_SALINITY,"ICAR-IISS / Soil Health Card Portal (DAC&FW, GoI)",ICAR Soil Test Crop Response (STCR) Database & National Fertilizer Guidelines 2024-25
SOIL_REC_01938,Chili,3,30,60,7.04,0.22,0.25,87.5,14.1,128.3,22.9,0.88,4.73,Clay loam,Low,Medium,Low,50.0,20.0,25.0,91.7,43.5,41.7,0.0,0.0,0.0,Nitrogen,NONE,"ICAR-IISS / Soil Health Card Portal (DAC&FW, GoI)",ICAR Soil Test Crop Response (STCR) Database & National Fertilizer Guidelines 2024-25
SOIL_REC_01939,Chili,1,0,15,8.32,1.8,1.02,430.4,29.5,295.2,13.4,0.83,11.26,Sandy loam,Medium,High,Medium,36.0,0.0,20.0,78.3,0.0,33.3,0.0,0.0,0.0,Nitrogen,ALKALINE_PH;HIGH_LEACHING_TEXTURE,"ICAR-IISS / Soil Health Card Portal (DAC&FW, GoI)",ICAR Soil Test Crop Response (STCR) Database & National Fertilizer Guidelines 2024-25
SOIL_REC_01940,Chili,2,15,30,6.87,1.33,0.33,213.9,12.7,310.8,29.9,1.39,5.42,Sandy loam,Low,Medium,Medium,50.0,20.0,20.0,91.7,43.5,33.3,0.0,0.0,0.0,Nitrogen,HIGH_LEACHING_TEXTURE,"ICAR-IISS / Soil Health Card Portal (DAC&FW, GoI)",ICAR Soil Test Crop Response (STCR) Database & National Fertilizer Guidelines 2024-25
SOIL_REC_01941,Chili,3,30,60,6.35,0.39,0.5,213.0,11.3,212.0,20.5,1.4,4.8,Sandy loam,Low,Medium,Medium,50.0,20.0,20.0,91.7,43.5,33.3,0.0,0.0,0.0,Nitrogen,HIGH_LEACHING_TEXTURE,"ICAR-IISS / Soil Health Card Portal (DAC&FW, GoI)",ICAR Soil Test Crop Response (STCR) Database & National Fertilizer Guidelines 2024-25
SOIL_REC_01942,Chili,1,0,15,8.62,0.87,0.7,262.5,30.1,187.1,15.5,0.23,9.71,Red soil,Low,High,Medium,50.0,0.0,20.0,108.7,0.0,33.3,0.0,0.0,0.0,Nitrogen,ALKALINE_PH,"ICAR-IISS / Soil Health Card Portal (DAC&FW, GoI)",ICAR Soil Test Crop Response (STCR) Database & National Fertilizer Guidelines 2024-25
SOIL_REC_01943,Chili,2,15,30,8.26,2.02,0.23,174.2,23.2,202.6,7.6,1.36,9.37,Red soil,Low,Medium,Medium,50.0,20.0,20.0,91.7,43.5,40.0,0.0,0.0,0.0,Nitrogen,HIGH_EC_SALINITY;ALKALINE_PH;ELEVATED_SALINITY,"ICAR-IISS / Soil Health Card Portal (DAC&FW, GoI)",ICAR Soil Test Crop Response (STCR) Database & National Fertilizer Guidelines 2024-25
SOIL_REC_01944,Chili,3,30,60,6.22,1.7,0.46,220.6,21.5,149.9,30.1,0.36,4.0,Red soil,Low,Medium,Medium,50.0,20.0,20.0,91.7,43.5,33.3,0.0,0.0,0.0,Nitrogen,NONE,"ICAR-IISS / Soil Health Card Portal (DAC&FW, GoI)",ICAR Soil Test Crop Response (STCR) Database & National Fertilizer Guidelines 2024-25
SOIL_REC_01945,Chili,1,0,15,8.79,2.18,0.57,150.6,13.3,399.8,25.3,0.97,5.36,Sandy loam,Low,Medium,High,50.0,20.0,0.0,91.7,43.5,0.0,0.0,0.0,0.0,Nitrogen,ALKALINE_PH;ELEVATED_SALINITY;HIGH_LEACHING_TEXTURE,"ICAR-IISS / Soil Health Card Portal (DAC&FW, GoI)",ICAR Soil Test Crop Response (STCR) Database & National Fertilizer Guidelines 2024-25
SOIL_REC_01946,Chili,2,15,30,8.31,1.1,0.32,356.2,17.5,158.4,26.4,0.41,9.89,Sandy loam,Medium,Medium,Medium,40.0,20.0,20.0,70.0,43.5,33.3,0.0,0.0,0.0,Nitrogen,ALKALINE_PH;HIGH_LEACHING_TEXTURE,"ICAR-IISS / Soil Health Card Portal (DAC&FW, GoI)",ICAR Soil Test Crop Response (STCR) Database & National Fertilizer Guidelines 2024-25
SOIL_REC_01947,Chili,3,30,60,5.62,0.23,0.22,201.7,20.8,113.7,5.8,1.36,4.62,Sandy loam,Low,Medium,Low,50.0,20.0,25.0,108.7,0.0,41.7,125.0,0.0,0.0,Nitrogen,ACIDIC_PH;HIGH_LEACHING_TEXTURE,"ICAR-IISS / Soil Health Card Portal (DAC&FW, GoI)",ICAR Soil Test Crop Response (STCR) Database & National Fertilizer Guidelines 2024-25
SOIL_REC_01948,Chili,1,0,15,8.22,0.57,0.85,297.9,11.7,131.3,24.5,0.94,10.66,Sandy loam,Medium,Medium,Low,36.0,20.0,25.0,61.3,43.5,41.7,0.0,0.0,0.0,Potassium,ALKALINE_PH;HIGH_LEACHING_TEXTURE,"ICAR-IISS / Soil Health Card Portal (DAC&FW, GoI)",ICAR Soil Test Crop Response (STCR) Database & National Fertilizer Guidelines 2024-25
SOIL_REC_01949,Chili,2,15,30,8.35,1.57,0.54,161.4,22.8,237.1,27.5,1.74,7.78,Sandy loam,Low,Medium,Medium,50.0,20.0,20.0,91.7,43.5,33.3,0.0,0.0,0.0,Nitrogen,ALKALINE_PH;HIGH_LEACHING_TEXTURE,"ICAR-IISS / Soil Health Card Portal (DAC&FW, GoI)",ICAR Soil Test Crop Response (STCR) Database & National Fertilizer Guidelines 2024-25
SOIL_REC_01950,Chili,3,30,60,6.92,2.3,0.51,212.4,22.8,92.0,14.1,0.68,4.96,Sandy loam,Low,Medium,Low,50.0,20.0,25.0,91.7,43.5,50.0,0.0,0.0,0.0,Nitrogen,HIGH_EC_SALINITY;ELEVATED_SALINITY;HIGH_LEACHING_TEXTURE,"ICAR-IISS / Soil Health Card Portal (DAC&FW, GoI)",ICAR Soil Test Crop Response (STCR) Database & National Fertilizer Guidelines 2024-25
SOIL_REC_01951,Chili,1,0,15,6.81,0.78,0.22,587.3,29.1,107.3,9.7,1.62,4.31,Clay loam,High,High,Low,16.0,0.0,25.0,34.8,0.0,41.7,0.0,0.0,0.0,Potassium,NONE,"ICAR-IISS / Soil Health Card Portal (DAC&FW, GoI)",ICAR Soil Test Crop Response (STCR) Database & National Fertilizer Guidelines 2024-25
SOIL_REC_01952,Chili,2,15,30,6.84,2.63,0.64,102.6,12.3,151.2,12.2,0.62,4.48,Clay loam,Low,Medium,Medium,50.0,20.0,20.0,91.7,43.5,40.0,0.0,0.0,0.0,Nitrogen,HIGH_EC_SALINITY;ELEVATED_SALINITY,"ICAR-IISS / Soil Health Card Portal (DAC&FW, GoI)",ICAR Soil Test Crop Response (STCR) Database & National Fertilizer Guidelines 2024-25
SOIL_REC_01953,Chili,3,30,60,5.86,0.98,0.39,238.6,11.7,178.5,22.9,1.25,9.92,Clay loam,Low,Medium,Medium,50.0,20.0,20.0,108.7,0.0,33.3,125.0,0.0,0.0,Nitrogen,ACIDIC_PH,"ICAR-IISS / Soil Health Card Portal (DAC&FW, GoI)",ICAR Soil Test Crop Response (STCR) Database & National Fertilizer Guidelines 2024-25
SOIL_REC_01954,Chili,1,0,15,8.24,0.28,0.9,614.3,33.3,345.9,29.1,1.11,5.17,Alluvial,High,High,High,12.0,0.0,0.0,26.1,0.0,0.0,0.0,0.0,0.0,Nitrogen,ALKALINE_PH,"ICAR-IISS / Soil Health Card Portal (DAC&FW, GoI)",ICAR Soil Test Crop Response (STCR) Database & National Fertilizer Guidelines 2024-25
SOIL_REC_01955,Chili,2,15,30,7.99,2.69,0.22,391.8,7.3,246.4,17.6,1.62,3.11,Alluvial,Medium,Low,Medium,40.0,26.0,20.0,64.8,56.5,40.0,0.0,0.0,0.0,Phosphorus,HIGH_EC_SALINITY;ELEVATED_SALINITY,"ICAR-IISS / Soil Health Card Portal (DAC&FW, GoI)",ICAR Soil Test Crop Response (STCR) Database & National Fertilizer Guidelines 2024-25
SOIL_REC_01956,Chili,3,30,60,6.37,2.78,0.22,270.4,4.2,86.1,26.2,1.54,11.5,Alluvial,Low,Low,Low,50.0,26.0,25.0,86.5,56.5,50.0,0.0,0.0,0.0,Nitrogen,HIGH_EC_SALINITY;ELEVATED_SALINITY,"ICAR-IISS / Soil Health Card Portal (DAC&FW, GoI)",ICAR Soil Test Crop Response (STCR) Database & National Fertilizer Guidelines 2024-25
SOIL_REC_01957,Chili,1,0,15,6.03,1.65,1.05,331.1,20.2,251.4,13.4,1.6,11.26,Loam,Medium,Medium,Medium,36.0,20.0,20.0,78.3,0.0,33.3,125.0,0.0,0.0,Nitrogen,NONE,"ICAR-IISS / Soil Health Card Portal (DAC&FW, GoI)",ICAR Soil Test Crop Response (STCR) Database & National Fertilizer Guidelines 2024-25
SOIL_REC_01958,Chili,2,15,30,6.03,0.72,0.48,147.5,29.5,70.0,4.5,0.73,7.95,Loam,Low,High,Low,50.0,0.0,25.0,108.7,0.0,41.7,0.0,0.0,0.0,Nitrogen,NONE,"ICAR-IISS / Soil Health Card Portal (DAC&FW, GoI)",ICAR Soil Test Crop Response (STCR) Database & National Fertilizer Guidelines 2024-25
SOIL_REC_01959,Chili,3,30,60,5.86,0.73,0.08,65.5,7.1,118.5,16.3,1.37,3.67,Loam,Low,Low,Low,50.0,26.0,25.0,108.7,0.0,41.7,162.5,0.0,0.0,Nitrogen,ACIDIC_PH,"ICAR-IISS / Soil Health Card Portal (DAC&FW, GoI)",ICAR Soil Test Crop Response (STCR) Database & National Fertilizer Guidelines 2024-25
SOIL_REC_01960,Chili,1,0,15,8.08,1.15,0.92,338.8,23.9,369.3,21.1,0.76,10.23,Black soil,Medium,Medium,High,36.0,20.0,0.0,61.3,43.5,0.0,0.0,0.0,0.0,Nitrogen,ALKALINE_PH,"ICAR-IISS / Soil Health Card Portal (DAC&FW, GoI)",ICAR Soil Test Crop Response (STCR) Database & National Fertilizer Guidelines 2024-25
SOIL_REC_01961,Chili,2,15,30,6.32,2.15,0.24,330.7,11.1,88.6,29.3,1.66,9.48,Black soil,Medium,Medium,Low,40.0,20.0,25.0,70.0,43.5,50.0,0.0,0.0,0.0,Potassium,HIGH_EC_SALINITY;ELEVATED_SALINITY,"ICAR-IISS / Soil Health Card Portal (DAC&FW, GoI)",ICAR Soil Test Crop Response (STCR) Database & National Fertilizer Guidelines 2024-25
SOIL_REC_01962,Chili,3,30,60,7.34,0.87,0.31,118.7,7.6,174.0,30.6,0.41,3.71,Black soil,Low,Low,Medium,50.0,26.0,20.0,86.5,56.5,33.3,0.0,0.0,0.0,Nitrogen,NONE,"ICAR-IISS / Soil Health Card Portal (DAC&FW, GoI)",ICAR Soil Test Crop Response (STCR) Database & National Fertilizer Guidelines 2024-25
SOIL_REC_01963,Chili,1,0,15,7.01,2.66,0.91,524.7,39.5,420.2,4.5,0.93,4.05,Clay loam,Medium,High,High,36.0,0.0,0.0,78.3,0.0,0.0,0.0,0.0,0.0,Nitrogen,ELEVATED_SALINITY,"ICAR-IISS / Soil Health Card Portal (DAC&FW, GoI)",ICAR Soil Test Crop Response (STCR) Database & National Fertilizer Guidelines 2024-25
SOIL_REC_01964,Chili,2,15,30,6.04,2.27,0.32,420.4,6.3,287.4,24.2,1.67,4.96,Clay loam,Medium,Low,Medium,40.0,26.0,20.0,87.0,0.0,40.0,162.5,0.0,0.0,Phosphorus,HIGH_EC_SALINITY;ELEVATED_SALINITY,"ICAR-IISS / Soil Health Card Portal (DAC&FW, GoI)",ICAR Soil Test Crop Response (STCR) Database & National Fertilizer Guidelines 2024-25
SOIL_REC_01965,Chili,3,30,60,8.41,1.4,0.44,85.4,22.3,160.6,23.3,0.71,4.97,Clay loam,Low,Medium,Medium,50.0,20.0,20.0,91.7,43.5,33.3,0.0,0.0,0.0,Nitrogen,ALKALINE_PH,"ICAR-IISS / Soil Health Card Portal (DAC&FW, GoI)",ICAR Soil Test Crop Response (STCR) Database & National Fertilizer Guidelines 2024-25
SOIL_REC_01966,Chili,1,0,15,7.55,2.36,1.04,211.4,17.1,229.1,21.9,0.56,10.79,Sandy loam,Low,Medium,Medium,46.0,20.0,20.0,83.0,43.5,40.0,0.0,0.0,0.0,Nitrogen,HIGH_EC_SALINITY;ELEVATED_SALINITY;HIGH_LEACHING_TEXTURE,"ICAR-IISS / Soil Health Card Portal (DAC&FW, GoI)",ICAR Soil Test Crop Response (STCR) Database & National Fertilizer Guidelines 2024-25
SOIL_REC_01967,Chili,2,15,30,6.95,2.25,0.45,145.6,20.4,318.9,9.0,0.71,2.88,Sandy loam,Low,Medium,Medium,50.0,20.0,20.0,91.7,43.5,40.0,0.0,0.0,0.0,Nitrogen,HIGH_EC_SALINITY;ELEVATED_SALINITY;HIGH_LEACHING_TEXTURE,"ICAR-IISS / Soil Health Card Portal (DAC&FW, GoI)",ICAR Soil Test Crop Response (STCR) Database & National Fertilizer Guidelines 2024-25
SOIL_REC_01968,Chili,3,30,60,8.65,2.23,0.24,158.6,14.2,173.3,29.6,1.36,3.9,Sandy loam,Low,Medium,Medium,50.0,20.0,20.0,91.7,43.5,40.0,0.0,0.0,0.0,Nitrogen,HIGH_EC_SALINITY;ALKALINE_PH;ELEVATED_SALINITY;HIGH_LEACHING_TEXTURE,"ICAR-IISS / Soil Health Card Portal (DAC&FW, GoI)",ICAR Soil Test Crop Response (STCR) Database & National Fertilizer Guidelines 2024-25
SOIL_REC_01969,Chili,1,0,15,7.1,1.83,0.58,504.7,9.2,157.1,7.6,0.34,2.95,Loam,Medium,Low,Medium,40.0,26.0,20.0,64.8,56.5,33.3,0.0,0.0,0.0,Phosphorus,ELEVATED_SALINITY,"ICAR-IISS / Soil Health Card Portal (DAC&FW, GoI)",ICAR Soil Test Crop Response (STCR) Database & National Fertilizer Guidelines 2024-25
SOIL_REC_01970,Chili,2,15,30,7.25,2.71,0.14,351.3,35.4,216.8,26.6,1.39,2.97,Loam,Medium,High,Medium,40.0,0.0,20.0,87.0,0.0,40.0,0.0,0.0,0.0,Nitrogen,HIGH_EC_SALINITY;ELEVATED_SALINITY,"ICAR-IISS / Soil Health Card Portal (DAC&FW, GoI)",ICAR Soil Test Crop Response (STCR) Database & National Fertilizer Guidelines 2024-25
SOIL_REC_01971,Chili,3,30,60,8.52,2.74,0.11,273.8,21.1,132.3,23.4,1.48,11.36,Loam,Low,Medium,Low,50.0,20.0,25.0,91.7,43.5,50.0,0.0,0.0,0.0,Nitrogen,HIGH_EC_SALINITY;ALKALINE_PH;ELEVATED_SALINITY,"ICAR-IISS / Soil Health Card Portal (DAC&FW, GoI)",ICAR Soil Test Crop Response (STCR) Database & National Fertilizer Guidelines 2024-25
SOIL_REC_01972,Chili,1,0,15,6.0,0.47,1.07,428.6,35.2,154.2,12.9,1.62,9.76,Alluvial,Medium,High,Medium,36.0,0.0,20.0,78.3,0.0,33.3,0.0,0.0,0.0,Nitrogen,NONE,"ICAR-IISS / Soil Health Card Portal (DAC&FW, GoI)",ICAR Soil Test Crop Response (STCR) Database & National Fertilizer Guidelines 2024-25
SOIL_REC_01973,Chili,2,15,30,7.13,0.65,0.21,274.6,16.7,136.2,10.2,0.93,4.05,Alluvial,Low,Medium,Low,50.0,20.0,25.0,91.7,43.5,41.7,0.0,0.0,0.0,Nitrogen,NONE,"ICAR-IISS / Soil Health Card Portal (DAC&FW, GoI)",ICAR Soil Test Crop Response (STCR) Database & National Fertilizer Guidelines 2024-25
SOIL_REC_01974,Chili,3,30,60,6.69,0.95,0.14,153.9,10.9,102.7,26.7,1.15,8.64,Alluvial,Low,Medium,Low,50.0,20.0,25.0,91.7,43.5,41.7,0.0,0.0,0.0,Nitrogen,NONE,"ICAR-IISS / Soil Health Card Portal (DAC&FW, GoI)",ICAR Soil Test Crop Response (STCR) Database & National Fertilizer Guidelines 2024-25
SOIL_REC_01975,Chili,1,0,15,8.5,2.12,0.15,389.8,14.2,441.4,12.2,0.91,11.1,Loam,Medium,Medium,High,40.0,20.0,0.0,70.0,43.5,0.0,0.0,0.0,0.0,Nitrogen,ALKALINE_PH;ELEVATED_SALINITY,"ICAR-IISS / Soil Health Card Portal (DAC&FW, GoI)",ICAR Soil Test Crop Response (STCR) Database & National Fertilizer Guidelines 2024-25
SOIL_REC_01976,Chili,2,15,30,5.56,1.51,0.48,280.7,22.8,156.8,11.6,0.23,4.08,Loam,Medium,Medium,Medium,40.0,20.0,20.0,87.0,0.0,33.3,125.0,0.0,0.0,Nitrogen,ACIDIC_PH,"ICAR-IISS / Soil Health Card Portal (DAC&FW, GoI)",ICAR Soil Test Crop Response (STCR) Database & National Fertilizer Guidelines 2024-25
SOIL_REC_01977,Chili,3,30,60,8.34,1.8,0.25,186.9,10.3,155.2,28.5,0.5,8.98,Loam,Low,Medium,Medium,50.0,20.0,20.0,91.7,43.5,33.3,0.0,0.0,0.0,Nitrogen,ALKALINE_PH,"ICAR-IISS / Soil Health Card Portal (DAC&FW, GoI)",ICAR Soil Test Crop Response (STCR) Database & National Fertilizer Guidelines 2024-25
SOIL_REC_01978,Chili,1,0,15,6.35,2.03,0.32,333.6,33.6,147.6,28.6,1.39,6.43,Black soil,Medium,High,Medium,40.0,0.0,20.0,87.0,0.0,40.0,0.0,0.0,0.0,Nitrogen,HIGH_EC_SALINITY;ELEVATED_SALINITY,"ICAR-IISS / Soil Health Card Portal (DAC&FW, GoI)",ICAR Soil Test Crop Response (STCR) Database & National Fertilizer Guidelines 2024-25
SOIL_REC_01979,Chili,2,15,30,6.38,1.38,0.47,209.6,9.9,313.8,19.9,0.23,3.27,Black soil,Low,Low,Medium,50.0,26.0,20.0,86.5,56.5,33.3,0.0,0.0,0.0,Nitrogen,NONE,"ICAR-IISS / Soil Health Card Portal (DAC&FW, GoI)",ICAR Soil Test Crop Response (STCR) Database & National Fertilizer Guidelines 2024-25
SOIL_REC_01980,Chili,3,30,60,6.82,1.61,0.14,211.1,3.6,111.4,24.3,0.45,8.13,Black soil,Low,Low,Low,50.0,26.0,25.0,86.5,56.5,41.7,0.0,0.0,0.0,Nitrogen,NONE,"ICAR-IISS / Soil Health Card Portal (DAC&FW, GoI)",ICAR Soil Test Crop Response (STCR) Database & National Fertilizer Guidelines 2024-25
SOIL_REC_01981,Turmeric,1,0,15,5.74,2.6,1.06,504.3,15.2,144.6,12.9,1.41,9.16,Sandy loam,Medium,Medium,Low,32.4,24.0,45.0,70.4,0.0,90.0,150.0,0.0,0.0,Potassium,HIGH_EC_SALINITY;ACIDIC_PH;ELEVATED_SALINITY;HIGH_LEACHING_TEXTURE,"ICAR-IISS / Soil Health Card Portal (DAC&FW, GoI)",ICAR Soil Test Crop Response (STCR) Database & National Fertilizer Guidelines 2024-25
SOIL_REC_01982,Turmeric,2,15,30,6.83,1.33,0.44,360.1,9.4,177.8,27.1,1.36,8.81,Sandy loam,Medium,Low,Medium,36.0,31.2,36.0,51.7,67.8,60.0,0.0,0.0,0.0,Phosphorus,HIGH_LEACHING_TEXTURE,"ICAR-IISS / Soil Health Card Portal (DAC&FW, GoI)",ICAR Soil Test Crop Response (STCR) Database & National Fertilizer Guidelines 2024-25
SOIL_REC_01983,Turmeric,3,30,60,8.65,0.31,0.25,143.8,8.4,137.6,22.1,1.08,3.42,Sandy loam,Low,Low,Low,45.0,31.2,45.0,71.3,67.8,75.0,0.0,0.0,0.0,Nitrogen,ALKALINE_PH;HIGH_LEACHING_TEXTURE,"ICAR-IISS / Soil Health Card Portal (DAC&FW, GoI)",ICAR Soil Test Crop Response (STCR) Database & National Fertilizer Guidelines 2024-25
SOIL_REC_01984,Turmeric,1,0,15,7.89,0.78,0.66,545.7,7.8,296.6,27.8,0.56,10.63,Loam,Medium,Low,Medium,36.0,31.2,36.0,51.7,67.8,60.0,0.0,0.0,0.0,Phosphorus,NONE,"ICAR-IISS / Soil Health Card Portal (DAC&FW, GoI)",ICAR Soil Test Crop Response (STCR) Database & National Fertilizer Guidelines 2024-25
SOIL_REC_01985,Turmeric,2,15,30,5.71,1.87,0.24,146.9,34.4,114.2,6.1,1.4,7.36,Loam,Low,High,Low,45.0,0.0,45.0,97.8,0.0,75.0,0.0,0.0,0.0,Nitrogen,ACIDIC_PH;ELEVATED_SALINITY,"ICAR-IISS / Soil Health Card Portal (DAC&FW, GoI)",ICAR Soil Test Crop Response (STCR) Database & National Fertilizer Guidelines 2024-25
SOIL_REC_01986,Turmeric,3,30,60,8.51,0.49,0.25,98.4,12.1,120.1,18.0,0.84,10.99,Loam,Low,Medium,Low,45.0,24.0,45.0,77.4,52.2,75.0,0.0,0.0,0.0,Nitrogen,ALKALINE_PH,"ICAR-IISS / Soil Health Card Portal (DAC&FW, GoI)",ICAR Soil Test Crop Response (STCR) Database & National Fertilizer Guidelines 2024-25
SOIL_REC_01987,Turmeric,1,0,15,8.02,0.49,0.46,398.1,8.5,201.3,12.6,0.41,10.45,Sandy loam,Medium,Low,Medium,36.0,31.2,36.0,51.7,67.8,60.0,0.0,0.0,0.0,Phosphorus,ALKALINE_PH;HIGH_LEACHING_TEXTURE,"ICAR-IISS / Soil Health Card Portal (DAC&FW, GoI)",ICAR Soil Test Crop Response (STCR) Database & National Fertilizer Guidelines 2024-25
SOIL_REC_01988,Turmeric,2,15,30,5.5,2.27,0.24,438.0,33.3,201.9,21.9,0.97,10.4,Sandy loam,Medium,High,Medium,36.0,0.0,36.0,78.3,0.0,72.0,0.0,0.0,0.0,Nitrogen,HIGH_EC_SALINITY;ACIDIC_PH;ELEVATED_SALINITY;HIGH_LEACHING_TEXTURE,"ICAR-IISS / Soil Health Card Portal (DAC&FW, GoI)",ICAR Soil Test Crop Response (STCR) Database & National Fertilizer Guidelines 2024-25
SOIL_REC_01989,Turmeric,3,30,60,7.22,2.22,0.53,219.5,8.9,201.6,25.0,1.44,3.63,Sandy loam,Low,Low,Medium,45.0,31.2,36.0,71.3,67.8,72.0,0.0,0.0,0.0,Nitrogen,HIGH_EC_SALINITY;ELEVATED_SALINITY;HIGH_LEACHING_TEXTURE,"ICAR-IISS / Soil Health Card Portal (DAC&FW, GoI)",ICAR Soil Test Crop Response (STCR) Database & National Fertilizer Guidelines 2024-25
SOIL_REC_01990,Turmeric,1,0,15,7.89,0.77,0.78,175.9,11.9,424.9,26.6,0.49,4.34,Black soil,Low,Medium,High,45.0,24.0,0.0,77.4,52.2,0.0,0.0,0.0,0.0,Nitrogen,NONE,"ICAR-IISS / Soil Health Card Portal (DAC&FW, GoI)",ICAR Soil Test Crop Response (STCR) Database & National Fertilizer Guidelines 2024-25
SOIL_REC_01991,Turmeric,2,15,30,5.56,1.99,0.14,151.2,12.5,126.1,31.2,0.65,7.11,Black soil,Low,Medium,Low,45.0,24.0,45.0,97.8,0.0,75.0,150.0,0.0,0.0,Nitrogen,ACIDIC_PH;ELEVATED_SALINITY,"ICAR-IISS / Soil Health Card Portal (DAC&FW, GoI)",ICAR Soil Test Crop Response (STCR) Database & National Fertilizer Guidelines 2024-25
SOIL_REC_01992,Turmeric,3,30,60,7.19,2.49,0.44,235.0,5.4,129.8,21.2,0.45,9.72,Black soil,Low,Low,Low,45.0,31.2,45.0,71.3,67.8,90.0,0.0,0.0,0.0,Nitrogen,HIGH_EC_SALINITY;ELEVATED_SALINITY,"ICAR-IISS / Soil Health Card Portal (DAC&FW, GoI)",ICAR Soil Test Crop Response (STCR) Database & National Fertilizer Guidelines 2024-25
SOIL_REC_01993,Turmeric,1,0,15,7.51,2.74,0.41,465.3,10.1,147.9,23.6,0.38,7.72,Alluvial,Medium,Medium,Medium,36.0,24.0,36.0,57.8,52.2,72.0,0.0,0.0,0.0,Nitrogen,HIGH_EC_SALINITY;ELEVATED_SALINITY,"ICAR-IISS / Soil Health Card Portal (DAC&FW, GoI)",ICAR Soil Test Crop Response (STCR) Database & National Fertilizer Guidelines 2024-25
SOIL_REC_01994,Turmeric,2,15,30,5.69,2.48,0.41,97.9,26.2,112.9,4.1,0.21,11.39,Alluvial,Low,High,Low,45.0,0.0,45.0,97.8,0.0,90.0,0.0,0.0,0.0,Nitrogen,HIGH_EC_SALINITY;ACIDIC_PH;ELEVATED_SALINITY,"ICAR-IISS / Soil Health Card Portal (DAC&FW, GoI)",ICAR Soil Test Crop Response (STCR) Database & National Fertilizer Guidelines 2024-25
SOIL_REC_01995,Turmeric,3,30,60,7.97,1.6,0.17,159.0,21.3,45.7,21.7,0.72,4.2,Alluvial,Low,Medium,Low,45.0,24.0,45.0,77.4,52.2,75.0,0.0,0.0,0.0,Nitrogen,NONE,"ICAR-IISS / Soil Health Card Portal (DAC&FW, GoI)",ICAR Soil Test Crop Response (STCR) Database & National Fertilizer Guidelines 2024-25
SOIL_REC_01996,Turmeric,1,0,15,8.42,2.54,0.67,121.0,20.9,338.1,29.9,1.55,8.35,Loam,Low,Medium,High,45.0,24.0,0.0,77.4,52.2,0.0,0.0,0.0,0.0,Nitrogen,ALKALINE_PH;ELEVATED_SALINITY,"ICAR-IISS / Soil Health Card Portal (DAC&FW, GoI)",ICAR Soil Test Crop Response (STCR) Database & National Fertilizer Guidelines 2024-25
SOIL_REC_01997,Turmeric,2,15,30,7.68,1.67,0.55,112.4,17.0,255.8,8.6,0.93,6.64,Loam,Low,Medium,Medium,45.0,24.0,36.0,77.4,52.2,60.0,0.0,0.0,0.0,Nitrogen,NONE,"ICAR-IISS / Soil Health Card Portal (DAC&FW, GoI)",ICAR Soil Test Crop Response (STCR) Database & National Fertilizer Guidelines 2024-25
SOIL_REC_01998,Turmeric,3,30,60,6.31,0.79,0.48,308.2,7.3,202.0,21.1,0.82,10.0,Loam,Medium,Low,Medium,36.0,31.2,36.0,51.7,67.8,60.0,0.0,0.0,0.0,Phosphorus,NONE,"ICAR-IISS / Soil Health Card Portal (DAC&FW, GoI)",ICAR Soil Test Crop Response (STCR) Database & National Fertilizer Guidelines 2024-25
SOIL_REC_01999,Turmeric,1,0,15,6.21,1.46,1.01,161.7,20.1,131.1,21.7,1.07,10.21,Loam,Low,Medium,Low,41.4,24.0,45.0,69.6,52.2,75.0,0.0,0.0,0.0,Nitrogen,NONE,"ICAR-IISS / Soil Health Card Portal (DAC&FW, GoI)",ICAR Soil Test Crop Response (STCR) Database & National Fertilizer Guidelines 2024-25
SOIL_REC_02000,Turmeric,2,15,30,8.23,1.25,0.4,129.3,18.2,149.8,25.8,0.2,3.21,Loam,Low,Medium,Medium,45.0,24.0,36.0,77.4,52.2,60.0,0.0,0.0,0.0,Nitrogen,ALKALINE_PH,"ICAR-IISS / Soil Health Card Portal (DAC&FW, GoI)",ICAR Soil Test Crop Response (STCR) Database & National Fertilizer Guidelines 2024-25
SOIL_REC_02001,Turmeric,3,30,60,6.01,1.52,0.15,285.0,18.1,72.4,22.8,1.56,9.45,Loam,Medium,Medium,Low,36.0,24.0,45.0,78.3,0.0,75.0,150.0,0.0,0.0,Potassium,NONE,"ICAR-IISS / Soil Health Card Portal (DAC&FW, GoI)",ICAR Soil Test Crop Response (STCR) Database & National Fertilizer Guidelines 2024-25
SOIL_REC_02002,Turmeric,1,0,15,6.65,0.69,0.85,484.2,8.7,261.7,23.8,1.42,11.44,Loam,Medium,Low,Medium,32.4,31.2,36.0,43.9,67.8,60.0,0.0,0.0,0.0,Phosphorus,NONE,"ICAR-IISS / Soil Health Card Portal (DAC&FW, GoI)",ICAR Soil Test Crop Response (STCR) Database & National Fertilizer Guidelines 2024-25
SOIL_REC_02003,Turmeric,2,15,30,5.57,2.68,0.46,234.6,25.0,181.6,21.6,0.79,8.03,Loam,Low,Medium,Medium,45.0,24.0,36.0,97.8,0.0,72.0,150.0,0.0,0.0,Nitrogen,HIGH_EC_SALINITY;ACIDIC_PH;ELEVATED_SALINITY,"ICAR-IISS / Soil Health Card Portal (DAC&FW, GoI)",ICAR Soil Test Crop Response (STCR) Database & National Fertilizer Guidelines 2024-25
SOIL_REC_02004,Turmeric,3,30,60,5.52,2.54,0.33,85.1,16.7,93.0,25.6,1.19,6.94,Loam,Low,Medium,Low,45.0,24.0,45.0,97.8,0.0,90.0,150.0,0.0,0.0,Nitrogen,HIGH_EC_SALINITY;ACIDIC_PH;ELEVATED_SALINITY,"ICAR-IISS / Soil Health Card Portal (DAC&FW, GoI)",ICAR Soil Test Crop Response (STCR) Database & National Fertilizer Guidelines 2024-25
SOIL_REC_02005,Turmeric,1,0,15,8.66,0.5,1.02,467.4,20.8,303.6,20.2,1.05,4.85,Black soil,Medium,Medium,Medium,32.4,24.0,36.0,50.0,52.2,60.0,0.0,0.0,0.0,Nitrogen,ALKALINE_PH,"ICAR-IISS / Soil Health Card Portal (DAC&FW, GoI)",ICAR Soil Test Crop Response (STCR) Database & National Fertilizer Guidelines 2024-25
SOIL_REC_02006,Turmeric,2,15,30,7.79,1.11,0.47,365.4,5.0,260.9,24.5,1.32,6.08,Black soil,Medium,Low,Medium,36.0,31.2,36.0,51.7,67.8,60.0,0.0,0.0,0.0,Phosphorus,NONE,"ICAR-IISS / Soil Health Card Portal (DAC&FW, GoI)",ICAR Soil Test Crop Response (STCR) Database & National Fertilizer Guidelines 2024-25
SOIL_REC_02007,Turmeric,3,30,60,7.8,2.34,0.33,250.9,15.8,108.7,27.2,0.42,6.76,Black soil,Low,Medium,Low,45.0,24.0,45.0,77.4,52.2,90.0,0.0,0.0,0.0,Nitrogen,HIGH_EC_SALINITY;ELEVATED_SALINITY,"ICAR-IISS / Soil Health Card Portal (DAC&FW, GoI)",ICAR Soil Test Crop Response (STCR) Database & National Fertilizer Guidelines 2024-25
SOIL_REC_02008,Turmeric,1,0,15,7.54,1.74,1.0,201.3,19.7,306.8,22.8,1.21,2.59,Clay loam,Low,Medium,Medium,41.4,24.0,36.0,69.6,52.2,60.0,0.0,0.0,0.0,Nitrogen,NONE,"ICAR-IISS / Soil Health Card Portal (DAC&FW, GoI)",ICAR Soil Test Crop Response (STCR) Database & National Fertilizer Guidelines 2024-25
SOIL_REC_02009,Turmeric,2,15,30,6.97,0.97,0.21,413.1,5.2,139.9,17.3,1.42,6.41,Clay loam,Medium,Low,Low,36.0,31.2,45.0,51.7,67.8,75.0,0.0,0.0,0.0,Phosphorus,NONE,"ICAR-IISS / Soil Health Card Portal (DAC&FW, GoI)",ICAR Soil Test Crop Response (STCR) Database & National Fertilizer Guidelines 2024-25
SOIL_REC_02010,Turmeric,3,30,60,7.45,2.79,0.1,169.5,16.0,132.2,19.7,1.09,8.16,Clay loam,Low,Medium,Low,45.0,24.0,45.0,77.4,52.2,90.0,0.0,0.0,0.0,Nitrogen,HIGH_EC_SALINITY;ELEVATED_SALINITY,"ICAR-IISS / Soil Health Card Portal (DAC&FW, GoI)",ICAR Soil Test Crop Response (STCR) Database & National Fertilizer Guidelines 2024-25
SOIL_REC_02011,Turmeric,1,0,15,7.76,1.49,0.68,462.8,41.7,192.3,11.7,1.73,4.34,Clay loam,Medium,High,Medium,36.0,0.0,36.0,78.3,0.0,60.0,0.0,0.0,0.0,Nitrogen,NONE,"ICAR-IISS / Soil Health Card Portal (DAC&FW, GoI)",ICAR Soil Test Crop Response (STCR) Database & National Fertilizer Guidelines 2024-25
SOIL_REC_02012,Turmeric,2,15,30,7.51,1.51,0.33,244.1,12.1,294.0,18.5,1.21,4.46,Clay loam,Low,Medium,Medium,45.0,24.0,36.0,77.4,52.2,60.0,0.0,0.0,0.0,Nitrogen,NONE,"ICAR-IISS / Soil Health Card Portal (DAC&FW, GoI)",ICAR Soil Test Crop Response (STCR) Database & National Fertilizer Guidelines 2024-25
SOIL_REC_02013,Turmeric,3,30,60,7.92,1.59,0.33,309.3,9.2,150.2,4.8,0.66,2.59,Clay loam,Medium,Low,Medium,36.0,31.2,36.0,51.7,67.8,60.0,0.0,0.0,0.0,Phosphorus,NONE,"ICAR-IISS / Soil Health Card Portal (DAC&FW, GoI)",ICAR Soil Test Crop Response (STCR) Database & National Fertilizer Guidelines 2024-25
SOIL_REC_02014,Turmeric,1,0,15,6.05,1.86,0.92,557.9,19.7,151.5,27.4,1.78,4.06,Alluvial,Medium,Medium,Medium,32.4,24.0,36.0,70.4,0.0,60.0,150.0,0.0,0.0,Nitrogen,ELEVATED_SALINITY,"ICAR-IISS / Soil Health Card Portal (DAC&FW, GoI)",ICAR Soil Test Crop Response (STCR) Database & National Fertilizer Guidelines 2024-25
SOIL_REC_02015,Turmeric,2,15,30,5.96,1.39,0.4,198.7,23.5,84.0,27.5,0.49,7.58,Alluvial,Low,Medium,Low,45.0,24.0,45.0,97.8,0.0,75.0,150.0,0.0,0.0,Nitrogen,ACIDIC_PH,"ICAR-IISS / Soil Health Card Portal (DAC&FW, GoI)",ICAR Soil Test Crop Response (STCR) Database & National Fertilizer Guidelines 2024-25
SOIL_REC_02016,Turmeric,3,30,60,6.33,1.55,0.44,60.1,21.4,148.2,9.3,1.27,2.89,Alluvial,Low,Medium,Medium,45.0,24.0,36.0,77.4,52.2,60.0,0.0,0.0,0.0,Nitrogen,NONE,"ICAR-IISS / Soil Health Card Portal (DAC&FW, GoI)",ICAR Soil Test Crop Response (STCR) Database & National Fertilizer Guidelines 2024-25
SOIL_REC_02017,Turmeric,1,0,15,6.51,2.32,0.67,429.4,36.9,184.3,27.9,1.79,7.76,Black soil,Medium,High,Medium,36.0,0.0,36.0,78.3,0.0,72.0,0.0,0.0,0.0,Nitrogen,HIGH_EC_SALINITY;ELEVATED_SALINITY,"ICAR-IISS / Soil Health Card Portal (DAC&FW, GoI)",ICAR Soil Test Crop Response (STCR) Database & National Fertilizer Guidelines 2024-25
SOIL_REC_02018,Turmeric,2,15,30,6.87,2.45,0.12,437.0,18.6,167.6,4.4,0.2,2.94,Black soil,Medium,Medium,Medium,36.0,24.0,36.0,57.8,52.2,72.0,0.0,0.0,0.0,Nitrogen,HIGH_EC_SALINITY;ELEVATED_SALINITY,"ICAR-IISS / Soil Health Card Portal (DAC&FW, GoI)",ICAR Soil Test Crop Response (STCR) Database & National Fertilizer Guidelines 2024-25
SOIL_REC_02019,Turmeric,3,30,60,6.64,1.21,0.4,85.5,21.7,185.1,14.0,0.53,11.16,Black soil,Low,Medium,Medium,45.0,24.0,36.0,77.4,52.2,60.0,0.0,0.0,0.0,Nitrogen,NONE,"ICAR-IISS / Soil Health Card Portal (DAC&FW, GoI)",ICAR Soil Test Crop Response (STCR) Database & National Fertilizer Guidelines 2024-25
SOIL_REC_02020,Turmeric,1,0,15,6.78,0.45,0.4,402.7,40.7,442.3,22.6,1.64,5.29,Clay loam,Medium,High,High,36.0,0.0,0.0,78.3,0.0,0.0,0.0,0.0,0.0,Nitrogen,NONE,"ICAR-IISS / Soil Health Card Portal (DAC&FW, GoI)",ICAR Soil Test Crop Response (STCR) Database & National Fertilizer Guidelines 2024-25
SOIL_REC_02021,Turmeric,2,15,30,6.98,0.33,0.65,432.7,33.2,244.0,18.9,0.46,10.84,Clay loam,Medium,High,Medium,36.0,0.0,36.0,78.3,0.0,60.0,0.0,0.0,0.0,Nitrogen,NONE,"ICAR-IISS / Soil Health Card Portal (DAC&FW, GoI)",ICAR Soil Test Crop Response (STCR) Database & National Fertilizer Guidelines 2024-25
SOIL_REC_02022,Turmeric,3,30,60,8.15,0.28,0.37,111.0,10.8,168.8,5.3,0.63,5.31,Clay loam,Low,Medium,Medium,45.0,24.0,36.0,77.4,52.2,60.0,0.0,0.0,0.0,Nitrogen,ALKALINE_PH,"ICAR-IISS / Soil Health Card Portal (DAC&FW, GoI)",ICAR Soil Test Crop Response (STCR) Database & National Fertilizer Guidelines 2024-25
SOIL_REC_02023,Turmeric,1,0,15,5.93,1.75,0.19,362.0,33.9,433.7,19.6,1.69,10.28,Clay loam,Medium,High,High,36.0,0.0,0.0,78.3,0.0,0.0,0.0,0.0,0.0,Nitrogen,ACIDIC_PH,"ICAR-IISS / Soil Health Card Portal (DAC&FW, GoI)",ICAR Soil Test Crop Response (STCR) Database & National Fertilizer Guidelines 2024-25
SOIL_REC_02024,Turmeric,2,15,30,6.73,0.98,0.14,143.2,29.0,99.0,29.5,1.18,6.64,Clay loam,Low,High,Low,45.0,0.0,45.0,97.8,0.0,75.0,0.0,0.0,0.0,Nitrogen,NONE,"ICAR-IISS / Soil Health Card Portal (DAC&FW, GoI)",ICAR Soil Test Crop Response (STCR) Database & National Fertilizer Guidelines 2024-25
SOIL_REC_02025,Turmeric,3,30,60,7.08,1.02,0.28,104.6,22.7,77.5,21.1,0.73,4.55,Clay loam,Low,Medium,Low,45.0,24.0,45.0,77.4,52.2,75.0,0.0,0.0,0.0,Nitrogen,NONE,"ICAR-IISS / Soil Health Card Portal (DAC&FW, GoI)",ICAR Soil Test Crop Response (STCR) Database & National Fertilizer Guidelines 2024-25
SOIL_REC_02026,Turmeric,1,0,15,7.64,0.97,0.9,249.3,18.9,414.3,12.5,0.66,9.96,Red soil,Low,Medium,High,41.4,24.0,0.0,69.6,52.2,0.0,0.0,0.0,0.0,Nitrogen,NONE,"ICAR-IISS / Soil Health Card Portal (DAC&FW, GoI)",ICAR Soil Test Crop Response (STCR) Database & National Fertilizer Guidelines 2024-25
SOIL_REC_02027,Turmeric,2,15,30,6.73,0.78,0.42,154.0,31.2,288.3,19.0,0.7,7.15,Red soil,Low,High,Medium,45.0,0.0,36.0,97.8,0.0,60.0,0.0,0.0,0.0,Nitrogen,NONE,"ICAR-IISS / Soil Health Card Portal (DAC&FW, GoI)",ICAR Soil Test Crop Response (STCR) Database & National Fertilizer Guidelines 2024-25
SOIL_REC_02028,Turmeric,3,30,60,5.77,0.56,0.23,146.9,5.1,171.3,28.1,1.15,2.53,Red soil,Low,Low,Medium,45.0,31.2,36.0,97.8,0.0,60.0,195.0,0.0,0.0,Nitrogen,ACIDIC_PH,"ICAR-IISS / Soil Health Card Portal (DAC&FW, GoI)",ICAR Soil Test Crop Response (STCR) Database & National Fertilizer Guidelines 2024-25
SOIL_REC_02029,Turmeric,1,0,15,6.8,1.91,1.05,585.3,8.9,348.2,17.2,1.68,8.58,Loam,High,Low,High,10.8,31.2,0.0,0.0,67.8,0.0,0.0,0.0,0.0,Phosphorus,ELEVATED_SALINITY,"ICAR-IISS / Soil Health Card Portal (DAC&FW, GoI)",ICAR Soil Test Crop Response (STCR) Database & National Fertilizer Guidelines 2024-25
SOIL_REC_02030,Turmeric,2,15,30,7.59,1.4,0.22,379.7,21.4,214.8,10.9,0.75,5.55,Loam,Medium,Medium,Medium,36.0,24.0,36.0,57.8,52.2,60.0,0.0,0.0,0.0,Nitrogen,NONE,"ICAR-IISS / Soil Health Card Portal (DAC&FW, GoI)",ICAR Soil Test Crop Response (STCR) Database & National Fertilizer Guidelines 2024-25
SOIL_REC_02031,Turmeric,3,30,60,7.73,1.64,0.16,206.1,9.4,167.6,13.7,1.34,5.47,Loam,Low,Low,Medium,45.0,31.2,36.0,71.3,67.8,60.0,0.0,0.0,0.0,Nitrogen,NONE,"ICAR-IISS / Soil Health Card Portal (DAC&FW, GoI)",ICAR Soil Test Crop Response (STCR) Database & National Fertilizer Guidelines 2024-25
SOIL_REC_02032,Turmeric,1,0,15,5.88,1.51,0.61,427.5,24.8,109.7,29.7,1.05,8.55,Black soil,Medium,Medium,Low,36.0,24.0,45.0,78.3,0.0,75.0,150.0,0.0,0.0,Potassium,ACIDIC_PH,"ICAR-IISS / Soil Health Card Portal (DAC&FW, GoI)",ICAR Soil Test Crop Response (STCR) Database & National Fertilizer Guidelines 2024-25
SOIL_REC_02033,Turmeric,2,15,30,6.7,1.76,0.3,260.3,13.0,129.7,14.3,0.54,9.84,Black soil,Low,Medium,Low,45.0,24.0,45.0,77.4,52.2,75.0,0.0,0.0,0.0,Nitrogen,NONE,"ICAR-IISS / Soil Health Card Portal (DAC&FW, GoI)",ICAR Soil Test Crop Response (STCR) Database & National Fertilizer Guidelines 2024-25
SOIL_REC_02034,Turmeric,3,30,60,6.48,2.47,0.42,273.3,9.2,195.0,27.6,0.39,8.02,Black soil,Low,Low,Medium,45.0,31.2,36.0,71.3,67.8,72.0,0.0,0.0,0.0,Nitrogen,HIGH_EC_SALINITY;ELEVATED_SALINITY,"ICAR-IISS / Soil Health Card Portal (DAC&FW, GoI)",ICAR Soil Test Crop Response (STCR) Database & National Fertilizer Guidelines 2024-25
SOIL_REC_02035,Turmeric,1,0,15,8.16,1.68,0.34,264.7,43.9,163.1,13.3,0.98,7.58,Red soil,Low,High,Medium,45.0,0.0,36.0,97.8,0.0,60.0,0.0,0.0,0.0,Nitrogen,ALKALINE_PH,"ICAR-IISS / Soil Health Card Portal (DAC&FW, GoI)",ICAR Soil Test Crop Response (STCR) Database & National Fertilizer Guidelines 2024-25
SOIL_REC_02036,Turmeric,2,15,30,6.23,0.52,0.27,121.2,29.3,253.4,10.7,1.23,11.23,Red soil,Low,High,Medium,45.0,0.0,36.0,97.8,0.0,60.0,0.0,0.0,0.0,Nitrogen,NONE,"ICAR-IISS / Soil Health Card Portal (DAC&FW, GoI)",ICAR Soil Test Crop Response (STCR) Database & National Fertilizer Guidelines 2024-25
SOIL_REC_02037,Turmeric,3,30,60,8.74,1.31,0.09,178.6,14.2,76.5,29.6,0.31,10.05,Red soil,Low,Medium,Low,45.0,24.0,45.0,77.4,52.2,75.0,0.0,0.0,0.0,Nitrogen,ALKALINE_PH,"ICAR-IISS / Soil Health Card Portal (DAC&FW, GoI)",ICAR Soil Test Crop Response (STCR) Database & National Fertilizer Guidelines 2024-25
SOIL_REC_02038,Turmeric,1,0,15,7.29,0.71,0.42,397.4,13.7,336.3,12.8,0.4,9.07,Black soil,Medium,Medium,High,36.0,24.0,0.0,57.8,52.2,0.0,0.0,0.0,0.0,Nitrogen,NONE,"ICAR-IISS / Soil Health Card Portal (DAC&FW, GoI)",ICAR Soil Test Crop Response (STCR) Database & National Fertilizer Guidelines 2024-25
SOIL_REC_02039,Turmeric,2,15,30,6.85,2.36,0.26,212.8,11.6,286.8,26.0,0.28,7.36,Black soil,Low,Medium,Medium,45.0,24.0,36.0,77.4,52.2,72.0,0.0,0.0,0.0,Nitrogen,HIGH_EC_SALINITY;ELEVATED_SALINITY,"ICAR-IISS / Soil Health Card Portal (DAC&FW, GoI)",ICAR Soil Test Crop Response (STCR) Database & National Fertilizer Guidelines 2024-25
SOIL_REC_02040,Turmeric,3,30,60,8.35,1.13,0.4,107.0,8.9,113.7,6.5,0.97,9.55,Black soil,Low,Low,Low,45.0,31.2,45.0,71.3,67.8,75.0,0.0,0.0,0.0,Nitrogen,ALKALINE_PH,"ICAR-IISS / Soil Health Card Portal (DAC&FW, GoI)",ICAR Soil Test Crop Response (STCR) Database & National Fertilizer Guidelines 2024-25
SOIL_REC_02041,Turmeric,1,0,15,7.46,1.23,1.04,613.5,15.4,382.9,7.8,1.17,4.94,Loam,High,Medium,High,10.8,24.0,0.0,3.0,52.2,0.0,0.0,0.0,0.0,Nitrogen,NONE,"ICAR-IISS / Soil Health Card Portal (DAC&FW, GoI)",ICAR Soil Test Crop Response (STCR) Database & National Fertilizer Guidelines 2024-25
SOIL_REC_02042,Turmeric,2,15,30,6.74,2.26,0.3,429.8,6.2,226.1,20.4,0.25,2.85,Loam,Medium,Low,Medium,36.0,31.2,36.0,51.7,67.8,72.0,0.0,0.0,0.0,Phosphorus,HIGH_EC_SALINITY;ELEVATED_SALINITY,"ICAR-IISS / Soil Health Card Portal (DAC&FW, GoI)",ICAR Soil Test Crop Response (STCR) Database & National Fertilizer Guidelines 2024-25
SOIL_REC_02043,Turmeric,3,30,60,5.66,1.75,0.24,117.0,3.4,208.1,27.3,1.29,5.73,Loam,Low,Low,Medium,45.0,31.2,36.0,97.8,0.0,60.0,195.0,0.0,0.0,Nitrogen,ACIDIC_PH,"ICAR-IISS / Soil Health Card Portal (DAC&FW, GoI)",ICAR Soil Test Crop Response (STCR) Database & National Fertilizer Guidelines 2024-25
SOIL_REC_02044,Turmeric,1,0,15,7.82,1.6,0.54,381.0,44.0,151.3,12.3,0.64,11.41,Sandy loam,Medium,High,Medium,36.0,0.0,36.0,78.3,0.0,60.0,0.0,0.0,0.0,Nitrogen,HIGH_LEACHING_TEXTURE,"ICAR-IISS / Soil Health Card Portal (DAC&FW, GoI)",ICAR Soil Test Crop Response (STCR) Database & National Fertilizer Guidelines 2024-25
SOIL_REC_02045,Turmeric,2,15,30,8.06,0.97,0.65,427.9,25.6,263.0,20.3,0.9,7.83,Sandy loam,Medium,High,Medium,36.0,0.0,36.0,78.3,0.0,60.0,0.0,0.0,0.0,Nitrogen,ALKALINE_PH;HIGH_LEACHING_TEXTURE,"ICAR-IISS / Soil Health Card Portal (DAC&FW, GoI)",ICAR Soil Test Crop Response (STCR) Database & National Fertilizer Guidelines 2024-25
SOIL_REC_02046,Turmeric,3,30,60,8.39,2.34,0.5,142.1,17.9,107.7,18.6,1.71,9.55,Sandy loam,Low,Medium,Low,45.0,24.0,45.0,77.4,52.2,90.0,0.0,0.0,0.0,Nitrogen,HIGH_EC_SALINITY;ALKALINE_PH;ELEVATED_SALINITY;HIGH_LEACHING_TEXTURE,"ICAR-IISS / Soil Health Card Portal (DAC&FW, GoI)",ICAR Soil Test Crop Response (STCR) Database & National Fertilizer Guidelines 2024-25
SOIL_REC_02047,Turmeric,1,0,15,5.67,0.57,0.57,411.9,36.7,309.3,29.1,1.55,10.47,Alluvial,Medium,High,Medium,36.0,0.0,36.0,78.3,0.0,60.0,0.0,0.0,0.0,Nitrogen,ACIDIC_PH,"ICAR-IISS / Soil Health Card Portal (DAC&FW, GoI)",ICAR Soil Test Crop Response (STCR) Database & National Fertilizer Guidelines 2024-25
SOIL_REC_02048,Turmeric,2,15,30,8.21,0.98,0.5,329.7,33.1,189.5,6.3,0.22,5.62,Alluvial,Medium,High,Medium,36.0,0.0,36.0,78.3,0.0,60.0,0.0,0.0,0.0,Nitrogen,ALKALINE_PH,"ICAR-IISS / Soil Health Card Portal (DAC&FW, GoI)",ICAR Soil Test Crop Response (STCR) Database & National Fertilizer Guidelines 2024-25
SOIL_REC_02049,Turmeric,3,30,60,7.42,0.98,0.53,291.4,20.0,187.2,26.3,0.53,7.22,Alluvial,Medium,Medium,Medium,36.0,24.0,36.0,57.8,52.2,60.0,0.0,0.0,0.0,Nitrogen,NONE,"ICAR-IISS / Soil Health Card Portal (DAC&FW, GoI)",ICAR Soil Test Crop Response (STCR) Database & National Fertilizer Guidelines 2024-25
SOIL_REC_02050,Turmeric,1,0,15,7.23,1.22,0.65,161.5,36.5,319.8,9.9,1.0,9.64,Loam,Low,High,Medium,45.0,0.0,36.0,97.8,0.0,60.0,0.0,0.0,0.0,Nitrogen,NONE,"ICAR-IISS / Soil Health Card Portal (DAC&FW, GoI)",ICAR Soil Test Crop Response (STCR) Database & National Fertilizer Guidelines 2024-25
SOIL_REC_02051,Turmeric,2,15,30,8.3,0.5,0.17,182.2,35.6,200.3,19.1,0.64,11.21,Loam,Low,High,Medium,45.0,0.0,36.0,97.8,0.0,60.0,0.0,0.0,0.0,Nitrogen,ALKALINE_PH,"ICAR-IISS / Soil Health Card Portal (DAC&FW, GoI)",ICAR Soil Test Crop Response (STCR) Database & National Fertilizer Guidelines 2024-25
SOIL_REC_02052,Turmeric,3,30,60,7.4,2.51,0.09,258.7,16.8,201.0,27.6,1.12,10.54,Loam,Low,Medium,Medium,45.0,24.0,36.0,77.4,52.2,72.0,0.0,0.0,0.0,Nitrogen,HIGH_EC_SALINITY;ELEVATED_SALINITY,"ICAR-IISS / Soil Health Card Portal (DAC&FW, GoI)",ICAR Soil Test Crop Response (STCR) Database & National Fertilizer Guidelines 2024-25
SOIL_REC_02053,Turmeric,1,0,15,6.97,1.7,0.5,193.9,42.2,422.9,20.4,0.55,10.0,Sandy loam,Low,High,High,45.0,0.0,0.0,97.8,0.0,0.0,0.0,0.0,0.0,Nitrogen,HIGH_LEACHING_TEXTURE,"ICAR-IISS / Soil Health Card Portal (DAC&FW, GoI)",ICAR Soil Test Crop Response (STCR) Database & National Fertilizer Guidelines 2024-25
SOIL_REC_02054,Turmeric,2,15,30,5.8,2.36,0.34,279.2,28.2,271.2,17.0,1.4,9.8,Sandy loam,Low,High,Medium,45.0,0.0,36.0,97.8,0.0,72.0,0.0,0.0,0.0,Nitrogen,HIGH_EC_SALINITY;ACIDIC_PH;ELEVATED_SALINITY;HIGH_LEACHING_TEXTURE,"ICAR-IISS / Soil Health Card Portal (DAC&FW, GoI)",ICAR Soil Test Crop Response (STCR) Database & National Fertilizer Guidelines 2024-25
SOIL_REC_02055,Turmeric,3,30,60,7.71,0.71,0.39,65.0,18.6,66.9,10.8,1.14,2.6,Sandy loam,Low,Medium,Low,45.0,24.0,45.0,77.4,52.2,75.0,0.0,0.0,0.0,Nitrogen,HIGH_LEACHING_TEXTURE,"ICAR-IISS / Soil Health Card Portal (DAC&FW, GoI)",ICAR Soil Test Crop Response (STCR) Database & National Fertilizer Guidelines 2024-25
SOIL_REC_02056,Turmeric,1,0,15,5.91,1.69,0.6,187.2,42.4,215.8,10.8,0.88,7.95,Alluvial,Low,High,Medium,45.0,0.0,36.0,97.8,0.0,60.0,0.0,0.0,0.0,Nitrogen,ACIDIC_PH,"ICAR-IISS / Soil Health Card Portal (DAC&FW, GoI)",ICAR Soil Test Crop Response (STCR) Database & National Fertilizer Guidelines 2024-25
SOIL_REC_02057,Turmeric,2,15,30,7.78,1.05,0.49,127.9,20.3,100.7,11.9,0.3,3.79,Alluvial,Low,Medium,Low,45.0,24.0,45.0,77.4,52.2,75.0,0.0,0.0,0.0,Nitrogen,NONE,"ICAR-IISS / Soil Health Card Portal (DAC&FW, GoI)",ICAR Soil Test Crop Response (STCR) Database & National Fertilizer Guidelines 2024-25
SOIL_REC_02058,Turmeric,3,30,60,6.2,1.4,0.27,286.4,22.6,188.1,18.9,0.53,9.7,Alluvial,Medium,Medium,Medium,36.0,24.0,36.0,57.8,52.2,60.0,0.0,0.0,0.0,Nitrogen,NONE,"ICAR-IISS / Soil Health Card Portal (DAC&FW, GoI)",ICAR Soil Test Crop Response (STCR) Database & National Fertilizer Guidelines 2024-25
SOIL_REC_02059,Turmeric,1,0,15,8.52,0.41,0.81,374.8,31.2,294.6,9.9,0.59,8.38,Loam,Medium,High,Medium,32.4,0.0,36.0,70.4,0.0,60.0,0.0,0.0,0.0,Nitrogen,ALKALINE_PH,"ICAR-IISS / Soil Health Card Portal (DAC&FW, GoI)",ICAR Soil Test Crop Response (STCR) Database & National Fertilizer Guidelines 2024-25
SOIL_REC_02060,Turmeric,2,15,30,7.82,1.83,0.5,455.8,35.3,294.7,16.0,0.79,11.58,Loam,Medium,High,Medium,36.0,0.0,36.0,78.3,0.0,60.0,0.0,0.0,0.0,Nitrogen,ELEVATED_SALINITY,"ICAR-IISS / Soil Health Card Portal (DAC&FW, GoI)",ICAR Soil Test Crop Response (STCR) Database & National Fertilizer Guidelines 2024-25
SOIL_REC_02061,Turmeric,3,30,60,6.99,0.84,0.38,275.2,20.2,88.1,17.6,0.5,5.79,Loam,Low,Medium,Low,45.0,24.0,45.0,77.4,52.2,75.0,0.0,0.0,0.0,Nitrogen,NONE,"ICAR-IISS / Soil Health Card Portal (DAC&FW, GoI)",ICAR Soil Test Crop Response (STCR) Database & National Fertilizer Guidelines 2024-25
SOIL_REC_02062,Turmeric,1,0,15,5.83,0.95,0.52,459.4,7.8,138.2,18.2,0.58,7.12,Sandy loam,Medium,Low,Low,36.0,31.2,45.0,78.3,0.0,75.0,195.0,0.0,0.0,Phosphorus,ACIDIC_PH;HIGH_LEACHING_TEXTURE,"ICAR-IISS / Soil Health Card Portal (DAC&FW, GoI)",ICAR Soil Test Crop Response (STCR) Database & National Fertilizer Guidelines 2024-25
SOIL_REC_02063,Turmeric,2,15,30,7.01,2.42,0.5,248.2,28.6,169.6,4.1,1.66,5.3,Sandy loam,Low,High,Medium,45.0,0.0,36.0,97.8,0.0,72.0,0.0,0.0,0.0,Nitrogen,HIGH_EC_SALINITY;ELEVATED_SALINITY;HIGH_LEACHING_TEXTURE,"ICAR-IISS / Soil Health Card Portal (DAC&FW, GoI)",ICAR Soil Test Crop Response (STCR) Database & National Fertilizer Guidelines 2024-25
SOIL_REC_02064,Turmeric,3,30,60,7.22,1.18,0.2,77.2,17.8,119.2,5.0,0.37,11.99,Sandy loam,Low,Medium,Low,45.0,24.0,45.0,77.4,52.2,75.0,0.0,0.0,0.0,Nitrogen,HIGH_LEACHING_TEXTURE,"ICAR-IISS / Soil Health Card Portal (DAC&FW, GoI)",ICAR Soil Test Crop Response (STCR) Database & National Fertilizer Guidelines 2024-25
SOIL_REC_02065,Turmeric,1,0,15,8.66,1.04,1.0,287.4,42.6,318.5,12.4,1.53,2.91,Black soil,Medium,High,Medium,32.4,0.0,36.0,70.4,0.0,60.0,0.0,0.0,0.0,Nitrogen,ALKALINE_PH,"ICAR-IISS / Soil Health Card Portal (DAC&FW, GoI)",ICAR Soil Test Crop Response (STCR) Database & National Fertilizer Guidelines 2024-25
SOIL_REC_02066,Turmeric,2,15,30,6.73,0.52,0.25,300.1,4.5,199.9,10.0,0.62,7.12,Black soil,Medium,Low,Medium,36.0,31.2,36.0,51.7,67.8,60.0,0.0,0.0,0.0,Phosphorus,NONE,"ICAR-IISS / Soil Health Card Portal (DAC&FW, GoI)",ICAR Soil Test Crop Response (STCR) Database & National Fertilizer Guidelines 2024-25
SOIL_REC_02067,Turmeric,3,30,60,6.19,0.55,0.48,278.1,8.5,91.6,11.6,0.39,9.67,Black soil,Low,Low,Low,45.0,31.2,45.0,97.8,0.0,75.0,195.0,0.0,0.0,Nitrogen,NONE,"ICAR-IISS / Soil Health Card Portal (DAC&FW, GoI)",ICAR Soil Test Crop Response (STCR) Database & National Fertilizer Guidelines 2024-25
SOIL_REC_02068,Turmeric,1,0,15,7.45,2.27,1.03,407.7,30.2,106.2,17.9,0.62,9.68,Loam,Medium,High,Low,32.4,0.0,45.0,70.4,0.0,90.0,0.0,0.0,0.0,Potassium,HIGH_EC_SALINITY;ELEVATED_SALINITY,"ICAR-IISS / Soil Health Card Portal (DAC&FW, GoI)",ICAR Soil Test Crop Response (STCR) Database & National Fertilizer Guidelines 2024-25
SOIL_REC_02069,Turmeric,2,15,30,8.53,2.44,0.56,349.5,4.6,114.4,18.2,1.42,5.14,Loam,Medium,Low,Low,36.0,31.2,45.0,51.7,67.8,90.0,0.0,0.0,0.0,Phosphorus,HIGH_EC_SALINITY;ALKALINE_PH;ELEVATED_SALINITY,"ICAR-IISS / Soil Health Card Portal (DAC&FW, GoI)",ICAR Soil Test Crop Response (STCR) Database & National Fertilizer Guidelines 2024-25
SOIL_REC_02070,Turmeric,3,30,60,7.53,1.38,0.2,140.0,23.2,65.1,23.8,1.53,9.79,Loam,Low,Medium,Low,45.0,24.0,45.0,77.4,52.2,75.0,0.0,0.0,0.0,Nitrogen,NONE,"ICAR-IISS / Soil Health Card Portal (DAC&FW, GoI)",ICAR Soil Test Crop Response (STCR) Database & National Fertilizer Guidelines 2024-25
SOIL_REC_02071,Banana,1,0,15,7.97,1.38,0.95,181.6,17.2,160.8,22.0,0.88,7.75,Alluvial,Low,Medium,Medium,92.0,24.0,80.0,179.6,52.2,133.3,0.0,0.0,0.0,Nitrogen,NONE,"ICAR-IISS / Soil Health Card Portal (DAC&FW, GoI)",ICAR Soil Test Crop Response (STCR) Database & National Fertilizer Guidelines 2024-25
SOIL_REC_02072,Banana,2,15,30,7.35,0.51,0.19,233.9,30.7,140.7,24.2,1.53,4.43,Alluvial,Low,High,Low,100.0,0.0,100.0,217.4,0.0,166.7,0.0,0.0,0.0,Nitrogen,NONE,"ICAR-IISS / Soil Health Card Portal (DAC&FW, GoI)",ICAR Soil Test Crop Response (STCR) Database & National Fertilizer Guidelines 2024-25
SOIL_REC_02073,Banana,3,30,60,8.63,1.74,0.44,285.3,13.7,82.0,17.2,1.24,5.91,Alluvial,Medium,Medium,Low,80.0,24.0,100.0,153.5,52.2,166.7,0.0,0.0,0.0,Potassium,ALKALINE_PH,"ICAR-IISS / Soil Health Card Portal (DAC&FW, GoI)",ICAR Soil Test Crop Response (STCR) Database & National Fertilizer Guidelines 2024-25
SOIL_REC_02074,Banana,1,0,15,6.23,0.81,0.53,500.5,24.9,388.6,6.6,1.35,8.25,Alluvial,Medium,Medium,High,80.0,24.0,0.0,153.5,52.2,0.0,0.0,0.0,0.0,Nitrogen,NONE,"ICAR-IISS / Soil Health Card Portal (DAC&FW, GoI)",ICAR Soil Test Crop Response (STCR) Database & National Fertilizer Guidelines 2024-25
SOIL_REC_02075,Banana,2,15,30,7.55,0.49,0.79,162.4,30.5,303.3,31.1,0.5,3.71,Alluvial,Low,High,Medium,100.0,0.0,80.0,217.4,0.0,133.3,0.0,0.0,0.0,Nitrogen,NONE,"ICAR-IISS / Soil Health Card Portal (DAC&FW, GoI)",ICAR Soil Test Crop Response (STCR) Database & National Fertilizer Guidelines 2024-25
SOIL_REC_02076,Banana,3,30,60,5.94,0.89,0.15,69.9,8.5,162.9,8.8,1.59,11.0,Alluvial,Low,Low,Medium,100.0,31.2,80.0,217.4,0.0,133.3,195.0,0.0,0.0,Nitrogen,ACIDIC_PH,"ICAR-IISS / Soil Health Card Portal (DAC&FW, GoI)",ICAR Soil Test Crop Response (STCR) Database & National Fertilizer Guidelines 2024-25
SOIL_REC_02077,Banana,1,0,15,5.62,1.9,0.58,187.0,17.3,190.6,4.6,1.33,7.2,Alluvial,Low,Medium,Medium,100.0,24.0,80.0,217.4,0.0,133.3,150.0,0.0,0.0,Nitrogen,ACIDIC_PH;ELEVATED_SALINITY,"ICAR-IISS / Soil Health Card Portal (DAC&FW, GoI)",ICAR Soil Test Crop Response (STCR) Database & National Fertilizer Guidelines 2024-25
SOIL_REC_02078,Banana,2,15,30,7.45,2.03,0.18,170.7,13.0,336.9,10.7,1.08,3.22,Alluvial,Low,Medium,High,100.0,24.0,0.0,197.0,52.2,0.0,0.0,0.0,0.0,Nitrogen,ELEVATED_SALINITY,"ICAR-IISS / Soil Health Card Portal (DAC&FW, GoI)",ICAR Soil Test Crop Response (STCR) Database & National Fertilizer Guidelines 2024-25
SOIL_REC_02079,Banana,3,30,60,7.55,2.06,0.22,298.7,22.4,71.0,11.8,1.72,2.77,Alluvial,Medium,Medium,Low,80.0,24.0,100.0,153.5,52.2,200.0,0.0,0.0,0.0,Potassium,HIGH_EC_SALINITY;ELEVATED_SALINITY,"ICAR-IISS / Soil Health Card Portal (DAC&FW, GoI)",ICAR Soil Test Crop Response (STCR) Database & National Fertilizer Guidelines 2024-25
SOIL_REC_02080,Banana,1,0,15,7.93,1.43,0.86,611.5,42.4,296.8,9.7,0.48,3.24,Red soil,High,High,Medium,24.0,0.0,80.0,52.2,0.0,133.3,0.0,0.0,0.0,Nitrogen,NONE,"ICAR-IISS / Soil Health Card Portal (DAC&FW, GoI)",ICAR Soil Test Crop Response (STCR) Database & National Fertilizer Guidelines 2024-25
SOIL_REC_02081,Banana,2,15,30,7.14,0.98,0.22,198.6,12.8,307.8,22.1,0.54,6.48,Red soil,Low,Medium,Medium,100.0,24.0,80.0,197.0,52.2,133.3,0.0,0.0,0.0,Nitrogen,NONE,"ICAR-IISS / Soil Health Card Portal (DAC&FW, GoI)",ICAR Soil Test Crop Response (STCR) Database & National Fertilizer Guidelines 2024-25
SOIL_REC_02082,Banana,3,30,60,5.86,2.35,0.1,108.1,11.0,122.7,23.3,0.54,7.01,Red soil,Low,Medium,Low,100.0,24.0,100.0,217.4,0.0,200.0,150.0,0.0,0.0,Nitrogen,HIGH_EC_SALINITY;ACIDIC_PH;ELEVATED_SALINITY,"ICAR-IISS / Soil Health Card Portal (DAC&FW, GoI)",ICAR Soil Test Crop Response (STCR) Database & National Fertilizer Guidelines 2024-25
SOIL_REC_02083,Banana,1,0,15,7.3,1.37,0.77,148.0,45.1,370.5,4.9,0.74,10.03,Loam,Low,High,High,100.0,0.0,0.0,217.4,0.0,0.0,0.0,0.0,0.0,Nitrogen,NONE,"ICAR-IISS / Soil Health Card Portal (DAC&FW, GoI)",ICAR Soil Test Crop Response (STCR) Database & National Fertilizer Guidelines 2024-25
SOIL_REC_02084,Banana,2,15,30,6.79,2.29,0.63,116.3,15.9,178.0,19.2,0.25,5.72,Loam,Low,Medium,Medium,100.0,24.0,80.0,197.0,52.2,160.0,0.0,0.0,0.0,Nitrogen,HIGH_EC_SALINITY;ELEVATED_SALINITY,"ICAR-IISS / Soil Health Card Portal (DAC&FW, GoI)",ICAR Soil Test Crop Response (STCR) Database & National Fertilizer Guidelines 2024-25
SOIL_REC_02085,Banana,3,30,60,7.07,1.01,0.1,183.7,5.9,217.0,19.8,0.22,10.09,Loam,Low,Low,Medium,100.0,31.2,80.0,190.9,67.8,133.3,0.0,0.0,0.0,Nitrogen,NONE,"ICAR-IISS / Soil Health Card Portal (DAC&FW, GoI)",ICAR Soil Test Crop Response (STCR) Database & National Fertilizer Guidelines 2024-25
SOIL_REC_02086,Banana,1,0,15,7.53,0.43,0.87,137.3,25.0,147.7,7.1,1.06,6.12,Loam,Low,Medium,Medium,92.0,24.0,80.0,179.6,52.2,133.3,0.0,0.0,0.0,Nitrogen,NONE,"ICAR-IISS / Soil Health Card Portal (DAC&FW, GoI)",ICAR Soil Test Crop Response (STCR) Database & National Fertilizer Guidelines 2024-25
SOIL_REC_02087,Banana,2,15,30,5.64,1.52,0.74,335.7,20.1,117.6,4.7,1.52,5.5,Loam,Medium,Medium,Low,80.0,24.0,100.0,173.9,0.0,166.7,150.0,0.0,0.0,Potassium,ACIDIC_PH,"ICAR-IISS / Soil Health Card Portal (DAC&FW, GoI)",ICAR Soil Test Crop Response (STCR) Database & National Fertilizer Guidelines 2024-25
SOIL_REC_02088,Banana,3,30,60,8.54,2.21,0.43,258.1,24.0,65.0,8.7,1.49,11.66,Loam,Low,Medium,Low,100.0,24.0,100.0,197.0,52.2,200.0,0.0,0.0,0.0,Nitrogen,HIGH_EC_SALINITY;ALKALINE_PH;ELEVATED_SALINITY,"ICAR-IISS / Soil Health Card Portal (DAC&FW, GoI)",ICAR Soil Test Crop Response (STCR) Database & National Fertilizer Guidelines 2024-25
SOIL_REC_02089,Banana,1,0,15,8.25,1.38,0.44,323.5,47.3,142.1,10.3,0.68,10.64,Black soil,Medium,High,Low,80.0,0.0,100.0,173.9,0.0,166.7,0.0,0.0,0.0,Potassium,ALKALINE_PH,"ICAR-IISS / Soil Health Card Portal (DAC&FW, GoI)",ICAR Soil Test Crop Response (STCR) Database & National Fertilizer Guidelines 2024-25
SOIL_REC_02090,Banana,2,15,30,8.57,0.54,0.37,124.8,17.0,106.4,9.1,1.66,5.06,Black soil,Low,Medium,Low,100.0,24.0,100.0,197.0,52.2,166.7,0.0,0.0,0.0,Nitrogen,ALKALINE_PH,"ICAR-IISS / Soil Health Card Portal (DAC&FW, GoI)",ICAR Soil Test Crop Response (STCR) Database & National Fertilizer Guidelines 2024-25
SOIL_REC_02091,Banana,3,30,60,5.77,2.68,0.51,226.1,3.4,93.9,24.8,0.91,10.5,Black soil,Low,Low,Low,100.0,31.2,100.0,217.4,0.0,200.0,195.0,0.0,0.0,Nitrogen,HIGH_EC_SALINITY;ACIDIC_PH;ELEVATED_SALINITY,"ICAR-IISS / Soil Health Card Portal (DAC&FW, GoI)",ICAR Soil Test Crop Response (STCR) Database & National Fertilizer Guidelines 2024-25
SOIL_REC_02092,Banana,1,0,15,6.74,0.26,0.79,330.3,32.3,203.7,10.3,0.41,6.39,Loam,Medium,High,Medium,80.0,0.0,80.0,173.9,0.0,133.3,0.0,0.0,0.0,Nitrogen,NONE,"ICAR-IISS / Soil Health Card Portal (DAC&FW, GoI)",ICAR Soil Test Crop Response (STCR) Database & National Fertilizer Guidelines 2024-25
SOIL_REC_02093,Banana,2,15,30,7.65,1.77,0.33,298.9,35.1,250.3,11.6,0.75,9.07,Loam,Medium,High,Medium,80.0,0.0,80.0,173.9,0.0,133.3,0.0,0.0,0.0,Nitrogen,NONE,"ICAR-IISS / Soil Health Card Portal (DAC&FW, GoI)",ICAR Soil Test Crop Response (STCR) Database & National Fertilizer Guidelines 2024-25
SOIL_REC_02094,Banana,3,30,60,7.43,1.11,0.26,92.9,5.2,165.1,13.0,1.69,8.02,Loam,Low,Low,Medium,100.0,31.2,80.0,190.9,67.8,133.3,0.0,0.0,0.0,Nitrogen,NONE,"ICAR-IISS / Soil Health Card Portal (DAC&FW, GoI)",ICAR Soil Test Crop Response (STCR) Database & National Fertilizer Guidelines 2024-25
SOIL_REC_02095,Banana,1,0,15,6.06,1.32,0.99,616.7,35.5,353.7,26.5,1.62,4.93,Sandy loam,High,High,High,24.0,0.0,0.0,52.2,0.0,0.0,0.0,0.0,0.0,Nitrogen,HIGH_LEACHING_TEXTURE,"ICAR-IISS / Soil Health Card Portal (DAC&FW, GoI)",ICAR Soil Test Crop Response (STCR) Database & National Fertilizer Guidelines 2024-25
SOIL_REC_02096,Banana,2,15,30,7.33,2.26,0.76,282.6,17.8,125.3,14.6,0.29,2.59,Sandy loam,Medium,Medium,Low,80.0,24.0,100.0,153.5,52.2,200.0,0.0,0.0,0.0,Potassium,HIGH_EC_SALINITY;ELEVATED_SALINITY;HIGH_LEACHING_TEXTURE,"ICAR-IISS / Soil Health Card Portal (DAC&FW, GoI)",ICAR Soil Test Crop Response (STCR) Database & National Fertilizer Guidelines 2024-25
SOIL_REC_02097,Banana,3,30,60,7.23,1.01,0.2,187.8,7.8,192.8,19.6,0.34,7.86,Sandy loam,Low,Low,Medium,100.0,31.2,80.0,190.9,67.8,133.3,0.0,0.0,0.0,Nitrogen,HIGH_LEACHING_TEXTURE,"ICAR-IISS / Soil Health Card Portal (DAC&FW, GoI)",ICAR Soil Test Crop Response (STCR) Database & National Fertilizer Guidelines 2024-25
SOIL_REC_02098,Banana,1,0,15,5.61,0.96,0.95,185.3,24.4,105.7,15.3,1.38,9.76,Alluvial,Low,Medium,Low,92.0,24.0,100.0,200.0,0.0,166.7,150.0,0.0,0.0,Nitrogen,ACIDIC_PH,"ICAR-IISS / Soil Health Card Portal (DAC&FW, GoI)",ICAR Soil Test Crop Response (STCR) Database & National Fertilizer Guidelines 2024-25
SOIL_REC_02099,Banana,2,15,30,8.58,2.2,0.78,165.6,23.6,264.7,7.6,0.52,5.6,Alluvial,Low,Medium,Medium,100.0,24.0,80.0,197.0,52.2,160.0,0.0,0.0,0.0,Nitrogen,HIGH_EC_SALINITY;ALKALINE_PH;ELEVATED_SALINITY,"ICAR-IISS / Soil Health Card Portal (DAC&FW, GoI)",ICAR Soil Test Crop Response (STCR) Database & National Fertilizer Guidelines 2024-25
SOIL_REC_02100,Banana,3,30,60,6.26,1.6,0.32,127.6,22.8,52.0,8.4,0.56,11.67,Alluvial,Low,Medium,Low,100.0,24.0,100.0,197.0,52.2,166.7,0.0,0.0,0.0,Nitrogen,NONE,"ICAR-IISS / Soil Health Card Portal (DAC&FW, GoI)",ICAR Soil Test Crop Response (STCR) Database & National Fertilizer Guidelines 2024-25
SOIL_REC_02101,Banana,1,0,15,6.55,1.32,0.29,547.8,13.1,449.2,9.6,1.36,9.02,Black soil,Medium,Medium,High,80.0,24.0,0.0,153.5,52.2,0.0,0.0,0.0,0.0,Nitrogen,NONE,"ICAR-IISS / Soil Health Card Portal (DAC&FW, GoI)",ICAR Soil Test Crop Response (STCR) Database & National Fertilizer Guidelines 2024-25
SOIL_REC_02102,Banana,2,15,30,7.95,2.45,0.37,213.3,32.2,273.1,4.1,0.23,7.71,Black soil,Low,High,Medium,100.0,0.0,80.0,217.4,0.0,160.0,0.0,0.0,0.0,Nitrogen,HIGH_EC_SALINITY;ELEVATED_SALINITY,"ICAR-IISS / Soil Health Card Portal (DAC&FW, GoI)",ICAR Soil Test Crop Response (STCR) Database & National Fertilizer Guidelines 2024-25
SOIL_REC_02103,Banana,3,30,60,6.74,2.26,0.43,308.5,12.5,151.9,21.1,0.21,7.45,Black soil,Medium,Medium,Medium,80.0,24.0,80.0,153.5,52.2,160.0,0.0,0.0,0.0,Nitrogen,HIGH_EC_SALINITY;ELEVATED_SALINITY,"ICAR-IISS / Soil Health Card Portal (DAC&FW, GoI)",ICAR Soil Test Crop Response (STCR) Database & National Fertilizer Guidelines 2024-25
SOIL_REC_02104,Banana,1,0,15,8.8,0.52,0.26,519.2,7.0,433.8,27.8,0.82,9.65,Alluvial,Medium,Low,High,80.0,31.2,0.0,147.4,67.8,0.0,0.0,0.0,0.0,Phosphorus,ALKALINE_PH,"ICAR-IISS / Soil Health Card Portal (DAC&FW, GoI)",ICAR Soil Test Crop Response (STCR) Database & National Fertilizer Guidelines 2024-25
SOIL_REC_02105,Banana,2,15,30,7.57,2.33,0.21,275.4,33.9,267.9,20.3,1.05,9.85,Alluvial,Low,High,Medium,100.0,0.0,80.0,217.4,0.0,160.0,0.0,0.0,0.0,Nitrogen,HIGH_EC_SALINITY;ELEVATED_SALINITY,"ICAR-IISS / Soil Health Card Portal (DAC&FW, GoI)",ICAR Soil Test Crop Response (STCR) Database & National Fertilizer Guidelines 2024-25
SOIL_REC_02106,Banana,3,30,60,7.9,2.12,0.37,157.1,14.4,176.9,12.4,1.78,11.53,Alluvial,Low,Medium,Medium,100.0,24.0,80.0,197.0,52.2,160.0,0.0,0.0,0.0,Nitrogen,HIGH_EC_SALINITY;ELEVATED_SALINITY,"ICAR-IISS / Soil Health Card Portal (DAC&FW, GoI)",ICAR Soil Test Crop Response (STCR) Database & National Fertilizer Guidelines 2024-25
SOIL_REC_02107,Banana,1,0,15,6.9,2.8,0.52,140.3,7.0,304.8,27.6,1.14,5.13,Alluvial,Low,Low,Medium,100.0,31.2,80.0,190.9,67.8,160.0,0.0,0.0,0.0,Nitrogen,HIGH_EC_SALINITY;ELEVATED_SALINITY,"ICAR-IISS / Soil Health Card Portal (DAC&FW, GoI)",ICAR Soil Test Crop Response (STCR) Database & National Fertilizer Guidelines 2024-25
SOIL_REC_02108,Banana,2,15,30,6.22,1.33,0.75,361.1,12.2,187.8,30.0,1.04,3.31,Alluvial,Medium,Medium,Medium,80.0,24.0,80.0,153.5,52.2,133.3,0.0,0.0,0.0,Nitrogen,NONE,"ICAR-IISS / Soil Health Card Portal (DAC&FW, GoI)",ICAR Soil Test Crop Response (STCR) Database & National Fertilizer Guidelines 2024-25
SOIL_REC_02109,Banana,3,30,60,5.81,1.77,0.38,233.6,9.9,70.5,20.1,1.49,3.93,Alluvial,Low,Low,Low,100.0,31.2,100.0,217.4,0.0,166.7,195.0,0.0,0.0,Nitrogen,ACIDIC_PH,"ICAR-IISS / Soil Health Card Portal (DAC&FW, GoI)",ICAR Soil Test Crop Response (STCR) Database & National Fertilizer Guidelines 2024-25
SOIL_REC_02110,Banana,1,0,15,6.12,0.88,0.96,126.0,21.2,206.6,10.7,0.86,2.78,Sandy loam,Low,Medium,Medium,92.0,24.0,80.0,200.0,0.0,133.3,150.0,0.0,0.0,Nitrogen,HIGH_LEACHING_TEXTURE,"ICAR-IISS / Soil Health Card Portal (DAC&FW, GoI)",ICAR Soil Test Crop Response (STCR) Database & National Fertilizer Guidelines 2024-25
SOIL_REC_02111,Banana,2,15,30,6.56,2.65,0.55,183.9,22.8,257.6,28.2,0.89,3.91,Sandy loam,Low,Medium,Medium,100.0,24.0,80.0,197.0,52.2,160.0,0.0,0.0,0.0,Nitrogen,HIGH_EC_SALINITY;ELEVATED_SALINITY;HIGH_LEACHING_TEXTURE,"ICAR-IISS / Soil Health Card Portal (DAC&FW, GoI)",ICAR Soil Test Crop Response (STCR) Database & National Fertilizer Guidelines 2024-25
SOIL_REC_02112,Banana,3,30,60,5.68,0.35,0.14,280.3,18.1,190.8,23.8,1.06,3.37,Sandy loam,Medium,Medium,Medium,80.0,24.0,80.0,173.9,0.0,133.3,150.0,0.0,0.0,Nitrogen,ACIDIC_PH;HIGH_LEACHING_TEXTURE,"ICAR-IISS / Soil Health Card Portal (DAC&FW, GoI)",ICAR Soil Test Crop Response (STCR) Database & National Fertilizer Guidelines 2024-25
SOIL_REC_02113,Banana,1,0,15,6.0,0.56,0.36,343.4,44.7,194.0,4.0,1.74,6.22,Alluvial,Medium,High,Medium,80.0,0.0,80.0,173.9,0.0,133.3,0.0,0.0,0.0,Nitrogen,NONE,"ICAR-IISS / Soil Health Card Portal (DAC&FW, GoI)",ICAR Soil Test Crop Response (STCR) Database & National Fertilizer Guidelines 2024-25
SOIL_REC_02114,Banana,2,15,30,5.61,1.1,0.74,276.3,26.2,311.8,17.1,1.46,5.91,Alluvial,Low,High,Medium,100.0,0.0,80.0,217.4,0.0,133.3,0.0,0.0,0.0,Nitrogen,ACIDIC_PH,"ICAR-IISS / Soil Health Card Portal (DAC&FW, GoI)",ICAR Soil Test Crop Response (STCR) Database & National Fertilizer Guidelines 2024-25
SOIL_REC_02115,Banana,3,30,60,8.7,1.27,0.15,292.6,10.2,126.8,4.2,0.34,8.39,Alluvial,Medium,Medium,Low,80.0,24.0,100.0,153.5,52.2,166.7,0.0,0.0,0.0,Potassium,ALKALINE_PH,"ICAR-IISS / Soil Health Card Portal (DAC&FW, GoI)",ICAR Soil Test Crop Response (STCR) Database & National Fertilizer Guidelines 2024-25
SOIL_REC_02116,Banana,1,0,15,8.64,1.63,0.47,394.5,34.8,427.8,21.6,1.46,11.76,Alluvial,Medium,High,High,80.0,0.0,0.0,173.9,0.0,0.0,0.0,0.0,0.0,Nitrogen,ALKALINE_PH,"ICAR-IISS / Soil Health Card Portal (DAC&FW, GoI)",ICAR Soil Test Crop Response (STCR) Database & National Fertilizer Guidelines 2024-25
SOIL_REC_02117,Banana,2,15,30,6.64,0.25,0.59,424.6,8.1,76.1,17.0,0.48,3.03,Alluvial,Medium,Low,Low,80.0,31.2,100.0,147.4,67.8,166.7,0.0,0.0,0.0,Phosphorus,NONE,"ICAR-IISS / Soil Health Card Portal (DAC&FW, GoI)",ICAR Soil Test Crop Response (STCR) Database & National Fertilizer Guidelines 2024-25
SOIL_REC_02118,Banana,3,30,60,6.91,0.26,0.12,200.4,14.0,127.5,4.8,1.36,9.58,Alluvial,Low,Medium,Low,100.0,24.0,100.0,197.0,52.2,166.7,0.0,0.0,0.0,Nitrogen,NONE,"ICAR-IISS / Soil Health Card Portal (DAC&FW, GoI)",ICAR Soil Test Crop Response (STCR) Database & National Fertilizer Guidelines 2024-25
SOIL_REC_02119,Banana,1,0,15,6.16,2.55,0.69,615.1,32.3,114.7,6.5,0.25,11.09,Loam,High,High,Low,32.0,0.0,100.0,69.6,0.0,200.0,0.0,0.0,0.0,Potassium,HIGH_EC_SALINITY;ELEVATED_SALINITY,"ICAR-IISS / Soil Health Card Portal (DAC&FW, GoI)",ICAR Soil Test Crop Response (STCR) Database & National Fertilizer Guidelines 2024-25
SOIL_REC_02120,Banana,2,15,30,8.62,2.06,0.12,365.8,18.2,155.3,30.8,1.44,9.44,Loam,Medium,Medium,Medium,80.0,24.0,80.0,153.5,52.2,160.0,0.0,0.0,0.0,Nitrogen,HIGH_EC_SALINITY;ALKALINE_PH;ELEVATED_SALINITY,"ICAR-IISS / Soil Health Card Portal (DAC&FW, GoI)",ICAR Soil Test Crop Response (STCR) Database & National Fertilizer Guidelines 2024-25
SOIL_REC_02121,Banana,3,30,60,8.71,0.87,0.26,71.5,21.4,162.9,29.0,1.77,6.48,Loam,Low,Medium,Medium,100.0,24.0,80.0,197.0,52.2,133.3,0.0,0.0,0.0,Nitrogen,ALKALINE_PH,"ICAR-IISS / Soil Health Card Portal (DAC&FW, GoI)",ICAR Soil Test Crop Response (STCR) Database & National Fertilizer Guidelines 2024-25
SOIL_REC_02122,Banana,1,0,15,8.31,0.98,0.93,132.6,32.1,209.8,4.2,1.0,9.56,Loam,Low,High,Medium,92.0,0.0,80.0,200.0,0.0,133.3,0.0,0.0,0.0,Nitrogen,ALKALINE_PH,"ICAR-IISS / Soil Health Card Portal (DAC&FW, GoI)",ICAR Soil Test Crop Response (STCR) Database & National Fertilizer Guidelines 2024-25
SOIL_REC_02123,Banana,2,15,30,7.57,0.73,0.63,274.4,9.2,130.9,19.6,0.87,7.17,Loam,Low,Low,Low,100.0,31.2,100.0,190.9,67.8,166.7,0.0,0.0,0.0,Nitrogen,NONE,"ICAR-IISS / Soil Health Card Portal (DAC&FW, GoI)",ICAR Soil Test Crop Response (STCR) Database & National Fertilizer Guidelines 2024-25
SOIL_REC_02124,Banana,3,30,60,6.85,0.64,0.52,249.2,18.7,67.7,16.8,1.72,6.25,Loam,Low,Medium,Low,100.0,24.0,100.0,197.0,52.2,166.7,0.0,0.0,0.0,Nitrogen,NONE,"ICAR-IISS / Soil Health Card Portal (DAC&FW, GoI)",ICAR Soil Test Crop Response (STCR) Database & National Fertilizer Guidelines 2024-25
SOIL_REC_02125,Banana,1,0,15,7.18,2.4,0.82,313.7,20.7,341.6,15.2,0.44,3.74,Sandy loam,Medium,Medium,High,72.0,24.0,0.0,136.1,52.2,0.0,0.0,0.0,0.0,Nitrogen,ELEVATED_SALINITY;HIGH_LEACHING_TEXTURE,"ICAR-IISS / Soil Health Card Portal (DAC&FW, GoI)",ICAR Soil Test Crop Response (STCR) Database & National Fertilizer Guidelines 2024-25
SOIL_REC_02126,Banana,2,15,30,8.75,2.69,0.56,255.7,35.9,297.6,16.4,1.57,5.06,Sandy loam,Low,High,Medium,100.0,0.0,80.0,217.4,0.0,160.0,0.0,0.0,0.0,Nitrogen,HIGH_EC_SALINITY;ALKALINE_PH;ELEVATED_SALINITY;HIGH_LEACHING_TEXTURE,"ICAR-IISS / Soil Health Card Portal (DAC&FW, GoI)",ICAR Soil Test Crop Response (STCR) Database & National Fertilizer Guidelines 2024-25
SOIL_REC_02127,Banana,3,30,60,7.56,1.43,0.47,225.6,15.1,160.0,14.1,0.26,11.76,Sandy loam,Low,Medium,Medium,100.0,24.0,80.0,197.0,52.2,133.3,0.0,0.0,0.0,Nitrogen,HIGH_LEACHING_TEXTURE,"ICAR-IISS / Soil Health Card Portal (DAC&FW, GoI)",ICAR Soil Test Crop Response (STCR) Database & National Fertilizer Guidelines 2024-25
SOIL_REC_02128,Banana,1,0,15,8.16,0.99,0.69,616.7,46.9,135.2,12.8,0.64,4.49,Sandy loam,High,High,Low,32.0,0.0,100.0,69.6,0.0,166.7,0.0,0.0,0.0,Potassium,ALKALINE_PH;HIGH_LEACHING_TEXTURE,"ICAR-IISS / Soil Health Card Portal (DAC&FW, GoI)",ICAR Soil Test Crop Response (STCR) Database & National Fertilizer Guidelines 2024-25
SOIL_REC_02129,Banana,2,15,30,5.68,2.09,0.74,372.7,21.8,323.3,8.2,0.74,8.55,Sandy loam,Medium,Medium,Medium,80.0,24.0,80.0,173.9,0.0,160.0,150.0,0.0,0.0,Nitrogen,HIGH_EC_SALINITY;ACIDIC_PH;ELEVATED_SALINITY;HIGH_LEACHING_TEXTURE,"ICAR-IISS / Soil Health Card Portal (DAC&FW, GoI)",ICAR Soil Test Crop Response (STCR) Database & National Fertilizer Guidelines 2024-25
SOIL_REC_02130,Banana,3,30,60,8.28,1.77,0.43,100.9,8.4,186.4,4.5,0.84,9.06,Sandy loam,Low,Low,Medium,100.0,31.2,80.0,190.9,67.8,133.3,0.0,0.0,0.0,Nitrogen,ALKALINE_PH;HIGH_LEACHING_TEXTURE,"ICAR-IISS / Soil Health Card Portal (DAC&FW, GoI)",ICAR Soil Test Crop Response (STCR) Database & National Fertilizer Guidelines 2024-25
SOIL_REC_02131,Banana,1,0,15,7.62,0.43,0.27,455.3,31.7,368.7,19.3,0.33,3.89,Clay loam,Medium,High,High,80.0,0.0,0.0,173.9,0.0,0.0,0.0,0.0,0.0,Nitrogen,NONE,"ICAR-IISS / Soil Health Card Portal (DAC&FW, GoI)",ICAR Soil Test Crop Response (STCR) Database & National Fertilizer Guidelines 2024-25
SOIL_REC_02132,Banana,2,15,30,6.32,2.43,0.42,205.0,15.1,225.9,12.1,1.6,7.28,Clay loam,Low,Medium,Medium,100.0,24.0,80.0,197.0,52.2,160.0,0.0,0.0,0.0,Nitrogen,HIGH_EC_SALINITY;ELEVATED_SALINITY,"ICAR-IISS / Soil Health Card Portal (DAC&FW, GoI)",ICAR Soil Test Crop Response (STCR) Database & National Fertilizer Guidelines 2024-25
SOIL_REC_02133,Banana,3,30,60,6.09,0.37,0.32,206.7,11.8,49.2,15.3,0.62,9.85,Clay loam,Low,Medium,Low,100.0,24.0,100.0,217.4,0.0,166.7,150.0,0.0,0.0,Nitrogen,NONE,"ICAR-IISS / Soil Health Card Portal (DAC&FW, GoI)",ICAR Soil Test Crop Response (STCR) Database & National Fertilizer Guidelines 2024-25
SOIL_REC_02134,Banana,1,0,15,8.29,2.32,1.09,210.9,12.8,406.1,12.7,1.25,5.15,Clay loam,Low,Medium,High,92.0,24.0,0.0,179.6,52.2,0.0,0.0,0.0,0.0,Nitrogen,ALKALINE_PH;ELEVATED_SALINITY,"ICAR-IISS / Soil Health Card Portal (DAC&FW, GoI)",ICAR Soil Test Crop Response (STCR) Database & National Fertilizer Guidelines 2024-25
SOIL_REC_02135,Banana,2,15,30,8.15,0.68,0.73,134.4,17.1,151.5,24.8,1.04,2.54,Clay loam,Low,Medium,Medium,100.0,24.0,80.0,197.0,52.2,133.3,0.0,0.0,0.0,Nitrogen,ALKALINE_PH,"ICAR-IISS / Soil Health Card Portal (DAC&FW, GoI)",ICAR Soil Test Crop Response (STCR) Database & National Fertilizer Guidelines 2024-25
SOIL_REC_02136,Banana,3,30,60,8.62,1.49,0.12,242.5,21.3,114.3,31.6,0.52,3.09,Clay loam,Low,Medium,Low,100.0,24.0,100.0,197.0,52.2,166.7,0.0,0.0,0.0,Nitrogen,ALKALINE_PH,"ICAR-IISS / Soil Health Card Portal (DAC&FW, GoI)",ICAR Soil Test Crop Response (STCR) Database & National Fertilizer Guidelines 2024-25
SOIL_REC_02137,Banana,1,0,15,6.17,1.75,0.67,416.1,31.4,434.9,6.2,1.49,2.81,Red soil,Medium,High,High,80.0,0.0,0.0,173.9,0.0,0.0,0.0,0.0,0.0,Nitrogen,NONE,"ICAR-IISS / Soil Health Card Portal (DAC&FW, GoI)",ICAR Soil Test Crop Response (STCR) Database & National Fertilizer Guidelines 2024-25
SOIL_REC_02138,Banana,2,15,30,5.54,0.97,0.78,395.0,12.1,270.1,17.9,0.36,10.32,Red soil,Medium,Medium,Medium,80.0,24.0,80.0,173.9,0.0,133.3,150.0,0.0,0.0,Nitrogen,ACIDIC_PH,"ICAR-IISS / Soil Health Card Portal (DAC&FW, GoI)",ICAR Soil Test Crop Response (STCR) Database & National Fertilizer Guidelines 2024-25
SOIL_REC_02139,Banana,3,30,60,8.01,1.64,0.1,247.3,21.6,181.4,28.8,0.45,11.88,Red soil,Low,Medium,Medium,100.0,24.0,80.0,197.0,52.2,133.3,0.0,0.0,0.0,Nitrogen,ALKALINE_PH,"ICAR-IISS / Soil Health Card Portal (DAC&FW, GoI)",ICAR Soil Test Crop Response (STCR) Database & National Fertilizer Guidelines 2024-25
SOIL_REC_02140,Banana,1,0,15,7.76,1.8,0.86,145.5,27.3,125.5,22.1,1.55,8.54,Clay loam,Low,High,Low,92.0,0.0,100.0,200.0,0.0,166.7,0.0,0.0,0.0,Nitrogen,NONE,"ICAR-IISS / Soil Health Card Portal (DAC&FW, GoI)",ICAR Soil Test Crop Response (STCR) Database & National Fertilizer Guidelines 2024-25
SOIL_REC_02141,Banana,2,15,30,8.21,1.05,0.37,93.5,8.3,123.1,16.3,0.56,7.54,Clay loam,Low,Low,Low,100.0,31.2,100.0,190.9,67.8,166.7,0.0,0.0,0.0,Nitrogen,ALKALINE_PH,"ICAR-IISS / Soil Health Card Portal (DAC&FW, GoI)",ICAR Soil Test Crop Response (STCR) Database & National Fertilizer Guidelines 2024-25
SOIL_REC_02142,Banana,3,30,60,7.83,0.26,0.51,199.5,17.2,195.7,18.6,0.21,3.81,Clay loam,Low,Medium,Medium,100.0,24.0,80.0,197.0,52.2,133.3,0.0,0.0,0.0,Nitrogen,NONE,"ICAR-IISS / Soil Health Card Portal (DAC&FW, GoI)",ICAR Soil Test Crop Response (STCR) Database & National Fertilizer Guidelines 2024-25
SOIL_REC_02143,Banana,1,0,15,7.48,0.35,0.37,176.0,23.5,243.6,19.5,1.02,9.9,Black soil,Low,Medium,Medium,100.0,24.0,80.0,197.0,52.2,133.3,0.0,0.0,0.0,Nitrogen,NONE,"ICAR-IISS / Soil Health Card Portal (DAC&FW, GoI)",ICAR Soil Test Crop Response (STCR) Database & National Fertilizer Guidelines 2024-25
SOIL_REC_02144,Banana,2,15,30,7.05,2.37,0.2,166.1,23.3,272.2,21.7,0.81,7.07,Black soil,Low,Medium,Medium,100.0,24.0,80.0,197.0,52.2,160.0,0.0,0.0,0.0,Nitrogen,HIGH_EC_SALINITY;ELEVATED_SALINITY,"ICAR-IISS / Soil Health Card Portal (DAC&FW, GoI)",ICAR Soil Test Crop Response (STCR) Database & National Fertilizer Guidelines 2024-25
SOIL_REC_02145,Banana,3,30,60,8.06,1.59,0.31,269.4,3.8,203.1,19.7,0.37,11.08,Black soil,Low,Low,Medium,100.0,31.2,80.0,190.9,67.8,133.3,0.0,0.0,0.0,Nitrogen,ALKALINE_PH,"ICAR-IISS / Soil Health Card Portal (DAC&FW, GoI)",ICAR Soil Test Crop Response (STCR) Database & National Fertilizer Guidelines 2024-25
SOIL_REC_02146,Banana,1,0,15,8.13,1.62,0.79,478.2,21.4,216.7,28.3,1.0,2.64,Loam,Medium,Medium,Medium,80.0,24.0,80.0,153.5,52.2,133.3,0.0,0.0,0.0,Nitrogen,ALKALINE_PH,"ICAR-IISS / Soil Health Card Portal (DAC&FW, GoI)",ICAR Soil Test Crop Response (STCR) Database & National Fertilizer Guidelines 2024-25
SOIL_REC_02147,Banana,2,15,30,7.65,1.94,0.32,389.4,8.8,304.1,31.0,0.46,10.33,Loam,Medium,Low,Medium,80.0,31.2,80.0,147.4,67.8,133.3,0.0,0.0,0.0,Phosphorus,ELEVATED_SALINITY,"ICAR-IISS / Soil Health Card Portal (DAC&FW, GoI)",ICAR Soil Test Crop Response (STCR) Database & National Fertilizer Guidelines 2024-25
SOIL_REC_02148,Banana,3,30,60,6.79,0.3,0.55,210.6,19.0,144.3,27.7,0.62,8.83,Loam,Low,Medium,Low,100.0,24.0,100.0,197.0,52.2,166.7,0.0,0.0,0.0,Nitrogen,NONE,"ICAR-IISS / Soil Health Card Portal (DAC&FW, GoI)",ICAR Soil Test Crop Response (STCR) Database & National Fertilizer Guidelines 2024-25
SOIL_REC_02149,Banana,1,0,15,6.78,1.35,0.8,153.1,32.0,132.6,20.2,1.77,11.35,Sandy loam,Low,High,Low,100.0,0.0,100.0,217.4,0.0,166.7,0.0,0.0,0.0,Nitrogen,HIGH_LEACHING_TEXTURE,"ICAR-IISS / Soil Health Card Portal (DAC&FW, GoI)",ICAR Soil Test Crop Response (STCR) Database & National Fertilizer Guidelines 2024-25
SOIL_REC_02150,Banana,2,15,30,7.8,2.64,0.78,123.5,6.2,98.7,15.4,0.68,3.88,Sandy loam,Low,Low,Low,100.0,31.2,100.0,190.9,67.8,200.0,0.0,0.0,0.0,Nitrogen,HIGH_EC_SALINITY;ELEVATED_SALINITY;HIGH_LEACHING_TEXTURE,"ICAR-IISS / Soil Health Card Portal (DAC&FW, GoI)",ICAR Soil Test Crop Response (STCR) Database & National Fertilizer Guidelines 2024-25
SOIL_REC_02151,Banana,3,30,60,5.74,1.45,0.08,109.4,4.0,214.4,26.8,1.04,4.95,Sandy loam,Low,Low,Medium,100.0,31.2,80.0,217.4,0.0,133.3,195.0,0.0,0.0,Nitrogen,ACIDIC_PH;HIGH_LEACHING_TEXTURE,"ICAR-IISS / Soil Health Card Portal (DAC&FW, GoI)",ICAR Soil Test Crop Response (STCR) Database & National Fertilizer Guidelines 2024-25
SOIL_REC_02152,Banana,1,0,15,6.43,0.75,0.86,176.3,28.6,170.0,7.8,1.07,5.28,Loam,Low,High,Medium,92.0,0.0,80.0,200.0,0.0,133.3,0.0,0.0,0.0,Nitrogen,NONE,"ICAR-IISS / Soil Health Card Portal (DAC&FW, GoI)",ICAR Soil Test Crop Response (STCR) Database & National Fertilizer Guidelines 2024-25
SOIL_REC_02153,Banana,2,15,30,5.72,0.26,0.33,130.2,17.9,286.0,6.1,0.22,10.65,Loam,Low,Medium,Medium,100.0,24.0,80.0,217.4,0.0,133.3,150.0,0.0,0.0,Nitrogen,ACIDIC_PH,"ICAR-IISS / Soil Health Card Portal (DAC&FW, GoI)",ICAR Soil Test Crop Response (STCR) Database & National Fertilizer Guidelines 2024-25
SOIL_REC_02154,Banana,3,30,60,5.65,0.46,0.51,154.3,18.1,182.5,24.0,1.78,9.13,Loam,Low,Medium,Medium,100.0,24.0,80.0,217.4,0.0,133.3,150.0,0.0,0.0,Nitrogen,ACIDIC_PH,"ICAR-IISS / Soil Health Card Portal (DAC&FW, GoI)",ICAR Soil Test Crop Response (STCR) Database & National Fertilizer Guidelines 2024-25
SOIL_REC_02155,Banana,1,0,15,7.85,0.84,0.78,587.9,42.2,173.8,19.4,0.35,5.6,Black soil,High,High,Medium,32.0,0.0,80.0,69.6,0.0,133.3,0.0,0.0,0.0,Nitrogen,NONE,"ICAR-IISS / Soil Health Card Portal (DAC&FW, GoI)",ICAR Soil Test Crop Response (STCR) Database & National Fertilizer Guidelines 2024-25
SOIL_REC_02156,Banana,2,15,30,8.21,2.49,0.31,277.0,12.7,335.8,17.7,1.51,8.06,Black soil,Low,Medium,Medium,100.0,24.0,80.0,197.0,52.2,160.0,0.0,0.0,0.0,Nitrogen,HIGH_EC_SALINITY;ALKALINE_PH;ELEVATED_SALINITY,"ICAR-IISS / Soil Health Card Portal (DAC&FW, GoI)",ICAR Soil Test Crop Response (STCR) Database & National Fertilizer Guidelines 2024-25
SOIL_REC_02157,Banana,3,30,60,6.9,2.69,0.23,121.7,10.1,179.0,29.6,0.38,7.69,Black soil,Low,Medium,Medium,100.0,24.0,80.0,197.0,52.2,160.0,0.0,0.0,0.0,Nitrogen,HIGH_EC_SALINITY;ELEVATED_SALINITY,"ICAR-IISS / Soil Health Card Portal (DAC&FW, GoI)",ICAR Soil Test Crop Response (STCR) Database & National Fertilizer Guidelines 2024-25
SOIL_REC_02158,Banana,1,0,15,8.49,2.56,0.46,169.2,15.8,224.0,19.8,1.01,5.74,Sandy loam,Low,Medium,Medium,100.0,24.0,80.0,197.0,52.2,160.0,0.0,0.0,0.0,Nitrogen,HIGH_EC_SALINITY;ALKALINE_PH;ELEVATED_SALINITY;HIGH_LEACHING_TEXTURE,"ICAR-IISS / Soil Health Card Portal (DAC&FW, GoI)",ICAR Soil Test Crop Response (STCR) Database & National Fertilizer Guidelines 2024-25
SOIL_REC_02159,Banana,2,15,30,6.36,1.18,0.78,107.1,25.7,229.1,8.5,1.37,2.68,Sandy loam,Low,High,Medium,100.0,0.0,80.0,217.4,0.0,133.3,0.0,0.0,0.0,Nitrogen,HIGH_LEACHING_TEXTURE,"ICAR-IISS / Soil Health Card Portal (DAC&FW, GoI)",ICAR Soil Test Crop Response (STCR) Database & National Fertilizer Guidelines 2024-25
SOIL_REC_02160,Banana,3,30,60,6.48,0.96,0.44,270.6,10.8,95.4,25.6,0.95,2.85,Sandy loam,Low,Medium,Low,100.0,24.0,100.0,197.0,52.2,166.7,0.0,0.0,0.0,Nitrogen,HIGH_LEACHING_TEXTURE,"ICAR-IISS / Soil Health Card Portal (DAC&FW, GoI)",ICAR Soil Test Crop Response (STCR) Database & National Fertilizer Guidelines 2024-25
SOIL_REC_02161,Mango,1,0,15,6.96,0.27,0.34,533.5,25.5,220.2,26.6,1.41,7.07,Sandy loam,Medium,High,Medium,40.0,0.0,40.0,87.0,0.0,66.7,0.0,0.0,0.0,Nitrogen,HIGH_LEACHING_TEXTURE,"ICAR-IISS / Soil Health Card Portal (DAC&FW, GoI)",ICAR Soil Test Crop Response (STCR) Database & National Fertilizer Guidelines 2024-25
SOIL_REC_02162,Mango,2,15,30,8.78,2.16,0.46,361.0,11.3,198.9,12.6,0.57,2.65,Sandy loam,Medium,Medium,Medium,40.0,20.0,40.0,70.0,43.5,80.0,0.0,0.0,0.0,Nitrogen,HIGH_EC_SALINITY;ALKALINE_PH;ELEVATED_SALINITY;HIGH_LEACHING_TEXTURE,"ICAR-IISS / Soil Health Card Portal (DAC&FW, GoI)",ICAR Soil Test Crop Response (STCR) Database & National Fertilizer Guidelines 2024-25
SOIL_REC_02163,Mango,3,30,60,6.11,1.35,0.47,270.1,13.6,103.4,16.9,0.49,2.97,Sandy loam,Low,Medium,Low,50.0,20.0,50.0,108.7,0.0,83.3,125.0,0.0,0.0,Nitrogen,HIGH_LEACHING_TEXTURE,"ICAR-IISS / Soil Health Card Portal (DAC&FW, GoI)",ICAR Soil Test Crop Response (STCR) Database & National Fertilizer Guidelines 2024-25
SOIL_REC_02164,Mango,1,0,15,6.07,0.87,0.86,462.6,22.9,143.1,16.6,1.09,10.42,Alluvial,Medium,Medium,Low,36.0,20.0,50.0,78.3,0.0,83.3,125.0,0.0,0.0,Potassium,NONE,"ICAR-IISS / Soil Health Card Portal (DAC&FW, GoI)",ICAR Soil Test Crop Response (STCR) Database & National Fertilizer Guidelines 2024-25
SOIL_REC_02165,Mango,2,15,30,8.79,1.37,0.42,141.0,18.5,308.4,23.1,0.43,11.48,Alluvial,Low,Medium,Medium,50.0,20.0,40.0,91.7,43.5,66.7,0.0,0.0,0.0,Nitrogen,ALKALINE_PH,"ICAR-IISS / Soil Health Card Portal (DAC&FW, GoI)",ICAR Soil Test Crop Response (STCR) Database & National Fertilizer Guidelines 2024-25
SOIL_REC_02166,Mango,3,30,60,8.34,2.04,0.52,112.1,14.5,210.8,17.3,1.31,5.9,Alluvial,Low,Medium,Medium,50.0,20.0,40.0,91.7,43.5,80.0,0.0,0.0,0.0,Nitrogen,HIGH_EC_SALINITY;ALKALINE_PH;ELEVATED_SALINITY,"ICAR-IISS / Soil Health Card Portal (DAC&FW, GoI)",ICAR Soil Test Crop Response (STCR) Database & National Fertilizer Guidelines 2024-25
SOIL_REC_02167,Mango,1,0,15,6.22,1.58,0.84,537.9,31.5,236.3,22.8,0.25,5.0,Loam,Medium,High,Medium,36.0,0.0,40.0,78.3,0.0,66.7,0.0,0.0,0.0,Nitrogen,NONE,"ICAR-IISS / Soil Health Card Portal (DAC&FW, GoI)",ICAR Soil Test Crop Response (STCR) Database & National Fertilizer Guidelines 2024-25
SOIL_REC_02168,Mango,2,15,30,8.53,1.56,0.39,344.8,10.1,254.9,25.8,1.44,4.97,Loam,Medium,Medium,Medium,40.0,20.0,40.0,70.0,43.5,66.7,0.0,0.0,0.0,Nitrogen,ALKALINE_PH,"ICAR-IISS / Soil Health Card Portal (DAC&FW, GoI)",ICAR Soil Test Crop Response (STCR) Database & National Fertilizer Guidelines 2024-25
SOIL_REC_02169,Mango,3,30,60,6.64,0.27,0.32,268.6,19.2,130.4,20.2,1.39,11.59,Loam,Low,Medium,Low,50.0,20.0,50.0,91.7,43.5,83.3,0.0,0.0,0.0,Nitrogen,NONE,"ICAR-IISS / Soil Health Card Portal (DAC&FW, GoI)",ICAR Soil Test Crop Response (STCR) Database & National Fertilizer Guidelines 2024-25
SOIL_REC_02170,Mango,1,0,15,7.47,1.37,1.05,508.3,19.2,335.5,24.7,0.86,3.05,Clay loam,Medium,Medium,Medium,36.0,20.0,40.0,61.3,43.5,66.7,0.0,0.0,0.0,Nitrogen,NONE,"ICAR-IISS / Soil Health Card Portal (DAC&FW, GoI)",ICAR Soil Test Crop Response (STCR) Database & National Fertilizer Guidelines 2024-25
SOIL_REC_02171,Mango,2,15,30,7.06,1.75,0.44,356.5,15.3,110.4,27.8,1.14,10.7,Clay loam,Medium,Medium,Low,40.0,20.0,50.0,70.0,43.5,83.3,0.0,0.0,0.0,Potassium,NONE,"ICAR-IISS / Soil Health Card Portal (DAC&FW, GoI)",ICAR Soil Test Crop Response (STCR) Database & National Fertilizer Guidelines 2024-25
SOIL_REC_02172,Mango,3,30,60,6.3,2.23,0.2,271.3,13.0,199.9,25.0,0.41,9.42,Clay loam,Low,Medium,Medium,50.0,20.0,40.0,91.7,43.5,80.0,0.0,0.0,0.0,Nitrogen,HIGH_EC_SALINITY;ELEVATED_SALINITY,"ICAR-IISS / Soil Health Card Portal (DAC&FW, GoI)",ICAR Soil Test Crop Response (STCR) Database & National Fertilizer Guidelines 2024-25
SOIL_REC_02173,Mango,1,0,15,5.7,0.66,1.05,193.6,10.3,364.2,27.4,1.53,8.69,Loam,Low,Medium,High,46.0,20.0,0.0,100.0,0.0,0.0,125.0,0.0,0.0,Nitrogen,ACIDIC_PH,"ICAR-IISS / Soil Health Card Portal (DAC&FW, GoI)",ICAR Soil Test Crop Response (STCR) Database & National Fertilizer Guidelines 2024-25
SOIL_REC_02174,Mango,2,15,30,7.12,1.78,0.8,130.0,9.7,277.9,8.4,1.61,6.03,Loam,Low,Low,Medium,50.0,26.0,40.0,86.5,56.5,66.7,0.0,0.0,0.0,Nitrogen,NONE,"ICAR-IISS / Soil Health Card Portal (DAC&FW, GoI)",ICAR Soil Test Crop Response (STCR) Database & National Fertilizer Guidelines 2024-25
SOIL_REC_02175,Mango,3,30,60,6.45,2.38,0.27,198.4,3.7,76.6,6.9,0.88,8.0,Loam,Low,Low,Low,50.0,26.0,50.0,86.5,56.5,100.0,0.0,0.0,0.0,Nitrogen,HIGH_EC_SALINITY;ELEVATED_SALINITY,"ICAR-IISS / Soil Health Card Portal (DAC&FW, GoI)",ICAR Soil Test Crop Response (STCR) Database & National Fertilizer Guidelines 2024-25
SOIL_REC_02176,Mango,1,0,15,7.43,2.3,0.33,569.2,37.4,448.2,31.6,1.47,2.63,Loam,High,High,High,16.0,0.0,0.0,34.8,0.0,0.0,0.0,0.0,0.0,Nitrogen,ELEVATED_SALINITY,"ICAR-IISS / Soil Health Card Portal (DAC&FW, GoI)",ICAR Soil Test Crop Response (STCR) Database & National Fertilizer Guidelines 2024-25
SOIL_REC_02177,Mango,2,15,30,8.79,2.52,0.24,239.1,20.1,88.4,15.8,0.24,3.18,Loam,Low,Medium,Low,50.0,20.0,50.0,91.7,43.5,100.0,0.0,0.0,0.0,Nitrogen,HIGH_EC_SALINITY;ALKALINE_PH;ELEVATED_SALINITY,"ICAR-IISS / Soil Health Card Portal (DAC&FW, GoI)",ICAR Soil Test Crop Response (STCR) Database & National Fertilizer Guidelines 2024-25
SOIL_REC_02178,Mango,3,30,60,7.03,2.51,0.08,114.0,24.0,117.0,9.4,1.62,2.87,Loam,Low,Medium,Low,50.0,20.0,50.0,91.7,43.5,100.0,0.0,0.0,0.0,Nitrogen,HIGH_EC_SALINITY;ELEVATED_SALINITY,"ICAR-IISS / Soil Health Card Portal (DAC&FW, GoI)",ICAR Soil Test Crop Response (STCR) Database & National Fertilizer Guidelines 2024-25
SOIL_REC_02179,Mango,1,0,15,7.76,2.65,0.43,219.1,13.8,390.6,9.1,1.67,6.08,Clay loam,Low,Medium,High,50.0,20.0,0.0,91.7,43.5,0.0,0.0,0.0,0.0,Nitrogen,ELEVATED_SALINITY,"ICAR-IISS / Soil Health Card Portal (DAC&FW, GoI)",ICAR Soil Test Crop Response (STCR) Database & National Fertilizer Guidelines 2024-25
SOIL_REC_02180,Mango,2,15,30,6.24,0.49,0.69,150.0,13.3,187.3,31.4,1.67,2.55,Clay loam,Low,Medium,Medium,50.0,20.0,40.0,91.7,43.5,66.7,0.0,0.0,0.0,Nitrogen,NONE,"ICAR-IISS / Soil Health Card Portal (DAC&FW, GoI)",ICAR Soil Test Crop Response (STCR) Database & National Fertilizer Guidelines 2024-25
SOIL_REC_02181,Mango,3,30,60,6.23,1.66,0.43,249.1,9.8,56.0,28.7,1.19,8.32,Clay loam,Low,Low,Low,50.0,26.0,50.0,86.5,56.5,83.3,0.0,0.0,0.0,Nitrogen,NONE,"ICAR-IISS / Soil Health Card Portal (DAC&FW, GoI)",ICAR Soil Test Crop Response (STCR) Database & National Fertilizer Guidelines 2024-25
SOIL_REC_02182,Mango,1,0,15,6.57,2.02,0.36,422.4,11.3,342.3,31.8,0.99,7.64,Alluvial,Medium,Medium,High,40.0,20.0,0.0,70.0,43.5,0.0,0.0,0.0,0.0,Nitrogen,ELEVATED_SALINITY,"ICAR-IISS / Soil Health Card Portal (DAC&FW, GoI)",ICAR Soil Test Crop Response (STCR) Database & National Fertilizer Guidelines 2024-25
SOIL_REC_02183,Mango,2,15,30,5.79,2.53,0.2,235.4,15.5,80.4,31.3,1.1,6.58,Alluvial,Low,Medium,Low,50.0,20.0,50.0,108.7,0.0,100.0,125.0,0.0,0.0,Nitrogen,HIGH_EC_SALINITY;ACIDIC_PH;ELEVATED_SALINITY,"ICAR-IISS / Soil Health Card Portal (DAC&FW, GoI)",ICAR Soil Test Crop Response (STCR) Database & National Fertilizer Guidelines 2024-25
SOIL_REC_02184,Mango,3,30,60,5.91,1.32,0.27,158.8,10.0,75.9,28.2,1.08,5.39,Alluvial,Low,Medium,Low,50.0,20.0,50.0,108.7,0.0,83.3,125.0,0.0,0.0,Nitrogen,ACIDIC_PH,"ICAR-IISS / Soil Health Card Portal (DAC&FW, GoI)",ICAR Soil Test Crop Response (STCR) Database & National Fertilizer Guidelines 2024-25
SOIL_REC_02185,Mango,1,0,15,7.44,0.89,0.86,413.2,7.0,350.2,18.2,1.07,5.36,Loam,Medium,Low,High,36.0,26.0,0.0,56.1,56.5,0.0,0.0,0.0,0.0,Phosphorus,NONE,"ICAR-IISS / Soil Health Card Portal (DAC&FW, GoI)",ICAR Soil Test Crop Response (STCR) Database & National Fertilizer Guidelines 2024-25
SOIL_REC_02186,Mango,2,15,30,5.51,2.15,0.82,372.6,31.2,73.4,5.2,0.22,9.29,Loam,Medium,High,Low,36.0,0.0,50.0,78.3,0.0,100.0,0.0,0.0,0.0,Potassium,HIGH_EC_SALINITY;ACIDIC_PH;ELEVATED_SALINITY,"ICAR-IISS / Soil Health Card Portal (DAC&FW, GoI)",ICAR Soil Test Crop Response (STCR) Database & National Fertilizer Guidelines 2024-25
SOIL_REC_02187,Mango,3,30,60,5.84,2.7,0.48,208.8,6.5,183.9,29.3,1.44,11.47,Loam,Low,Low,Medium,50.0,26.0,40.0,108.7,0.0,80.0,162.5,0.0,0.0,Nitrogen,HIGH_EC_SALINITY;ACIDIC_PH;ELEVATED_SALINITY,"ICAR-IISS / Soil Health Card Portal (DAC&FW, GoI)",ICAR Soil Test Crop Response (STCR) Database & National Fertilizer Guidelines 2024-25
SOIL_REC_02188,Mango,1,0,15,7.54,0.93,0.67,576.9,30.6,152.4,8.4,1.73,4.85,Loam,High,High,Medium,16.0,0.0,40.0,34.8,0.0,66.7,0.0,0.0,0.0,Nitrogen,NONE,"ICAR-IISS / Soil Health Card Portal (DAC&FW, GoI)",ICAR Soil Test Crop Response (STCR) Database & National Fertilizer Guidelines 2024-25
SOIL_REC_02189,Mango,2,15,30,6.07,2.69,0.29,115.2,9.3,168.5,22.3,0.73,10.61,Loam,Low,Low,Medium,50.0,26.0,40.0,108.7,0.0,80.0,162.5,0.0,0.0,Nitrogen,HIGH_EC_SALINITY;ELEVATED_SALINITY,"ICAR-IISS / Soil Health Card Portal (DAC&FW, GoI)",ICAR Soil Test Crop Response (STCR) Database & National Fertilizer Guidelines 2024-25
SOIL_REC_02190,Mango,3,30,60,5.7,1.81,0.42,307.3,9.0,188.3,23.1,0.25,10.63,Loam,Medium,Low,Medium,40.0,26.0,40.0,87.0,0.0,66.7,162.5,0.0,0.0,Phosphorus,ACIDIC_PH;ELEVATED_SALINITY,"ICAR-IISS / Soil Health Card Portal (DAC&FW, GoI)",ICAR Soil Test Crop Response (STCR) Database & National Fertilizer Guidelines 2024-25
SOIL_REC_02191,Mango,1,0,15,7.16,1.64,0.68,467.6,14.7,159.7,25.7,0.51,4.04,Alluvial,Medium,Medium,Medium,40.0,20.0,40.0,70.0,43.5,66.7,0.0,0.0,0.0,Nitrogen,NONE,"ICAR-IISS / Soil Health Card Portal (DAC&FW, GoI)",ICAR Soil Test Crop Response (STCR) Database & National Fertilizer Guidelines 2024-25
SOIL_REC_02192,Mango,2,15,30,8.3,1.22,0.23,250.0,4.7,212.6,13.7,1.39,7.61,Alluvial,Low,Low,Medium,50.0,26.0,40.0,86.5,56.5,66.7,0.0,0.0,0.0,Nitrogen,ALKALINE_PH,"ICAR-IISS / Soil Health Card Portal (DAC&FW, GoI)",ICAR Soil Test Crop Response (STCR) Database & National Fertilizer Guidelines 2024-25
SOIL_REC_02193,Mango,3,30,60,7.63,0.52,0.47,257.2,18.8,61.3,28.6,0.29,9.91,Alluvial,Low,Medium,Low,50.0,20.0,50.0,91.7,43.5,83.3,0.0,0.0,0.0,Nitrogen,NONE,"ICAR-IISS / Soil Health Card Portal (DAC&FW, GoI)",ICAR Soil Test Crop Response (STCR) Database & National Fertilizer Guidelines 2024-25
SOIL_REC_02194,Mango,1,0,15,6.8,2.56,0.73,427.4,46.0,132.4,10.8,0.99,4.38,Alluvial,Medium,High,Low,40.0,0.0,50.0,87.0,0.0,100.0,0.0,0.0,0.0,Potassium,HIGH_EC_SALINITY;ELEVATED_SALINITY,"ICAR-IISS / Soil Health Card Portal (DAC&FW, GoI)",ICAR Soil Test Crop Response (STCR) Database & National Fertilizer Guidelines 2024-25
SOIL_REC_02195,Mango,2,15,30,7.09,1.0,0.38,150.0,33.1,171.2,20.7,1.59,8.59,Alluvial,Low,High,Medium,50.0,0.0,40.0,108.7,0.0,66.7,0.0,0.0,0.0,Nitrogen,NONE,"ICAR-IISS / Soil Health Card Portal (DAC&FW, GoI)",ICAR Soil Test Crop Response (STCR) Database & National Fertilizer Guidelines 2024-25
SOIL_REC_02196,Mango,3,30,60,7.37,2.54,0.24,306.5,5.1,68.8,15.1,0.32,4.68,Alluvial,Medium,Low,Low,40.0,26.0,50.0,64.8,56.5,100.0,0.0,0.0,0.0,Phosphorus,HIGH_EC_SALINITY;ELEVATED_SALINITY,"ICAR-IISS / Soil Health Card Portal (DAC&FW, GoI)",ICAR Soil Test Crop Response (STCR) Database & National Fertilizer Guidelines 2024-25
SOIL_REC_02197,Mango,1,0,15,6.73,2.08,0.27,331.8,45.9,260.4,8.2,1.56,8.48,Black soil,Medium,High,Medium,40.0,0.0,40.0,87.0,0.0,80.0,0.0,0.0,0.0,Nitrogen,HIGH_EC_SALINITY;ELEVATED_SALINITY,"ICAR-IISS / Soil Health Card Portal (DAC&FW, GoI)",ICAR Soil Test Crop Response (STCR) Database & National Fertilizer Guidelines 2024-25
SOIL_REC_02198,Mango,2,15,30,6.82,1.2,0.75,143.2,5.3,235.1,7.4,1.49,4.67,Black soil,Low,Low,Medium,50.0,26.0,40.0,86.5,56.5,66.7,0.0,0.0,0.0,Nitrogen,NONE,"ICAR-IISS / Soil Health Card Portal (DAC&FW, GoI)",ICAR Soil Test Crop Response (STCR) Database & National Fertilizer Guidelines 2024-25
SOIL_REC_02199,Mango,3,30,60,5.51,1.74,0.39,279.8,22.0,101.8,7.8,0.3,4.08,Black soil,Low,Medium,Low,50.0,20.0,50.0,108.7,0.0,83.3,125.0,0.0,0.0,Nitrogen,ACIDIC_PH,"ICAR-IISS / Soil Health Card Portal (DAC&FW, GoI)",ICAR Soil Test Crop Response (STCR) Database & National Fertilizer Guidelines 2024-25
SOIL_REC_02200,Mango,1,0,15,5.71,2.0,0.97,297.3,19.3,187.5,24.2,0.42,8.03,Sandy loam,Medium,Medium,Medium,36.0,20.0,40.0,78.3,0.0,66.7,125.0,0.0,0.0,Nitrogen,ACIDIC_PH;ELEVATED_SALINITY;HIGH_LEACHING_TEXTURE,"ICAR-IISS / Soil Health Card Portal (DAC&FW, GoI)",ICAR Soil Test Crop Response (STCR) Database & National Fertilizer Guidelines 2024-25
SOIL_REC_02201,Mango,2,15,30,5.85,0.82,0.71,284.0,18.4,315.2,16.9,0.42,6.93,Sandy loam,Medium,Medium,Medium,40.0,20.0,40.0,87.0,0.0,66.7,125.0,0.0,0.0,Nitrogen,ACIDIC_PH;HIGH_LEACHING_TEXTURE,"ICAR-IISS / Soil Health Card Portal (DAC&FW, GoI)",ICAR Soil Test Crop Response (STCR) Database & National Fertilizer Guidelines 2024-25
SOIL_REC_02202,Mango,3,30,60,8.71,1.17,0.43,275.0,6.2,61.8,19.3,1.33,4.92,Sandy loam,Low,Low,Low,50.0,26.0,50.0,86.5,56.5,83.3,0.0,0.0,0.0,Nitrogen,ALKALINE_PH;HIGH_LEACHING_TEXTURE,"ICAR-IISS / Soil Health Card Portal (DAC&FW, GoI)",ICAR Soil Test Crop Response (STCR) Database & National Fertilizer Guidelines 2024-25
SOIL_REC_02203,Mango,1,0,15,6.56,2.62,0.9,415.4,36.9,438.9,12.5,1.07,7.18,Red soil,Medium,High,High,36.0,0.0,0.0,78.3,0.0,0.0,0.0,0.0,0.0,Nitrogen,ELEVATED_SALINITY,"ICAR-IISS / Soil Health Card Portal (DAC&FW, GoI)",ICAR Soil Test Crop Response (STCR) Database & National Fertilizer Guidelines 2024-25
SOIL_REC_02204,Mango,2,15,30,6.92,1.85,0.7,164.4,11.1,130.8,8.8,1.14,7.8,Red soil,Low,Medium,Low,50.0,20.0,50.0,91.7,43.5,83.3,0.0,0.0,0.0,Nitrogen,ELEVATED_SALINITY,"ICAR-IISS / Soil Health Card Portal (DAC&FW, GoI)",ICAR Soil Test Crop Response (STCR) Database & National Fertilizer Guidelines 2024-25
SOIL_REC_02205,Mango,3,30,60,6.67,1.13,0.37,74.3,10.1,174.0,22.6,1.74,5.11,Red soil,Low,Medium,Medium,50.0,20.0,40.0,91.7,43.5,66.7,0.0,0.0,0.0,Nitrogen,NONE,"ICAR-IISS / Soil Health Card Portal (DAC&FW, GoI)",ICAR Soil Test Crop Response (STCR) Database & National Fertilizer Guidelines 2024-25
SOIL_REC_02206,Mango,1,0,15,6.6,1.51,0.9,487.6,28.3,388.6,19.2,1.76,5.55,Alluvial,Medium,High,High,36.0,0.0,0.0,78.3,0.0,0.0,0.0,0.0,0.0,Nitrogen,NONE,"ICAR-IISS / Soil Health Card Portal (DAC&FW, GoI)",ICAR Soil Test Crop Response (STCR) Database & National Fertilizer Guidelines 2024-25
SOIL_REC_02207,Mango,2,15,30,6.94,2.26,0.21,385.7,5.1,204.6,15.1,0.4,8.05,Alluvial,Medium,Low,Medium,40.0,26.0,40.0,64.8,56.5,80.0,0.0,0.0,0.0,Phosphorus,HIGH_EC_SALINITY;ELEVATED_SALINITY,"ICAR-IISS / Soil Health Card Portal (DAC&FW, GoI)",ICAR Soil Test Crop Response (STCR) Database & National Fertilizer Guidelines 2024-25
SOIL_REC_02208,Mango,3,30,60,6.06,0.99,0.18,255.0,21.4,177.7,6.2,1.14,4.1,Alluvial,Low,Medium,Medium,50.0,20.0,40.0,108.7,0.0,66.7,125.0,0.0,0.0,Nitrogen,NONE,"ICAR-IISS / Soil Health Card Portal (DAC&FW, GoI)",ICAR Soil Test Crop Response (STCR) Database & National Fertilizer Guidelines 2024-25
SOIL_REC_02209,Mango,1,0,15,6.07,2.46,0.16,173.1,13.7,352.6,22.6,1.22,4.1,Loam,Low,Medium,High,50.0,20.0,0.0,108.7,0.0,0.0,125.0,0.0,0.0,Nitrogen,ELEVATED_SALINITY,"ICAR-IISS / Soil Health Card Portal (DAC&FW, GoI)",ICAR Soil Test Crop Response (STCR) Database & National Fertilizer Guidelines 2024-25
SOIL_REC_02210,Mango,2,15,30,8.41,0.98,0.24,244.2,23.1,135.5,9.0,0.22,10.59,Loam,Low,Medium,Low,50.0,20.0,50.0,91.7,43.5,83.3,0.0,0.0,0.0,Nitrogen,ALKALINE_PH,"ICAR-IISS / Soil Health Card Portal (DAC&FW, GoI)",ICAR Soil Test Crop Response (STCR) Database & National Fertilizer Guidelines 2024-25
SOIL_REC_02211,Mango,3,30,60,6.06,0.62,0.51,81.8,15.0,76.5,4.3,0.22,9.17,Loam,Low,Medium,Low,50.0,20.0,50.0,108.7,0.0,83.3,125.0,0.0,0.0,Nitrogen,NONE,"ICAR-IISS / Soil Health Card Portal (DAC&FW, GoI)",ICAR Soil Test Crop Response (STCR) Database & National Fertilizer Guidelines 2024-25
SOIL_REC_02212,Mango,1,0,15,6.8,2.36,0.57,187.2,22.7,184.4,27.3,0.75,10.47,Black soil,Low,Medium,Medium,50.0,20.0,40.0,91.7,43.5,80.0,0.0,0.0,0.0,Nitrogen,HIGH_EC_SALINITY;ELEVATED_SALINITY,"ICAR-IISS / Soil Health Card Portal (DAC&FW, GoI)",ICAR Soil Test Crop Response (STCR) Database & National Fertilizer Guidelines 2024-25
SOIL_REC_02213,Mango,2,15,30,8.68,1.14,0.25,115.0,30.8,242.2,4.5,0.57,3.21,Black soil,Low,High,Medium,50.0,0.0,40.0,108.7,0.0,66.7,0.0,0.0,0.0,Nitrogen,ALKALINE_PH,"ICAR-IISS / Soil Health Card Portal (DAC&FW, GoI)",ICAR Soil Test Crop Response (STCR) Database & National Fertilizer Guidelines 2024-25
SOIL_REC_02214,Mango,3,30,60,7.93,0.42,0.18,152.7,7.2,156.5,7.8,0.68,6.9,Black soil,Low,Low,Medium,50.0,26.0,40.0,86.5,56.5,66.7,0.0,0.0,0.0,Nitrogen,NONE,"ICAR-IISS / Soil Health Card Portal (DAC&FW, GoI)",ICAR Soil Test Crop Response (STCR) Database & National Fertilizer Guidelines 2024-25
SOIL_REC_02215,Mango,1,0,15,8.63,0.78,0.96,467.4,23.6,97.7,18.8,0.94,8.76,Sandy loam,Medium,Medium,Low,36.0,20.0,50.0,61.3,43.5,83.3,0.0,0.0,0.0,Potassium,ALKALINE_PH;HIGH_LEACHING_TEXTURE,"ICAR-IISS / Soil Health Card Portal (DAC&FW, GoI)",ICAR Soil Test Crop Response (STCR) Database & National Fertilizer Guidelines 2024-25
SOIL_REC_02216,Mango,2,15,30,6.56,0.93,0.19,346.9,17.7,294.4,17.3,0.9,3.73,Sandy loam,Medium,Medium,Medium,40.0,20.0,40.0,70.0,43.5,66.7,0.0,0.0,0.0,Nitrogen,HIGH_LEACHING_TEXTURE,"ICAR-IISS / Soil Health Card Portal (DAC&FW, GoI)",ICAR Soil Test Crop Response (STCR) Database & National Fertilizer Guidelines 2024-25
SOIL_REC_02217,Mango,3,30,60,6.43,2.04,0.41,148.5,3.3,103.6,17.0,0.52,6.52,Sandy loam,Low,Low,Low,50.0,26.0,50.0,86.5,56.5,100.0,0.0,0.0,0.0,Nitrogen,HIGH_EC_SALINITY;ELEVATED_SALINITY;HIGH_LEACHING_TEXTURE,"ICAR-IISS / Soil Health Card Portal (DAC&FW, GoI)",ICAR Soil Test Crop Response (STCR) Database & National Fertilizer Guidelines 2024-25
SOIL_REC_02218,Mango,1,0,15,8.23,1.91,0.96,456.6,14.6,402.2,9.6,0.86,2.62,Black soil,Medium,Medium,High,36.0,20.0,0.0,61.3,43.5,0.0,0.0,0.0,0.0,Nitrogen,ALKALINE_PH;ELEVATED_SALINITY,"ICAR-IISS / Soil Health Card Portal (DAC&FW, GoI)",ICAR Soil Test Crop Response (STCR) Database & National Fertilizer Guidelines 2024-25
SOIL_REC_02219,Mango,2,15,30,8.59,1.8,0.31,124.9,18.2,104.5,9.6,0.36,5.82,Black soil,Low,Medium,Low,50.0,20.0,50.0,91.7,43.5,83.3,0.0,0.0,0.0,Nitrogen,ALKALINE_PH,"ICAR-IISS / Soil Health Card Portal (DAC&FW, GoI)",ICAR Soil Test Crop Response (STCR) Database & National Fertilizer Guidelines 2024-25
SOIL_REC_02220,Mango,3,30,60,8.47,0.95,0.51,109.2,6.8,129.6,29.1,1.04,7.03,Black soil,Low,Low,Low,50.0,26.0,50.0,86.5,56.5,83.3,0.0,0.0,0.0,Nitrogen,ALKALINE_PH,"ICAR-IISS / Soil Health Card Portal (DAC&FW, GoI)",ICAR Soil Test Crop Response (STCR) Database & National Fertilizer Guidelines 2024-25
SOIL_REC_02221,Mango,1,0,15,8.45,2.16,0.55,466.3,39.2,307.6,9.0,1.76,10.28,Black soil,Medium,High,Medium,40.0,0.0,40.0,87.0,0.0,80.0,0.0,0.0,0.0,Nitrogen,HIGH_EC_SALINITY;ALKALINE_PH;ELEVATED_SALINITY,"ICAR-IISS / Soil Health Card Portal (DAC&FW, GoI)",ICAR Soil Test Crop Response (STCR) Database & National Fertilizer Guidelines 2024-25
SOIL_REC_02222,Mango,2,15,30,8.4,2.3,0.45,411.9,7.7,216.1,4.6,0.34,10.54,Black soil,Medium,Low,Medium,40.0,26.0,40.0,64.8,56.5,80.0,0.0,0.0,0.0,Phosphorus,HIGH_EC_SALINITY;ALKALINE_PH;ELEVATED_SALINITY,"ICAR-IISS / Soil Health Card Portal (DAC&FW, GoI)",ICAR Soil Test Crop Response (STCR) Database & National Fertilizer Guidelines 2024-25
SOIL_REC_02223,Mango,3,30,60,7.55,1.67,0.16,234.3,3.9,75.4,19.7,0.91,5.03,Black soil,Low,Low,Low,50.0,26.0,50.0,86.5,56.5,83.3,0.0,0.0,0.0,Nitrogen,NONE,"ICAR-IISS / Soil Health Card Portal (DAC&FW, GoI)",ICAR Soil Test Crop Response (STCR) Database & National Fertilizer Guidelines 2024-25
SOIL_REC_02224,Mango,1,0,15,5.76,1.49,0.36,292.7,38.8,376.6,18.0,0.82,4.93,Clay loam,Medium,High,High,40.0,0.0,0.0,87.0,0.0,0.0,0.0,0.0,0.0,Nitrogen,ACIDIC_PH,"ICAR-IISS / Soil Health Card Portal (DAC&FW, GoI)",ICAR Soil Test Crop Response (STCR) Database & National Fertilizer Guidelines 2024-25
SOIL_REC_02225,Mango,2,15,30,7.38,2.79,0.23,417.8,28.8,167.3,10.3,1.55,3.8,Clay loam,Medium,High,Medium,40.0,0.0,40.0,87.0,0.0,80.0,0.0,0.0,0.0,Nitrogen,HIGH_EC_SALINITY;ELEVATED_SALINITY,"ICAR-IISS / Soil Health Card Portal (DAC&FW, GoI)",ICAR Soil Test Crop Response (STCR) Database & National Fertilizer Guidelines 2024-25
SOIL_REC_02226,Mango,3,30,60,7.35,0.31,0.4,103.2,13.8,177.1,11.5,1.24,11.8,Clay loam,Low,Medium,Medium,50.0,20.0,40.0,91.7,43.5,66.7,0.0,0.0,0.0,Nitrogen,NONE,"ICAR-IISS / Soil Health Card Portal (DAC&FW, GoI)",ICAR Soil Test Crop Response (STCR) Database & National Fertilizer Guidelines 2024-25
SOIL_REC_02227,Mango,1,0,15,7.47,0.79,0.98,432.9,19.1,357.1,11.5,0.35,9.4,Sandy loam,Medium,Medium,High,36.0,20.0,0.0,61.3,43.5,0.0,0.0,0.0,0.0,Nitrogen,HIGH_LEACHING_TEXTURE,"ICAR-IISS / Soil Health Card Portal (DAC&FW, GoI)",ICAR Soil Test Crop Response (STCR) Database & National Fertilizer Guidelines 2024-25
SOIL_REC_02228,Mango,2,15,30,6.27,2.23,0.54,403.2,5.5,278.4,17.4,0.32,8.88,Sandy loam,Medium,Low,Medium,40.0,26.0,40.0,64.8,56.5,80.0,0.0,0.0,0.0,Phosphorus,HIGH_EC_SALINITY;ELEVATED_SALINITY;HIGH_LEACHING_TEXTURE,"ICAR-IISS / Soil Health Card Portal (DAC&FW, GoI)",ICAR Soil Test Crop Response (STCR) Database & National Fertilizer Guidelines 2024-25
SOIL_REC_02229,Mango,3,30,60,5.66,1.47,0.38,162.6,5.0,85.0,18.1,1.65,4.99,Sandy loam,Low,Low,Low,50.0,26.0,50.0,108.7,0.0,83.3,162.5,0.0,0.0,Nitrogen,ACIDIC_PH;HIGH_LEACHING_TEXTURE,"ICAR-IISS / Soil Health Card Portal (DAC&FW, GoI)",ICAR Soil Test Crop Response (STCR) Database & National Fertilizer Guidelines 2024-25
SOIL_REC_02230,Mango,1,0,15,7.01,1.23,0.51,391.1,25.0,324.7,28.0,1.61,4.94,Loam,Medium,Medium,Medium,40.0,20.0,40.0,70.0,43.5,66.7,0.0,0.0,0.0,Nitrogen,NONE,"ICAR-IISS / Soil Health Card Portal (DAC&FW, GoI)",ICAR Soil Test Crop Response (STCR) Database & National Fertilizer Guidelines 2024-25
SOIL_REC_02231,Mango,2,15,30,6.87,1.42,0.6,235.4,11.9,216.9,26.7,1.74,3.14,Loam,Low,Medium,Medium,50.0,20.0,40.0,91.7,43.5,66.7,0.0,0.0,0.0,Nitrogen,NONE,"ICAR-IISS / Soil Health Card Portal (DAC&FW, GoI)",ICAR Soil Test Crop Response (STCR) Database & National Fertilizer Guidelines 2024-25
SOIL_REC_02232,Mango,3,30,60,7.68,2.49,0.12,153.2,13.9,154.6,4.9,0.3,6.8,Loam,Low,Medium,Medium,50.0,20.0,40.0,91.7,43.5,80.0,0.0,0.0,0.0,Nitrogen,HIGH_EC_SALINITY;ELEVATED_SALINITY,"ICAR-IISS / Soil Health Card Portal (DAC&FW, GoI)",ICAR Soil Test Crop Response (STCR) Database & National Fertilizer Guidelines 2024-25
SOIL_REC_02233,Mango,1,0,15,6.05,2.39,0.16,378.5,20.0,341.1,22.2,1.54,6.16,Red soil,Medium,Medium,High,40.0,20.0,0.0,87.0,0.0,0.0,125.0,0.0,0.0,Nitrogen,ELEVATED_SALINITY,"ICAR-IISS / Soil Health Card Portal (DAC&FW, GoI)",ICAR Soil Test Crop Response (STCR) Database & National Fertilizer Guidelines 2024-25
SOIL_REC_02234,Mango,2,15,30,6.46,0.81,0.41,420.9,5.5,310.3,10.4,0.6,5.04,Red soil,Medium,Low,Medium,40.0,26.0,40.0,64.8,56.5,66.7,0.0,0.0,0.0,Phosphorus,NONE,"ICAR-IISS / Soil Health Card Portal (DAC&FW, GoI)",ICAR Soil Test Crop Response (STCR) Database & National Fertilizer Guidelines 2024-25
SOIL_REC_02235,Mango,3,30,60,6.9,1.52,0.18,159.1,16.5,164.9,4.6,0.85,9.16,Red soil,Low,Medium,Medium,50.0,20.0,40.0,91.7,43.5,66.7,0.0,0.0,0.0,Nitrogen,NONE,"ICAR-IISS / Soil Health Card Portal (DAC&FW, GoI)",ICAR Soil Test Crop Response (STCR) Database & National Fertilizer Guidelines 2024-25
SOIL_REC_02236,Mango,1,0,15,7.31,0.55,0.85,330.3,43.3,261.1,20.1,0.65,3.27,Sandy loam,Medium,High,Medium,36.0,0.0,40.0,78.3,0.0,66.7,0.0,0.0,0.0,Nitrogen,HIGH_LEACHING_TEXTURE,"ICAR-IISS / Soil Health Card Portal (DAC&FW, GoI)",ICAR Soil Test Crop Response (STCR) Database & National Fertilizer Guidelines 2024-25
SOIL_REC_02237,Mango,2,15,30,5.55,1.53,0.47,280.2,14.9,203.1,13.2,1.16,10.35,Sandy loam,Medium,Medium,Medium,40.0,20.0,40.0,87.0,0.0,66.7,125.0,0.0,0.0,Nitrogen,ACIDIC_PH;HIGH_LEACHING_TEXTURE,"ICAR-IISS / Soil Health Card Portal (DAC&FW, GoI)",ICAR Soil Test Crop Response (STCR) Database & National Fertilizer Guidelines 2024-25
SOIL_REC_02238,Mango,3,30,60,6.78,2.15,0.35,111.1,17.3,75.4,18.4,1.19,10.55,Sandy loam,Low,Medium,Low,50.0,20.0,50.0,91.7,43.5,100.0,0.0,0.0,0.0,Nitrogen,HIGH_EC_SALINITY;ELEVATED_SALINITY;HIGH_LEACHING_TEXTURE,"ICAR-IISS / Soil Health Card Portal (DAC&FW, GoI)",ICAR Soil Test Crop Response (STCR) Database & National Fertilizer Guidelines 2024-25
SOIL_REC_02239,Mango,1,0,15,8.76,0.26,0.95,519.4,32.8,395.3,27.6,1.22,7.92,Black soil,Medium,High,High,36.0,0.0,0.0,78.3,0.0,0.0,0.0,0.0,0.0,Nitrogen,ALKALINE_PH,"ICAR-IISS / Soil Health Card Portal (DAC&FW, GoI)",ICAR Soil Test Crop Response (STCR) Database & National Fertilizer Guidelines 2024-25
SOIL_REC_02240,Mango,2,15,30,5.96,0.51,0.44,188.4,31.5,181.6,23.6,0.32,10.71,Black soil,Low,High,Medium,50.0,0.0,40.0,108.7,0.0,66.7,0.0,0.0,0.0,Nitrogen,ACIDIC_PH,"ICAR-IISS / Soil Health Card Portal (DAC&FW, GoI)",ICAR Soil Test Crop Response (STCR) Database & National Fertilizer Guidelines 2024-25
SOIL_REC_02241,Mango,3,30,60,7.75,1.35,0.27,111.5,20.6,182.3,15.3,0.46,11.34,Black soil,Low,Medium,Medium,50.0,20.0,40.0,91.7,43.5,66.7,0.0,0.0,0.0,Nitrogen,NONE,"ICAR-IISS / Soil Health Card Portal (DAC&FW, GoI)",ICAR Soil Test Crop Response (STCR) Database & National Fertilizer Guidelines 2024-25
SOIL_REC_02242,Mango,1,0,15,8.46,0.24,0.33,524.8,30.4,366.0,18.3,1.19,8.89,Red soil,Medium,High,High,40.0,0.0,0.0,87.0,0.0,0.0,0.0,0.0,0.0,Nitrogen,ALKALINE_PH,"ICAR-IISS / Soil Health Card Portal (DAC&FW, GoI)",ICAR Soil Test Crop Response (STCR) Database & National Fertilizer Guidelines 2024-25
SOIL_REC_02243,Mango,2,15,30,7.37,1.59,0.23,135.0,9.3,257.2,31.0,1.43,9.84,Red soil,Low,Low,Medium,50.0,26.0,40.0,86.5,56.5,66.7,0.0,0.0,0.0,Nitrogen,NONE,"ICAR-IISS / Soil Health Card Portal (DAC&FW, GoI)",ICAR Soil Test Crop Response (STCR) Database & National Fertilizer Guidelines 2024-25
SOIL_REC_02244,Mango,3,30,60,6.27,0.44,0.43,290.5,14.2,193.0,12.6,0.62,6.35,Red soil,Medium,Medium,Medium,40.0,20.0,40.0,70.0,43.5,66.7,0.0,0.0,0.0,Nitrogen,NONE,"ICAR-IISS / Soil Health Card Portal (DAC&FW, GoI)",ICAR Soil Test Crop Response (STCR) Database & National Fertilizer Guidelines 2024-25
SOIL_REC_02245,Mango,1,0,15,6.02,0.74,0.81,387.8,46.1,174.4,28.8,1.28,4.76,Clay loam,Medium,High,Medium,36.0,0.0,40.0,78.3,0.0,66.7,0.0,0.0,0.0,Nitrogen,NONE,"ICAR-IISS / Soil Health Card Portal (DAC&FW, GoI)",ICAR Soil Test Crop Response (STCR) Database & National Fertilizer Guidelines 2024-25
SOIL_REC_02246,Mango,2,15,30,6.58,1.99,0.57,349.6,8.1,164.4,19.8,1.77,6.77,Clay loam,Medium,Low,Medium,40.0,26.0,40.0,64.8,56.5,66.7,0.0,0.0,0.0,Phosphorus,ELEVATED_SALINITY,"ICAR-IISS / Soil Health Card Portal (DAC&FW, GoI)",ICAR Soil Test Crop Response (STCR) Database & National Fertilizer Guidelines 2024-25
SOIL_REC_02247,Mango,3,30,60,8.78,1.76,0.11,145.0,14.3,79.2,14.3,1.79,7.54,Clay loam,Low,Medium,Low,50.0,20.0,50.0,91.7,43.5,83.3,0.0,0.0,0.0,Nitrogen,ALKALINE_PH,"ICAR-IISS / Soil Health Card Portal (DAC&FW, GoI)",ICAR Soil Test Crop Response (STCR) Database & National Fertilizer Guidelines 2024-25
SOIL_REC_02248,Mango,1,0,15,6.27,2.57,0.86,259.0,39.0,382.2,23.5,1.45,9.09,Clay loam,Low,High,High,46.0,0.0,0.0,100.0,0.0,0.0,0.0,0.0,0.0,Nitrogen,ELEVATED_SALINITY,"ICAR-IISS / Soil Health Card Portal (DAC&FW, GoI)",ICAR Soil Test Crop Response (STCR) Database & National Fertilizer Guidelines 2024-25
SOIL_REC_02249,Mango,2,15,30,8.21,0.4,0.63,131.9,19.4,299.7,4.2,1.21,11.56,Clay loam,Low,Medium,Medium,50.0,20.0,40.0,91.7,43.5,66.7,0.0,0.0,0.0,Nitrogen,ALKALINE_PH,"ICAR-IISS / Soil Health Card Portal (DAC&FW, GoI)",ICAR Soil Test Crop Response (STCR) Database & National Fertilizer Guidelines 2024-25
SOIL_REC_02250,Mango,3,30,60,6.39,0.78,0.13,280.8,14.1,200.5,25.2,1.67,3.48,Clay loam,Medium,Medium,Medium,40.0,20.0,40.0,70.0,43.5,66.7,0.0,0.0,0.0,Nitrogen,NONE,"ICAR-IISS / Soil Health Card Portal (DAC&FW, GoI)",ICAR Soil Test Crop Response (STCR) Database & National Fertilizer Guidelines 2024-25
